{"v":"5.12.1","fr":30,"ip":0,"op":300,"w":1080,"h":1920,"nm":"animated_word_4","ddd":0,"assets":[{"id":"a_1","w":1920,"h":1920,"u":"images/","p":"a_1.png","e":0},{"id":"audio_0","u":"images/","p":"Swoosh_Transition_10.wav","e":0,"t":2},{"id":"comp_0","nm":"Text 01 T01","fr":30,"layers":[{"ddd":0,"ind":1,"ty":5,"nm":"title_line_1","sr":1,"ks":{"o":{"a":0,"k":100,"ix":11},"r":{"a":0,"k":0,"ix":10},"p":{"a":0,"k":[1622.941,630.678,0],"ix":2,"l":2},"a":{"a":0,"k":[0,0,0],"ix":1,"l":2},"s":{"a":0,"k":[100,100,100],"ix":6,"l":2}},"ao":0,"t":{"d":{"k":[{"s":{"s":250,"f":"DelaGothicOne-Regular","t":"1234","ca":1,"j":2,"tr":-56,"lh":271,"ls":0,"fc":[1,1,1]},"t":0}]},"p":{},"m":{"g":1,"a":{"a":0,"k":[0,0],"ix":2}},"a":[]},"ip":0,"op":450,"st":0,"ct":1,"bm":0}]},{"id":"comp_1","nm":"full_image_slow_pan_left_storytelling","fr":60,"layers":[{"ddd":0,"ind":1,"ty":6,"nm":"Swoosh_Transition_10.wav","cl":"wav","refId":"audio_0","sr":1,"ip":10.25,"op":44,"st":10.25,"bm":0},{"ddd":0,"ind":2,"ty":0,"nm":"a_1","refId":"comp_2","sr":1,"ks":{"o":{"a":0,"k":100,"ix":11},"r":{"a":0,"k":0,"ix":10},"p":{"a":1,"k":[{"i":{"x":0.05,"y":1},"o":{"x":0.5,"y":0},"t":0,"s":[960,960,0],"to":[0,0,0],"ti":[0,0,0]},{"t":45,"s":[540,960,0]}],"ix":2,"l":2},"a":{"a":0,"k":[960,960,0],"ix":1,"l":2},"s":{"a":0,"k":[100,100,100],"ix":6,"l":2}},"ao":0,"w":1920,"h":1920,"ip":0,"op":300,"st":0,"bm":0}]},{"id":"comp_2","nm":"a_1","fr":60,"layers":[{"ddd":0,"ind":1,"ty":2,"nm":"a_1","refId":"a_1","sr":1,"ks":{"o":{"a":0,"k":100,"ix":11},"r":{"a":0,"k":0,"ix":10},"p":{"a":0,"k":[960,960,0],"ix":2,"l":2},"a":{"a":0,"k":[960,960,0],"ix":1,"l":2},"s":{"a":0,"k":[100,100,100],"ix":6,"l":2}},"ao":0,"ip":0,"op":450,"st":0,"bm":0}]}],"fonts":{"list":[{"origin":0,"fPath":"","fClass":"","fFamily":"Dela Gothic One","fWeight":"","fStyle":"Regular","fName":"DelaGothicOne-Regular","ascent":81.8488648161292}]},"layers":[{"ddd":0,"ind":2,"ty":3,"nm":"Null 3","sr":1,"ks":{"o":{"a":0,"k":0,"ix":11},"r":{"a":0,"k":0,"ix":10},"p":{"a":1,"k":[{"i":{"x":0.95,"y":1},"o":{"x":1,"y":0},"t":434,"s":[568,800,0],"to":[0,363.167,0],"ti":[0,-363.167,0]},{"t":449,"s":[568,2979,0]}],"ix":2,"l":2},"a":{"a":0,"k":[50,50,0],"ix":1,"l":2},"s":{"a":1,"k":[{"i":{"x":[0.19,0.19,0.667],"y":[1,1,1]},"o":{"x":[0.807,0.807,0.333],"y":[0,0,0]},"t":15,"s":[100,100,100]},{"t":21,"s":[80,80,100]}],"ix":6,"l":2}},"ao":0,"ip":0,"op":450,"st":0,"bm":0},{"ddd":0,"ind":3,"ty":3,"nm":"NULL Text 01 T01","parent":2,"sr":1,"ks":{"o":{"a":0,"k":0,"ix":11},"r":{"a":0,"k":0,"ix":10},"p":{"a":1,"k":[{"i":{"x":0.284,"y":1},"o":{"x":0.333,"y":0},"t":0,"s":[-1585,-804.714,0],"to":[0,197.333,0],"ti":[0,-197.333,0]},{"t":15,"s":[-1585,379.286,0]}],"ix":2,"l":2},"a":{"a":0,"k":[50,50,0],"ix":1,"l":2},"s":{"a":0,"k":[100,100,100],"ix":6,"l":2}},"ao":0,"ip":0,"op":450,"st":0,"bm":0},{"ddd":0,"ind":4,"ty":0,"nm":"Text 01 T01","parent":3,"refId":"comp_0","sr":1,"ks":{"o":{"a":1,"k":[{"i":{"x":[0.833],"y":[0.833]},"o":{"x":[0.167],"y":[0.167]},"t":27,"s":[0]},{"t":34.5,"s":[100]}],"ix":11},"r":{"a":0,"k":0,"ix":10},"p":{"a":0,"k":[50,-836.234,0],"ix":2,"l":2},"a":{"a":0,"k":[0,650,0],"ix":1,"l":2},"s":{"a":0,"k":[100,100,100],"ix":6,"l":2}},"ao":0,"ef":[{"ty":5,"nm":"Offset","np":4,"mn":"ADBE Offset","ix":1,"en":1,"ef":[{"ty":3,"nm":"Shift Center To","mn":"ADBE Offset-0001","ix":1,"v":{"a":0,"k":[1635,325],"ix":1}},{"ty":0,"nm":"Blend With Original","mn":"ADBE Offset-0002","ix":2,"v":{"a":0,"k":0,"ix":2}}]},{"ty":21,"nm":"Fill","np":9,"mn":"ADBE Fill","ix":2,"en":1,"ef":[{"ty":10,"nm":"Fill Mask","mn":"ADBE Fill-0001","ix":1,"v":{"a":0,"k":0,"ix":1}},{"ty":7,"nm":"All Masks","mn":"ADBE Fill-0007","ix":2,"v":{"a":0,"k":0,"ix":2}},{"ty":2,"nm":"Color","mn":"ADBE Fill-0002","ix":3,"v":{"k":[{"s":[1,1,1,1],"t":27,"i":{"x":[1],"y":[1]},"o":{"x":[0],"y":[0]}},{"s":[1,1,1,1],"t":299,"i":{"x":[1],"y":[1]},"o":{"x":[0],"y":[0]}}]}},{"ty":7,"nm":"Invert","mn":"ADBE Fill-0006","ix":4,"v":{"a":0,"k":0,"ix":4}},{"ty":0,"nm":"Horizontal Feather","mn":"ADBE Fill-0003","ix":5,"v":{"a":0,"k":0,"ix":5}},{"ty":0,"nm":"Vertical Feather","mn":"ADBE Fill-0004","ix":6,"v":{"a":0,"k":0,"ix":6}},{"ty":0,"nm":"Opacity","mn":"ADBE Fill-0005","ix":7,"v":{"a":0,"k":1,"ix":7}}]}],"w":3270,"h":650,"ip":27,"op":477,"st":27,"bm":0},{"ddd":0,"ind":5,"ty":0,"nm":"Text 01 T01","parent":3,"refId":"comp_0","sr":1,"ks":{"o":{"a":1,"k":[{"i":{"x":[0.833],"y":[0.833]},"o":{"x":[0.167],"y":[0.167]},"t":24,"s":[0]},{"t":30.5,"s":[100]}],"ix":11},"r":{"a":0,"k":0,"ix":10},"p":{"a":0,"k":[50,-527.143,0],"ix":2,"l":2},"a":{"a":0,"k":[0,650,0],"ix":1,"l":2},"s":{"a":0,"k":[100,100,100],"ix":6,"l":2}},"ao":0,"ef":[{"ty":5,"nm":"Offset","np":4,"mn":"ADBE Offset","ix":1,"en":1,"ef":[{"ty":3,"nm":"Shift Center To","mn":"ADBE Offset-0001","ix":1,"v":{"a":0,"k":[1635,325],"ix":1}},{"ty":0,"nm":"Blend With Original","mn":"ADBE Offset-0002","ix":2,"v":{"a":0,"k":0,"ix":2}}]},{"ty":21,"nm":"Fill","np":9,"mn":"ADBE Fill","ix":2,"en":1,"ef":[{"ty":10,"nm":"Fill Mask","mn":"ADBE Fill-0001","ix":1,"v":{"a":0,"k":0,"ix":1}},{"ty":7,"nm":"All Masks","mn":"ADBE Fill-0007","ix":2,"v":{"a":0,"k":0,"ix":2}},{"ty":2,"nm":"Color","mn":"ADBE Fill-0002","ix":3,"v":{"k":[{"s":[1,1,1,1],"t":24,"i":{"x":[1],"y":[1]},"o":{"x":[0],"y":[0]}},{"s":[1,1,1,1],"t":299,"i":{"x":[1],"y":[1]},"o":{"x":[0],"y":[0]}}]}},{"ty":7,"nm":"Invert","mn":"ADBE Fill-0006","ix":4,"v":{"a":0,"k":0,"ix":4}},{"ty":0,"nm":"Horizontal Feather","mn":"ADBE Fill-0003","ix":5,"v":{"a":0,"k":0,"ix":5}},{"ty":0,"nm":"Vertical Feather","mn":"ADBE Fill-0004","ix":6,"v":{"a":0,"k":0,"ix":6}},{"ty":0,"nm":"Opacity","mn":"ADBE Fill-0005","ix":7,"v":{"a":0,"k":1,"ix":7}}]}],"w":3270,"h":650,"ip":24,"op":474,"st":24,"bm":0},{"ddd":0,"ind":6,"ty":0,"nm":"Text 01 T01","parent":3,"refId":"comp_0","sr":1,"ks":{"o":{"a":1,"k":[{"i":{"x":[0.833],"y":[0.833]},"o":{"x":[0.167],"y":[0.167]},"t":21,"s":[0]},{"t":27.5,"s":[100]}],"ix":11},"r":{"a":0,"k":0,"ix":10},"p":{"a":0,"k":[50,-241.429,0],"ix":2,"l":2},"a":{"a":0,"k":[0,650,0],"ix":1,"l":2},"s":{"a":0,"k":[100,100,100],"ix":6,"l":2}},"ao":0,"ef":[{"ty":5,"nm":"Offset","np":4,"mn":"ADBE Offset","ix":1,"en":1,"ef":[{"ty":3,"nm":"Shift Center To","mn":"ADBE Offset-0001","ix":1,"v":{"a":0,"k":[1635,325],"ix":1}},{"ty":0,"nm":"Blend With Original","mn":"ADBE Offset-0002","ix":2,"v":{"a":0,"k":0,"ix":2}}]},{"ty":21,"nm":"Fill","np":9,"mn":"ADBE Fill","ix":2,"en":1,"ef":[{"ty":10,"nm":"Fill Mask","mn":"ADBE Fill-0001","ix":1,"v":{"a":0,"k":0,"ix":1}},{"ty":7,"nm":"All Masks","mn":"ADBE Fill-0007","ix":2,"v":{"a":0,"k":0,"ix":2}},{"ty":2,"nm":"Color","mn":"ADBE Fill-0002","ix":3,"v":{"k":[{"s":[1,1,1,1],"t":21,"i":{"x":[1],"y":[1]},"o":{"x":[0],"y":[0]}},{"s":[1,1,1,1],"t":299,"i":{"x":[1],"y":[1]},"o":{"x":[0],"y":[0]}}]}},{"ty":7,"nm":"Invert","mn":"ADBE Fill-0006","ix":4,"v":{"a":0,"k":0,"ix":4}},{"ty":0,"nm":"Horizontal Feather","mn":"ADBE Fill-0003","ix":5,"v":{"a":0,"k":0,"ix":5}},{"ty":0,"nm":"Vertical Feather","mn":"ADBE Fill-0004","ix":6,"v":{"a":0,"k":0,"ix":6}},{"ty":0,"nm":"Opacity","mn":"ADBE Fill-0005","ix":7,"v":{"a":0,"k":1,"ix":7}}]}],"w":3270,"h":650,"ip":21,"op":471,"st":21,"bm":0},{"ddd":0,"ind":7,"ty":0,"nm":"Text 01 T01","parent":3,"refId":"comp_0","sr":1,"ks":{"o":{"a":0,"k":100,"ix":11},"r":{"a":0,"k":0,"ix":10},"p":{"a":0,"k":[50,50,0],"ix":2,"l":2},"a":{"a":0,"k":[0,650,0],"ix":1,"l":2},"s":{"a":0,"k":[100,100,100],"ix":6,"l":2}},"ao":0,"ef":[{"ty":5,"nm":"Offset","np":4,"mn":"ADBE Offset","ix":1,"en":1,"ef":[{"ty":3,"nm":"Shift Center To","mn":"ADBE Offset-0001","ix":1,"v":{"a":0,"k":[1635,325],"ix":1}},{"ty":0,"nm":"Blend With Original","mn":"ADBE Offset-0002","ix":2,"v":{"a":0,"k":0,"ix":2}}]},{"ty":5,"nm":"Fast Blur (Legacy)","np":5,"mn":"ADBE Fast Blur","ix":2,"en":1,"ef":[{"ty":0,"nm":"Blurriness","mn":"ADBE Fast Blur-0001","ix":1,"v":{"a":1,"k":[{"i":{"x":[0.833],"y":[0.833]},"o":{"x":[0.167],"y":[0.167]},"t":15,"s":[0]},{"i":{"x":[0.833],"y":[0.833]},"o":{"x":[0.167],"y":[0.167]},"t":21,"s":[98]},{"t":30,"s":[0]}],"ix":1}},{"ty":7,"nm":"Blur Dimensions","mn":"ADBE Fast Blur-0002","ix":2,"v":{"a":0,"k":1,"ix":2}},{"ty":7,"nm":"Repeat Edge Pixels","mn":"ADBE Fast Blur-0003","ix":3,"v":{"a":0,"k":0,"ix":3}}]},{"ty":21,"nm":"Fill","np":9,"mn":"ADBE Fill","ix":3,"en":1,"ef":[{"ty":10,"nm":"Fill Mask","mn":"ADBE Fill-0001","ix":1,"v":{"a":0,"k":0,"ix":1}},{"ty":7,"nm":"All Masks","mn":"ADBE Fill-0007","ix":2,"v":{"a":0,"k":0,"ix":2}},{"ty":2,"nm":"Color","mn":"ADBE Fill-0002","ix":3,"v":{"k":[{"s":[1,1,1,1],"t":0,"i":{"x":[1],"y":[1]},"o":{"x":[0],"y":[0]}},{"s":[1,1,1,1],"t":299,"i":{"x":[1],"y":[1]},"o":{"x":[0],"y":[0]}}]}},{"ty":7,"nm":"Invert","mn":"ADBE Fill-0006","ix":4,"v":{"a":0,"k":0,"ix":4}},{"ty":0,"nm":"Horizontal Feather","mn":"ADBE Fill-0003","ix":5,"v":{"a":0,"k":0,"ix":5}},{"ty":0,"nm":"Vertical Feather","mn":"ADBE Fill-0004","ix":6,"v":{"a":0,"k":0,"ix":6}},{"ty":0,"nm":"Opacity","mn":"ADBE Fill-0005","ix":7,"v":{"a":0,"k":1,"ix":7}}]}],"w":3270,"h":650,"ip":0,"op":450,"st":0,"bm":0},{"ddd":0,"ind":8,"ty":0,"nm":"Text 01 T01","parent":3,"refId":"comp_0","sr":1,"ks":{"o":{"a":1,"k":[{"i":{"x":[0.833],"y":[0.833]},"o":{"x":[0.167],"y":[0.167]},"t":21,"s":[0]},{"t":27.5,"s":[100]}],"ix":11},"r":{"a":0,"k":0,"ix":10},"p":{"a":0,"k":[50,341.429,0],"ix":2,"l":2},"a":{"a":0,"k":[0,650,0],"ix":1,"l":2},"s":{"a":0,"k":[100,100,100],"ix":6,"l":2}},"ao":0,"ef":[{"ty":5,"nm":"Offset","np":4,"mn":"ADBE Offset","ix":1,"en":1,"ef":[{"ty":3,"nm":"Shift Center To","mn":"ADBE Offset-0001","ix":1,"v":{"a":0,"k":[1635,325],"ix":1}},{"ty":0,"nm":"Blend With Original","mn":"ADBE Offset-0002","ix":2,"v":{"a":0,"k":0,"ix":2}}]},{"ty":21,"nm":"Fill","np":9,"mn":"ADBE Fill","ix":2,"en":1,"ef":[{"ty":10,"nm":"Fill Mask","mn":"ADBE Fill-0001","ix":1,"v":{"a":0,"k":0,"ix":1}},{"ty":7,"nm":"All Masks","mn":"ADBE Fill-0007","ix":2,"v":{"a":0,"k":0,"ix":2}},{"ty":2,"nm":"Color","mn":"ADBE Fill-0002","ix":3,"v":{"k":[{"s":[1,1,1,1],"t":21,"i":{"x":[1],"y":[1]},"o":{"x":[0],"y":[0]}},{"s":[1,1,1,1],"t":299,"i":{"x":[1],"y":[1]},"o":{"x":[0],"y":[0]}}]}},{"ty":7,"nm":"Invert","mn":"ADBE Fill-0006","ix":4,"v":{"a":0,"k":0,"ix":4}},{"ty":0,"nm":"Horizontal Feather","mn":"ADBE Fill-0003","ix":5,"v":{"a":0,"k":0,"ix":5}},{"ty":0,"nm":"Vertical Feather","mn":"ADBE Fill-0004","ix":6,"v":{"a":0,"k":0,"ix":6}},{"ty":0,"nm":"Opacity","mn":"ADBE Fill-0005","ix":7,"v":{"a":0,"k":1,"ix":7}}]}],"w":3270,"h":650,"ip":21,"op":471,"st":21,"bm":0},{"ddd":0,"ind":9,"ty":0,"nm":"Text 01 T01","parent":3,"refId":"comp_0","sr":1,"ks":{"o":{"a":1,"k":[{"i":{"x":[0.833],"y":[0.833]},"o":{"x":[0.167],"y":[0.167]},"t":24,"s":[0]},{"t":30.5,"s":[100]}],"ix":11},"r":{"a":0,"k":0,"ix":10},"p":{"a":0,"k":[50,627.143,0],"ix":2,"l":2},"a":{"a":0,"k":[0,650,0],"ix":1,"l":2},"s":{"a":0,"k":[100,100,100],"ix":6,"l":2}},"ao":0,"ef":[{"ty":5,"nm":"Offset","np":4,"mn":"ADBE Offset","ix":1,"en":1,"ef":[{"ty":3,"nm":"Shift Center To","mn":"ADBE Offset-0001","ix":1,"v":{"a":0,"k":[1635,325],"ix":1}},{"ty":0,"nm":"Blend With Original","mn":"ADBE Offset-0002","ix":2,"v":{"a":0,"k":0,"ix":2}}]},{"ty":21,"nm":"Fill","np":9,"mn":"ADBE Fill","ix":2,"en":1,"ef":[{"ty":10,"nm":"Fill Mask","mn":"ADBE Fill-0001","ix":1,"v":{"a":0,"k":0,"ix":1}},{"ty":7,"nm":"All Masks","mn":"ADBE Fill-0007","ix":2,"v":{"a":0,"k":0,"ix":2}},{"ty":2,"nm":"Color","mn":"ADBE Fill-0002","ix":3,"v":{"k":[{"s":[1,1,1,1],"t":24,"i":{"x":[1],"y":[1]},"o":{"x":[0],"y":[0]}},{"s":[1,1,1,1],"t":299,"i":{"x":[1],"y":[1]},"o":{"x":[0],"y":[0]}}]}},{"ty":7,"nm":"Invert","mn":"ADBE Fill-0006","ix":4,"v":{"a":0,"k":0,"ix":4}},{"ty":0,"nm":"Horizontal Feather","mn":"ADBE Fill-0003","ix":5,"v":{"a":0,"k":0,"ix":5}},{"ty":0,"nm":"Vertical Feather","mn":"ADBE Fill-0004","ix":6,"v":{"a":0,"k":0,"ix":6}},{"ty":0,"nm":"Opacity","mn":"ADBE Fill-0005","ix":7,"v":{"a":0,"k":1,"ix":7}}]}],"w":3270,"h":650,"ip":24,"op":474,"st":24,"bm":0},{"ddd":0,"ind":10,"ty":0,"nm":"Text 01 T01","parent":3,"refId":"comp_0","sr":1,"ks":{"o":{"a":1,"k":[{"i":{"x":[0.833],"y":[0.833]},"o":{"x":[0.167],"y":[0.167]},"t":27,"s":[0]},{"t":34.5,"s":[100]}],"ix":11},"r":{"a":0,"k":0,"ix":10},"p":{"a":0,"k":[50,927.143,0],"ix":2,"l":2},"a":{"a":0,"k":[0,650,0],"ix":1,"l":2},"s":{"a":0,"k":[100,100,100],"ix":6,"l":2}},"ao":0,"ef":[{"ty":5,"nm":"Offset","np":4,"mn":"ADBE Offset","ix":1,"en":1,"ef":[{"ty":3,"nm":"Shift Center To","mn":"ADBE Offset-0001","ix":1,"v":{"a":0,"k":[1635,325],"ix":1}},{"ty":0,"nm":"Blend With Original","mn":"ADBE Offset-0002","ix":2,"v":{"a":0,"k":0,"ix":2}}]},{"ty":21,"nm":"Fill","np":9,"mn":"ADBE Fill","ix":2,"en":1,"ef":[{"ty":10,"nm":"Fill Mask","mn":"ADBE Fill-0001","ix":1,"v":{"a":0,"k":0,"ix":1}},{"ty":7,"nm":"All Masks","mn":"ADBE Fill-0007","ix":2,"v":{"a":0,"k":0,"ix":2}},{"ty":2,"nm":"Color","mn":"ADBE Fill-0002","ix":3,"v":{"k":[{"s":[1,1,1,1],"t":27,"i":{"x":[1],"y":[1]},"o":{"x":[0],"y":[0]}},{"s":[1,1,1,1],"t":299,"i":{"x":[1],"y":[1]},"o":{"x":[0],"y":[0]}}]}},{"ty":7,"nm":"Invert","mn":"ADBE Fill-0006","ix":4,"v":{"a":0,"k":0,"ix":4}},{"ty":0,"nm":"Horizontal Feather","mn":"ADBE Fill-0003","ix":5,"v":{"a":0,"k":0,"ix":5}},{"ty":0,"nm":"Vertical Feather","mn":"ADBE Fill-0004","ix":6,"v":{"a":0,"k":0,"ix":6}},{"ty":0,"nm":"Opacity","mn":"ADBE Fill-0005","ix":7,"v":{"a":0,"k":1,"ix":7}}]}],"w":3270,"h":650,"ip":27,"op":477,"st":27,"bm":0},{"ddd":0,"ind":12,"ty":0,"nm":"full_image_slow_pan_left_storytelling","refId":"comp_1","sr":1,"ks":{"o":{"a":0,"k":100,"ix":11},"r":{"a":0,"k":0,"ix":10},"p":{"a":0,"k":[540,960,0],"ix":2,"l":2},"a":{"a":0,"k":[540,960,0],"ix":1,"l":2},"s":{"a":0,"k":[100,100,100],"ix":6,"l":2}},"ao":0,"w":1080,"h":1920,"ip":0,"op":300,"st":0,"bm":0}],"markers":[],"props":{}}