{"v":"5.12.1","fr":60,"ip":0,"op":600,"w":1080,"h":1920,"nm":"animated_title_11","ddd":0,"assets":[{"id":"a_1","w":1920,"h":1920,"u":"images/","p":"a_1.png","e":0},{"id":"audio_0","u":"images/","p":"Swoosh_Transition_11.wav","e":0,"t":2},{"id":"comp_0","nm":"full_image_add_vignettes","fr":60,"layers":[{"ddd":0,"ind":1,"ty":6,"nm":"Swoosh Transition 11.wav","cl":"wav","refId":"audio_0","sr":0.5,"ip":0,"op":33.75,"st":0,"bm":0},{"ddd":0,"ind":2,"ty":1,"nm":"Black Solid 7","sr":1,"ks":{"o":{"a":0,"k":100,"ix":11},"r":{"a":0,"k":0,"ix":10},"p":{"a":0,"k":[540,960,0],"ix":2,"l":2},"a":{"a":0,"k":[540,960,0],"ix":1,"l":2},"s":{"a":0,"k":[100,100,100],"ix":6,"l":2}},"ao":0,"hasMask":true,"masksProperties":[{"inv":false,"mode":"s","pt":{"a":0,"k":{"i":[[298.234,0],[0,-530.193],[-298.234,0],[0,530.193]],"o":[[-298.234,0],[0,530.193],[298.234,0],[0,-530.193]],"v":[[540,0],[0,960],[540,1920],[1080,960]],"c":true},"ix":1},"o":{"a":0,"k":100,"ix":3},"x":{"a":1,"k":[{"i":{"x":[0.05],"y":[1]},"o":{"x":[0.5],"y":[0]},"t":0,"s":[500]},{"t":30,"s":[100]}],"ix":4},"nm":"Mask 1"}],"sw":1080,"sh":1920,"sc":"#000000","ip":0,"op":600,"st":0,"bm":0},{"ddd":0,"ind":3,"ty":0,"nm":"a_1","refId":"comp_1","sr":1,"ks":{"o":{"a":0,"k":100,"ix":11},"r":{"a":0,"k":0,"ix":10},"p":{"a":1,"k":[{"i":{"x":0.67,"y":1},"o":{"x":0.33,"y":0},"t":0,"s":[540,960,0],"to":[0,0,0],"ti":[0,0,0]},{"t":480,"s":[636,960,0]}],"ix":2,"l":2},"a":{"a":0,"k":[540,960,0],"ix":1,"l":2},"s":{"a":1,"k":[{"i":{"x":[0.67,0.67,0.67],"y":[1,1,1]},"o":{"x":[0.33,0.33,0.33],"y":[0,0,0]},"t":0,"s":[100,100,100]},{"t":480,"s":[120,120,100]}],"ix":6,"l":2}},"ao":0,"w":1080,"h":1920,"ip":0,"op":600,"st":0,"bm":0}]},{"id":"comp_1","nm":"a_1","fr":60,"layers":[{"ddd":0,"ind":1,"ty":2,"nm":"a_1","refId":"a_1","sr":1,"ks":{"o":{"a":0,"k":100,"ix":11},"r":{"a":0,"k":0,"ix":10},"p":{"a":0,"k":[540,960,0],"ix":2,"l":2},"a":{"a":0,"k":[960,960,0],"ix":1,"l":2},"s":{"a":0,"k":[100,100,100],"ix":6,"l":2}},"ao":0,"ip":0,"op":600,"st":0,"bm":0}]}],"fonts":{"list":[{"origin":0,"fPath":"","fClass":"","fFamily":"Anton","fWeight":"","fStyle":"Regular","fName":"Anton-Regular","ascent":90.4487183317542}]},"layers":[{"ddd":0,"ind":1,"ty":5,"nm":"A SOLUTION","sr":1,"ks":{"o":{"k":[{"s":[0],"t":30,"i":{"x":[1],"y":[1]},"o":{"x":[0],"y":[0]}},{"s":[10.578],"t":31,"i":{"x":[1],"y":[1]},"o":{"x":[0],"y":[0]}},{"s":[20.036],"t":32,"i":{"x":[1],"y":[1]},"o":{"x":[0],"y":[0]}},{"s":[28.494],"t":33,"i":{"x":[1],"y":[1]},"o":{"x":[0],"y":[0]}},{"s":[36.058],"t":34,"i":{"x":[1],"y":[1]},"o":{"x":[0],"y":[0]}},{"s":[42.821],"t":35,"i":{"x":[1],"y":[1]},"o":{"x":[0],"y":[0]}},{"s":[48.869],"t":36,"i":{"x":[1],"y":[1]},"o":{"x":[0],"y":[0]}},{"s":[54.278],"t":37,"i":{"x":[1],"y":[1]},"o":{"x":[0],"y":[0]}},{"s":[59.114],"t":38,"i":{"x":[1],"y":[1]},"o":{"x":[0],"y":[0]}},{"s":[63.439],"t":39,"i":{"x":[1],"y":[1]},"o":{"x":[0],"y":[0]}},{"s":[67.306],"t":40,"i":{"x":[1],"y":[1]},"o":{"x":[0],"y":[0]}},{"s":[70.764],"t":41,"i":{"x":[1],"y":[1]},"o":{"x":[0],"y":[0]}},{"s":[73.857],"t":42,"i":{"x":[1],"y":[1]},"o":{"x":[0],"y":[0]}},{"s":[76.622],"t":43,"i":{"x":[1],"y":[1]},"o":{"x":[0],"y":[0]}},{"s":[79.095],"t":44,"i":{"x":[1],"y":[1]},"o":{"x":[0],"y":[0]}},{"s":[81.306],"t":45,"i":{"x":[1],"y":[1]},"o":{"x":[0],"y":[0]}},{"s":[83.283],"t":46,"i":{"x":[1],"y":[1]},"o":{"x":[0],"y":[0]}},{"s":[85.052],"t":47,"i":{"x":[1],"y":[1]},"o":{"x":[0],"y":[0]}},{"s":[86.633],"t":48,"i":{"x":[1],"y":[1]},"o":{"x":[0],"y":[0]}},{"s":[88.047],"t":49,"i":{"x":[1],"y":[1]},"o":{"x":[0],"y":[0]}},{"s":[89.311],"t":50,"i":{"x":[1],"y":[1]},"o":{"x":[0],"y":[0]}},{"s":[90.442],"t":51,"i":{"x":[1],"y":[1]},"o":{"x":[0],"y":[0]}},{"s":[91.453],"t":52,"i":{"x":[1],"y":[1]},"o":{"x":[0],"y":[0]}},{"s":[92.357],"t":53,"i":{"x":[1],"y":[1]},"o":{"x":[0],"y":[0]}},{"s":[93.165],"t":54,"i":{"x":[1],"y":[1]},"o":{"x":[0],"y":[0]}},{"s":[93.888],"t":55,"i":{"x":[1],"y":[1]},"o":{"x":[0],"y":[0]}},{"s":[94.535],"t":56,"i":{"x":[1],"y":[1]},"o":{"x":[0],"y":[0]}},{"s":[95.113],"t":57,"i":{"x":[1],"y":[1]},"o":{"x":[0],"y":[0]}},{"s":[95.63],"t":58,"i":{"x":[1],"y":[1]},"o":{"x":[0],"y":[0]}},{"s":[96.092],"t":59,"i":{"x":[1],"y":[1]},"o":{"x":[0],"y":[0]}},{"s":[96.505],"t":60,"i":{"x":[1],"y":[1]},"o":{"x":[0],"y":[0]}},{"s":[96.875],"t":61,"i":{"x":[1],"y":[1]},"o":{"x":[0],"y":[0]}},{"s":[97.206],"t":62,"i":{"x":[1],"y":[1]},"o":{"x":[0],"y":[0]}},{"s":[97.501],"t":63,"i":{"x":[1],"y":[1]},"o":{"x":[0],"y":[0]}},{"s":[97.765],"t":64,"i":{"x":[1],"y":[1]},"o":{"x":[0],"y":[0]}},{"s":[98.002],"t":65,"i":{"x":[1],"y":[1]},"o":{"x":[0],"y":[0]}},{"s":[98.213],"t":66,"i":{"x":[1],"y":[1]},"o":{"x":[0],"y":[0]}},{"s":[98.402],"t":67,"i":{"x":[1],"y":[1]},"o":{"x":[0],"y":[0]}},{"s":[98.571],"t":68,"i":{"x":[1],"y":[1]},"o":{"x":[0],"y":[0]}},{"s":[98.722],"t":69,"i":{"x":[1],"y":[1]},"o":{"x":[0],"y":[0]}},{"s":[98.857],"t":70,"i":{"x":[1],"y":[1]},"o":{"x":[0],"y":[0]}},{"s":[98.978],"t":71,"i":{"x":[1],"y":[1]},"o":{"x":[0],"y":[0]}},{"s":[99.086],"t":72,"i":{"x":[1],"y":[1]},"o":{"x":[0],"y":[0]}},{"s":[99.183],"t":73,"i":{"x":[1],"y":[1]},"o":{"x":[0],"y":[0]}},{"s":[99.271],"t":74,"i":{"x":[1],"y":[1]},"o":{"x":[0],"y":[0]}},{"s":[99.349],"t":75,"i":{"x":[1],"y":[1]},"o":{"x":[0],"y":[0]}},{"s":[99.419],"t":76,"i":{"x":[1],"y":[1]},"o":{"x":[0],"y":[0]}},{"s":[99.482],"t":77,"i":{"x":[1],"y":[1]},"o":{"x":[0],"y":[0]}},{"s":[99.538],"t":78,"i":{"x":[1],"y":[1]},"o":{"x":[0],"y":[0]}},{"s":[99.635],"t":80,"i":{"x":[1],"y":[1]},"o":{"x":[0],"y":[0]}},{"s":[99.716],"t":82,"i":{"x":[1],"y":[1]},"o":{"x":[0],"y":[0]}},{"s":[99.785],"t":84,"i":{"x":[1],"y":[1]},"o":{"x":[0],"y":[0]}},{"s":[99.878],"t":87,"i":{"x":[1],"y":[1]},"o":{"x":[0],"y":[0]}},{"s":[99.966],"t":90,"i":{"x":[1],"y":[1]},"o":{"x":[0],"y":[0]}}]},"r":{"a":0,"k":0,"ix":10},"p":{"k":[{"s":[538.617,1061.461,0],"t":30,"i":{"x":1,"y":1},"o":{"x":0,"y":0}},{"s":[538.617,1053.652,0],"t":31,"i":{"x":1,"y":1},"o":{"x":0,"y":0}},{"s":[538.617,1046.339,0],"t":32,"i":{"x":1,"y":1},"o":{"x":0,"y":0}},{"s":[538.617,1039.498,0],"t":33,"i":{"x":1,"y":1},"o":{"x":0,"y":0}},{"s":[538.617,1033.105,0],"t":34,"i":{"x":1,"y":1},"o":{"x":0,"y":0}},{"s":[538.617,1027.138,0],"t":35,"i":{"x":1,"y":1},"o":{"x":0,"y":0}},{"s":[538.617,1021.576,0],"t":36,"i":{"x":1,"y":1},"o":{"x":0,"y":0}},{"s":[538.617,1016.397,0],"t":37,"i":{"x":1,"y":1},"o":{"x":0,"y":0}},{"s":[538.617,1011.581,0],"t":38,"i":{"x":1,"y":1},"o":{"x":0,"y":0}},{"s":[538.617,1007.109,0],"t":39,"i":{"x":1,"y":1},"o":{"x":0,"y":0}},{"s":[538.617,1002.962,0],"t":40,"i":{"x":1,"y":1},"o":{"x":0,"y":0}},{"s":[538.617,999.122,0],"t":41,"i":{"x":1,"y":1},"o":{"x":0,"y":0}},{"s":[538.617,995.572,0],"t":42,"i":{"x":1,"y":1},"o":{"x":0,"y":0}},{"s":[538.617,992.294,0],"t":43,"i":{"x":1,"y":1},"o":{"x":0,"y":0}},{"s":[538.617,989.274,0],"t":44,"i":{"x":1,"y":1},"o":{"x":0,"y":0}},{"s":[538.617,986.495,0],"t":45,"i":{"x":1,"y":1},"o":{"x":0,"y":0}},{"s":[538.617,983.943,0],"t":46,"i":{"x":1,"y":1},"o":{"x":0,"y":0}},{"s":[538.617,981.603,0],"t":47,"i":{"x":1,"y":1},"o":{"x":0,"y":0}},{"s":[538.617,979.462,0],"t":48,"i":{"x":1,"y":1},"o":{"x":0,"y":0}},{"s":[538.617,977.508,0],"t":49,"i":{"x":1,"y":1},"o":{"x":0,"y":0}},{"s":[538.617,975.726,0],"t":50,"i":{"x":1,"y":1},"o":{"x":0,"y":0}},{"s":[538.617,974.107,0],"t":51,"i":{"x":1,"y":1},"o":{"x":0,"y":0}},{"s":[538.617,972.638,0],"t":52,"i":{"x":1,"y":1},"o":{"x":0,"y":0}},{"s":[538.617,971.309,0],"t":53,"i":{"x":1,"y":1},"o":{"x":0,"y":0}},{"s":[538.617,970.11,0],"t":54,"i":{"x":1,"y":1},"o":{"x":0,"y":0}},{"s":[538.617,969.03,0],"t":55,"i":{"x":1,"y":1},"o":{"x":0,"y":0}},{"s":[538.617,968.061,0],"t":56,"i":{"x":1,"y":1},"o":{"x":0,"y":0}},{"s":[538.617,967.194,0],"t":57,"i":{"x":1,"y":1},"o":{"x":0,"y":0}},{"s":[538.617,966.42,0],"t":58,"i":{"x":1,"y":1},"o":{"x":0,"y":0}},{"s":[538.617,965.733,0],"t":59,"i":{"x":1,"y":1},"o":{"x":0,"y":0}},{"s":[538.617,965.124,0],"t":60,"i":{"x":1,"y":1},"o":{"x":0,"y":0}},{"s":[538.617,964.586,0],"t":61,"i":{"x":1,"y":1},"o":{"x":0,"y":0}},{"s":[538.617,963.7,0],"t":63,"i":{"x":1,"y":1},"o":{"x":0,"y":0}},{"s":[538.617,962.758,0],"t":66,"i":{"x":1,"y":1},"o":{"x":0,"y":0}},{"s":[538.617,961.81,0],"t":72,"i":{"x":1,"y":1},"o":{"x":0,"y":0}}],"l":2},"a":{"a":0,"k":[-1.38,-51.54,0],"ix":1,"l":2},"s":{"a":0,"k":[100,100,100],"ix":6,"l":2}},"ao":0,"ef":[{"ty":25,"nm":"Drop Shadow","np":8,"mn":"ADBE Drop Shadow","ix":1,"en":1,"ef":[{"ty":2,"nm":"Shadow Color","mn":"ADBE Drop Shadow-0001","ix":1,"v":{"a":0,"k":[0,0,0,1],"ix":1}},{"ty":0,"nm":"Opacity","mn":"ADBE Drop Shadow-0002","ix":2,"v":{"a":0,"k":255,"ix":2}},{"ty":0,"nm":"Direction","mn":"ADBE Drop Shadow-0003","ix":3,"v":{"a":0,"k":180,"ix":3}},{"ty":0,"nm":"Distance","mn":"ADBE Drop Shadow-0004","ix":4,"v":{"a":0,"k":4,"ix":4}},{"ty":0,"nm":"Softness","mn":"ADBE Drop Shadow-0005","ix":5,"v":{"a":0,"k":200,"ix":5}},{"ty":7,"nm":"Shadow Only","mn":"ADBE Drop Shadow-0006","ix":6,"v":{"a":0,"k":0,"ix":6}}]},{"ty":5,"nm":"AC IN [8ZP] Controls","np":3,"mn":"Pseudo/MHAC PrCtrl 8ZP 7","ix":2,"en":1,"ef":[{"ty":3,"nm":"Position","mn":"Pseudo/MHAC PrCtrl 8ZP 7-0001","ix":1,"v":{"a":0,"k":[0,100],"ix":1}}]}],"t":{"d":{"k":[{"s":{"s":120,"f":"Anton-Regular","t":"A SOLUTION SOLUTION","ca":0,"j":2,"tr":0,"lh":120,"ls":0,"fc":[1,1,1]},"t":0}]},"p":{},"m":{"g":1,"a":{"a":0,"k":[0,0],"ix":2}},"a":[]},"ip":30,"op":630,"st":30,"ct":1,"bm":0},{"ddd":0,"ind":2,"ty":5,"nm":"IS REALLY","sr":1,"ks":{"o":{"k":[{"s":[0],"t":0,"i":{"x":[1],"y":[1]},"o":{"x":[0],"y":[0]}},{"s":[7.25],"t":1,"i":{"x":[1],"y":[1]},"o":{"x":[0],"y":[0]}},{"s":[13.975],"t":2,"i":{"x":[1],"y":[1]},"o":{"x":[0],"y":[0]}},{"s":[20.212],"t":3,"i":{"x":[1],"y":[1]},"o":{"x":[0],"y":[0]}},{"s":[25.997],"t":4,"i":{"x":[1],"y":[1]},"o":{"x":[0],"y":[0]}},{"s":[31.363],"t":5,"i":{"x":[1],"y":[1]},"o":{"x":[0],"y":[0]}},{"s":[36.339],"t":6,"i":{"x":[1],"y":[1]},"o":{"x":[0],"y":[0]}},{"s":[40.955],"t":7,"i":{"x":[1],"y":[1]},"o":{"x":[0],"y":[0]}},{"s":[45.236],"t":8,"i":{"x":[1],"y":[1]},"o":{"x":[0],"y":[0]}},{"s":[49.207],"t":9,"i":{"x":[1],"y":[1]},"o":{"x":[0],"y":[0]}},{"s":[52.889],"t":10,"i":{"x":[1],"y":[1]},"o":{"x":[0],"y":[0]}},{"s":[56.305],"t":11,"i":{"x":[1],"y":[1]},"o":{"x":[0],"y":[0]}},{"s":[59.473],"t":12,"i":{"x":[1],"y":[1]},"o":{"x":[0],"y":[0]}},{"s":[62.411],"t":13,"i":{"x":[1],"y":[1]},"o":{"x":[0],"y":[0]}},{"s":[65.137],"t":14,"i":{"x":[1],"y":[1]},"o":{"x":[0],"y":[0]}},{"s":[67.665],"t":15,"i":{"x":[1],"y":[1]},"o":{"x":[0],"y":[0]}},{"s":[70.009],"t":16,"i":{"x":[1],"y":[1]},"o":{"x":[0],"y":[0]}},{"s":[72.183],"t":17,"i":{"x":[1],"y":[1]},"o":{"x":[0],"y":[0]}},{"s":[74.2],"t":18,"i":{"x":[1],"y":[1]},"o":{"x":[0],"y":[0]}},{"s":[76.071],"t":19,"i":{"x":[1],"y":[1]},"o":{"x":[0],"y":[0]}},{"s":[77.806],"t":20,"i":{"x":[1],"y":[1]},"o":{"x":[0],"y":[0]}},{"s":[79.415],"t":21,"i":{"x":[1],"y":[1]},"o":{"x":[0],"y":[0]}},{"s":[80.907],"t":22,"i":{"x":[1],"y":[1]},"o":{"x":[0],"y":[0]}},{"s":[82.292],"t":23,"i":{"x":[1],"y":[1]},"o":{"x":[0],"y":[0]}},{"s":[83.576],"t":24,"i":{"x":[1],"y":[1]},"o":{"x":[0],"y":[0]}},{"s":[84.767],"t":25,"i":{"x":[1],"y":[1]},"o":{"x":[0],"y":[0]}},{"s":[85.871],"t":26,"i":{"x":[1],"y":[1]},"o":{"x":[0],"y":[0]}},{"s":[86.895],"t":27,"i":{"x":[1],"y":[1]},"o":{"x":[0],"y":[0]}},{"s":[87.846],"t":28,"i":{"x":[1],"y":[1]},"o":{"x":[0],"y":[0]}},{"s":[88.727],"t":29,"i":{"x":[1],"y":[1]},"o":{"x":[0],"y":[0]}},{"s":[89.544],"t":30,"i":{"x":[1],"y":[1]},"o":{"x":[0],"y":[0]}},{"s":[90.302],"t":31,"i":{"x":[1],"y":[1]},"o":{"x":[0],"y":[0]}},{"s":[91.005],"t":32,"i":{"x":[1],"y":[1]},"o":{"x":[0],"y":[0]}},{"s":[91.658],"t":33,"i":{"x":[1],"y":[1]},"o":{"x":[0],"y":[0]}},{"s":[92.262],"t":34,"i":{"x":[1],"y":[1]},"o":{"x":[0],"y":[0]}},{"s":[92.823],"t":35,"i":{"x":[1],"y":[1]},"o":{"x":[0],"y":[0]}},{"s":[93.344],"t":36,"i":{"x":[1],"y":[1]},"o":{"x":[0],"y":[0]}},{"s":[93.826],"t":37,"i":{"x":[1],"y":[1]},"o":{"x":[0],"y":[0]}},{"s":[94.274],"t":38,"i":{"x":[1],"y":[1]},"o":{"x":[0],"y":[0]}},{"s":[94.689],"t":39,"i":{"x":[1],"y":[1]},"o":{"x":[0],"y":[0]}},{"s":[95.074],"t":40,"i":{"x":[1],"y":[1]},"o":{"x":[0],"y":[0]}},{"s":[95.431],"t":41,"i":{"x":[1],"y":[1]},"o":{"x":[0],"y":[0]}},{"s":[95.763],"t":42,"i":{"x":[1],"y":[1]},"o":{"x":[0],"y":[0]}},{"s":[96.07],"t":43,"i":{"x":[1],"y":[1]},"o":{"x":[0],"y":[0]}},{"s":[96.355],"t":44,"i":{"x":[1],"y":[1]},"o":{"x":[0],"y":[0]}},{"s":[96.619],"t":45,"i":{"x":[1],"y":[1]},"o":{"x":[0],"y":[0]}},{"s":[96.864],"t":46,"i":{"x":[1],"y":[1]},"o":{"x":[0],"y":[0]}},{"s":[97.092],"t":47,"i":{"x":[1],"y":[1]},"o":{"x":[0],"y":[0]}},{"s":[97.302],"t":48,"i":{"x":[1],"y":[1]},"o":{"x":[0],"y":[0]}},{"s":[97.498],"t":49,"i":{"x":[1],"y":[1]},"o":{"x":[0],"y":[0]}},{"s":[97.679],"t":50,"i":{"x":[1],"y":[1]},"o":{"x":[0],"y":[0]}},{"s":[97.848],"t":51,"i":{"x":[1],"y":[1]},"o":{"x":[0],"y":[0]}},{"s":[98.004],"t":52,"i":{"x":[1],"y":[1]},"o":{"x":[0],"y":[0]}},{"s":[98.148],"t":53,"i":{"x":[1],"y":[1]},"o":{"x":[0],"y":[0]}},{"s":[98.283],"t":54,"i":{"x":[1],"y":[1]},"o":{"x":[0],"y":[0]}},{"s":[98.407],"t":55,"i":{"x":[1],"y":[1]},"o":{"x":[0],"y":[0]}},{"s":[98.523],"t":56,"i":{"x":[1],"y":[1]},"o":{"x":[0],"y":[0]}},{"s":[98.63],"t":57,"i":{"x":[1],"y":[1]},"o":{"x":[0],"y":[0]}},{"s":[98.729],"t":58,"i":{"x":[1],"y":[1]},"o":{"x":[0],"y":[0]}},{"s":[98.821],"t":59,"i":{"x":[1],"y":[1]},"o":{"x":[0],"y":[0]}},{"s":[98.907],"t":60,"i":{"x":[1],"y":[1]},"o":{"x":[0],"y":[0]}},{"s":[98.986],"t":61,"i":{"x":[1],"y":[1]},"o":{"x":[0],"y":[0]}},{"s":[99.06],"t":62,"i":{"x":[1],"y":[1]},"o":{"x":[0],"y":[0]}},{"s":[99.128],"t":63,"i":{"x":[1],"y":[1]},"o":{"x":[0],"y":[0]}},{"s":[99.191],"t":64,"i":{"x":[1],"y":[1]},"o":{"x":[0],"y":[0]}},{"s":[99.251],"t":65,"i":{"x":[1],"y":[1]},"o":{"x":[0],"y":[0]}},{"s":[99.306],"t":66,"i":{"x":[1],"y":[1]},"o":{"x":[0],"y":[0]}},{"s":[99.404],"t":68,"i":{"x":[1],"y":[1]},"o":{"x":[0],"y":[0]}},{"s":[99.489],"t":70,"i":{"x":[1],"y":[1]},"o":{"x":[0],"y":[0]}},{"s":[99.563],"t":72,"i":{"x":[1],"y":[1]},"o":{"x":[0],"y":[0]}},{"s":[99.656],"t":75,"i":{"x":[1],"y":[1]},"o":{"x":[0],"y":[0]}},{"s":[99.734],"t":78,"i":{"x":[1],"y":[1]},"o":{"x":[0],"y":[0]}},{"s":[99.823],"t":82,"i":{"x":[1],"y":[1]},"o":{"x":[0],"y":[0]}},{"s":[99.905],"t":86,"i":{"x":[1],"y":[1]},"o":{"x":[0],"y":[0]}}]},"r":{"a":0,"k":0,"ix":10},"p":{"k":[{"s":[543.373,858.219,0],"t":0,"i":{"x":1,"y":1},"o":{"x":0,"y":0}},{"s":[543.373,863.531,0],"t":1,"i":{"x":1,"y":1},"o":{"x":0,"y":0}},{"s":[543.373,868.616,0],"t":2,"i":{"x":1,"y":1},"o":{"x":0,"y":0}},{"s":[543.373,873.48,0],"t":3,"i":{"x":1,"y":1},"o":{"x":0,"y":0}},{"s":[543.373,878.13,0],"t":4,"i":{"x":1,"y":1},"o":{"x":0,"y":0}},{"s":[543.373,882.574,0],"t":5,"i":{"x":1,"y":1},"o":{"x":0,"y":0}},{"s":[543.373,886.818,0],"t":6,"i":{"x":1,"y":1},"o":{"x":0,"y":0}},{"s":[543.373,890.869,0],"t":7,"i":{"x":1,"y":1},"o":{"x":0,"y":0}},{"s":[543.373,894.735,0],"t":8,"i":{"x":1,"y":1},"o":{"x":0,"y":0}},{"s":[543.373,898.421,0],"t":9,"i":{"x":1,"y":1},"o":{"x":0,"y":0}},{"s":[543.373,901.934,0],"t":10,"i":{"x":1,"y":1},"o":{"x":0,"y":0}},{"s":[543.373,905.279,0],"t":11,"i":{"x":1,"y":1},"o":{"x":0,"y":0}},{"s":[543.373,908.464,0],"t":12,"i":{"x":1,"y":1},"o":{"x":0,"y":0}},{"s":[543.373,911.493,0],"t":13,"i":{"x":1,"y":1},"o":{"x":0,"y":0}},{"s":[543.373,914.374,0],"t":14,"i":{"x":1,"y":1},"o":{"x":0,"y":0}},{"s":[543.373,917.11,0],"t":15,"i":{"x":1,"y":1},"o":{"x":0,"y":0}},{"s":[543.373,919.708,0],"t":16,"i":{"x":1,"y":1},"o":{"x":0,"y":0}},{"s":[543.373,922.173,0],"t":17,"i":{"x":1,"y":1},"o":{"x":0,"y":0}},{"s":[543.373,924.51,0],"t":18,"i":{"x":1,"y":1},"o":{"x":0,"y":0}},{"s":[543.373,926.724,0],"t":19,"i":{"x":1,"y":1},"o":{"x":0,"y":0}},{"s":[543.373,928.82,0],"t":20,"i":{"x":1,"y":1},"o":{"x":0,"y":0}},{"s":[543.373,930.803,0],"t":21,"i":{"x":1,"y":1},"o":{"x":0,"y":0}},{"s":[543.373,932.678,0],"t":22,"i":{"x":1,"y":1},"o":{"x":0,"y":0}},{"s":[543.373,934.449,0],"t":23,"i":{"x":1,"y":1},"o":{"x":0,"y":0}},{"s":[543.373,936.12,0],"t":24,"i":{"x":1,"y":1},"o":{"x":0,"y":0}},{"s":[543.373,937.696,0],"t":25,"i":{"x":1,"y":1},"o":{"x":0,"y":0}},{"s":[543.373,939.18,0],"t":26,"i":{"x":1,"y":1},"o":{"x":0,"y":0}},{"s":[543.373,940.578,0],"t":27,"i":{"x":1,"y":1},"o":{"x":0,"y":0}},{"s":[543.373,941.892,0],"t":28,"i":{"x":1,"y":1},"o":{"x":0,"y":0}},{"s":[543.373,943.126,0],"t":29,"i":{"x":1,"y":1},"o":{"x":0,"y":0}},{"s":[543.373,944.285,0],"t":30,"i":{"x":1,"y":1},"o":{"x":0,"y":0}},{"s":[543.373,945.372,0],"t":31,"i":{"x":1,"y":1},"o":{"x":0,"y":0}},{"s":[543.373,946.389,0],"t":32,"i":{"x":1,"y":1},"o":{"x":0,"y":0}},{"s":[543.373,947.341,0],"t":33,"i":{"x":1,"y":1},"o":{"x":0,"y":0}},{"s":[543.373,948.231,0],"t":34,"i":{"x":1,"y":1},"o":{"x":0,"y":0}},{"s":[543.373,949.062,0],"t":35,"i":{"x":1,"y":1},"o":{"x":0,"y":0}},{"s":[543.373,949.836,0],"t":36,"i":{"x":1,"y":1},"o":{"x":0,"y":0}},{"s":[543.373,950.557,0],"t":37,"i":{"x":1,"y":1},"o":{"x":0,"y":0}},{"s":[543.373,951.228,0],"t":38,"i":{"x":1,"y":1},"o":{"x":0,"y":0}},{"s":[543.373,951.85,0],"t":39,"i":{"x":1,"y":1},"o":{"x":0,"y":0}},{"s":[543.373,952.428,0],"t":40,"i":{"x":1,"y":1},"o":{"x":0,"y":0}},{"s":[543.373,952.963,0],"t":41,"i":{"x":1,"y":1},"o":{"x":0,"y":0}},{"s":[543.373,953.914,0],"t":43,"i":{"x":1,"y":1},"o":{"x":0,"y":0}},{"s":[543.373,954.722,0],"t":45,"i":{"x":1,"y":1},"o":{"x":0,"y":0}},{"s":[543.373,955.404,0],"t":47,"i":{"x":1,"y":1},"o":{"x":0,"y":0}},{"s":[543.373,956.224,0],"t":50,"i":{"x":1,"y":1},"o":{"x":0,"y":0}},{"s":[543.373,957.159,0],"t":55,"i":{"x":1,"y":1},"o":{"x":0,"y":0}},{"s":[543.373,958.096,0],"t":68,"i":{"x":1,"y":1},"o":{"x":0,"y":0}}],"l":2},"a":{"a":0,"k":[2.875,-98.785,0],"ix":1,"l":2},"s":{"a":0,"k":[100,100,100],"ix":6,"l":2}},"ao":0,"ef":[{"ty":25,"nm":"Drop Shadow","np":8,"mn":"ADBE Drop Shadow","ix":1,"en":1,"ef":[{"ty":2,"nm":"Shadow Color","mn":"ADBE Drop Shadow-0001","ix":1,"v":{"a":0,"k":[0,0,0,1],"ix":1}},{"ty":0,"nm":"Opacity","mn":"ADBE Drop Shadow-0002","ix":2,"v":{"a":0,"k":255,"ix":2}},{"ty":0,"nm":"Direction","mn":"ADBE Drop Shadow-0003","ix":3,"v":{"a":0,"k":180,"ix":3}},{"ty":0,"nm":"Distance","mn":"ADBE Drop Shadow-0004","ix":4,"v":{"a":0,"k":4,"ix":4}},{"ty":0,"nm":"Softness","mn":"ADBE Drop Shadow-0005","ix":5,"v":{"a":0,"k":200,"ix":5}},{"ty":7,"nm":"Shadow Only","mn":"ADBE Drop Shadow-0006","ix":6,"v":{"a":0,"k":0,"ix":6}}]},{"ty":5,"nm":"AC IN [T6M] Controls","np":3,"mn":"Pseudo/MHAC PrCtrl T6M 7","ix":2,"en":1,"ef":[{"ty":3,"nm":"Position","mn":"Pseudo/MHAC PrCtrl T6M 7-0001","ix":1,"v":{"a":0,"k":[0,-100],"ix":1}}]}],"t":{"d":{"k":[{"s":{"s":230,"f":"Anton-Regular","t":"IS REALLY","ca":0,"j":2,"tr":0,"lh":200,"ls":0,"sc":[1,1,1],"sw":4},"t":0}]},"p":{},"m":{"g":1,"a":{"a":0,"k":[0,0],"ix":2}},"a":[]},"ip":0,"op":600,"st":0,"ct":1,"bm":0},{"ddd":0,"ind":3,"ty":0,"nm":"full_image_add_vignettes","refId":"comp_0","sr":1,"ks":{"o":{"a":0,"k":100,"ix":11},"r":{"a":0,"k":0,"ix":10},"p":{"a":0,"k":[540,960,0],"ix":2,"l":2},"a":{"a":0,"k":[540,960,0],"ix":1,"l":2},"s":{"a":0,"k":[100,100,100],"ix":6,"l":2}},"ao":0,"w":1080,"h":1920,"ip":0,"op":600,"st":0,"bm":0}],"markers":[],"props":{}}