{"v":"5.12.1","fr":25,"ip":0,"op":250,"w":1080,"h":1920,"nm":"animated_title_15","ddd":0,"assets":[],"fonts":{"list":[{"origin":0,"fPath":"","fClass":"","fFamily":"Greycliff CF","fWeight":"","fStyle":"Heavy","fName":"GreycliffCF-Heavy","ascent":73.0095727536827}]},"layers":[{"ddd":0,"ind":1,"ty":5,"nm":"title_line_2","sr":1,"ks":{"o":{"a":0,"k":100,"ix":11},"r":{"a":0,"k":0,"ix":10},"p":{"a":0,"k":[540,960,0],"ix":2,"l":2},"a":{"a":0,"k":[0.307,-15.496,0],"ix":1,"l":2},"s":{"a":0,"k":[100,100,100],"ix":6,"l":2}},"ao":0,"ef":[{"ty":25,"nm":"Drop Shadow","np":8,"mn":"ADBE Drop Shadow","ix":1,"en":1,"ef":[{"ty":2,"nm":"Shadow Color","mn":"ADBE Drop Shadow-0001","ix":1,"v":{"a":0,"k":[0,0,0,1],"ix":1}},{"ty":0,"nm":"Opacity","mn":"ADBE Drop Shadow-0002","ix":2,"v":{"a":0,"k":255,"ix":2}},{"ty":0,"nm":"Direction","mn":"ADBE Drop Shadow-0003","ix":3,"v":{"a":0,"k":180,"ix":3}},{"ty":0,"nm":"Distance","mn":"ADBE Drop Shadow-0004","ix":4,"v":{"a":0,"k":4,"ix":4}},{"ty":0,"nm":"Softness","mn":"ADBE Drop Shadow-0005","ix":5,"v":{"a":0,"k":200,"ix":5}},{"ty":7,"nm":"Shadow Only","mn":"ADBE Drop Shadow-0006","ix":6,"v":{"a":0,"k":0,"ix":6}}]}],"t":{"d":{"k":[{"s":{"s":110,"f":"GreycliffCF-Heavy","t":"TYPO","ca":1,"j":2,"tr":0,"lh":110,"ls":-23,"fc":[1,1,1],"sc":[1,1,1],"sw":0.00999999977648,"of":true},"t":0}]},"p":{},"m":{"g":1,"a":{"a":0,"k":[0,0],"ix":2}},"a":[{"nm":"Animator 4","s":{"t":0,"xe":{"a":0,"k":0,"ix":7},"ne":{"a":0,"k":0,"ix":8},"a":{"a":0,"k":100,"ix":4},"b":1,"rn":0,"sh":1,"sm":{"a":0,"k":100,"ix":6},"o":{"a":1,"k":[{"i":{"x":[0.096],"y":[1]},"o":{"x":[0.502],"y":[0]},"t":25,"s":[0]},{"t":41,"s":[100]}],"ix":3},"r":1},"a":{"p":{"a":0,"k":[0,100,0],"ix":2},"o":{"a":0,"k":0,"ix":9}}}]},"ip":25,"op":125,"st":25,"ct":1,"bm":0},{"ddd":0,"ind":2,"ty":5,"nm":"title_line_1","sr":1,"ks":{"o":{"a":0,"k":100,"ix":11},"r":{"a":0,"k":0,"ix":10},"p":{"a":1,"k":[{"i":{"x":0,"y":1},"o":{"x":0.333,"y":0},"t":0,"s":[540,1069,0],"to":[0.529,-18.167,0],"ti":[0,42,0]},{"i":{"x":0.667,"y":1},"o":{"x":1,"y":0},"t":12,"s":[543.175,960,0],"to":[0,-42,0],"ti":[0.529,23.833,0]},{"t":25,"s":[540,817,0]}],"ix":2,"l":2},"a":{"a":0,"k":[1.381,-15.496,0],"ix":1,"l":2},"s":{"a":0,"k":[100,100,100],"ix":6,"l":2}},"ao":0,"ef":[{"ty":25,"nm":"Drop Shadow","np":8,"mn":"ADBE Drop Shadow","ix":1,"en":1,"ef":[{"ty":2,"nm":"Shadow Color","mn":"ADBE Drop Shadow-0001","ix":1,"v":{"a":0,"k":[0,0,0,1],"ix":1}},{"ty":0,"nm":"Opacity","mn":"ADBE Drop Shadow-0002","ix":2,"v":{"a":0,"k":255,"ix":2}},{"ty":0,"nm":"Direction","mn":"ADBE Drop Shadow-0003","ix":3,"v":{"a":0,"k":180,"ix":3}},{"ty":0,"nm":"Distance","mn":"ADBE Drop Shadow-0004","ix":4,"v":{"a":0,"k":4,"ix":4}},{"ty":0,"nm":"Softness","mn":"ADBE Drop Shadow-0005","ix":5,"v":{"a":0,"k":200,"ix":5}},{"ty":7,"nm":"Shadow Only","mn":"ADBE Drop Shadow-0006","ix":6,"v":{"a":0,"k":0,"ix":6}}]}],"t":{"d":{"k":[{"s":{"s":110,"f":"GreycliffCF-Heavy","t":"FAST","ca":1,"j":2,"tr":0,"lh":110,"ls":-23,"fc":[1,1,1],"sc":[1,1,1],"sw":0.00999999977648,"of":true},"t":0}]},"p":{},"m":{"g":1,"a":{"a":0,"k":[0,0],"ix":2}},"a":[{"nm":"Animator 4","s":{"t":0,"xe":{"a":0,"k":0,"ix":7},"ne":{"a":0,"k":0,"ix":8},"a":{"a":0,"k":100,"ix":4},"b":1,"rn":0,"sh":1,"sm":{"a":0,"k":100,"ix":6},"o":{"a":1,"k":[{"i":{"x":[0.096],"y":[1]},"o":{"x":[0.502],"y":[0]},"t":0,"s":[0]},{"i":{"x":[0.833],"y":[1]},"o":{"x":[0.167],"y":[0]},"t":12,"s":[100]},{"t":25,"s":[0]}],"ix":3},"r":1},"a":{"p":{"a":0,"k":[0,100,0],"ix":2},"o":{"a":0,"k":0,"ix":9}}}]},"ip":0,"op":25,"st":0,"ct":1,"bm":0}],"markers":[],"props":{}}