{"v":"5.12.1","fr":25,"ip":0,"op":250,"w":1080,"h":1920,"nm":"animated_title_23","ddd":0,"assets":[],"fonts":{"list":[{"origin":0,"fPath":"","fClass":"","fFamily":"Greycliff CF","fWeight":"","fStyle":"Heavy","fName":"GreycliffCF-Heavy","ascent":73.0095727536827}]},"layers":[{"ddd":0,"ind":1,"ty":5,"nm":"title_line_2","sr":1,"ks":{"o":{"a":0,"k":100,"ix":11},"r":{"a":0,"k":0,"ix":10},"p":{"a":0,"k":[540,960,0],"ix":2,"l":2},"a":{"a":0,"k":[1.601,-15.496,0],"ix":1,"l":2},"s":{"a":0,"k":[100,100,100],"ix":6,"l":2}},"ao":0,"ef":[{"ty":35,"nm":"Transform","np":14,"mn":"ADBE Geometry2","ix":1,"en":1,"ef":[{"ty":3,"nm":"Anchor Point","mn":"ADBE Geometry2-0001","ix":1,"v":{"a":0,"k":[540,960],"ix":1}},{"ty":3,"nm":"Position","mn":"ADBE Geometry2-0002","ix":2,"v":{"a":0,"k":[540,960],"ix":2}},{"ty":7,"nm":"Uniform Scale","mn":"ADBE Geometry2-0011","ix":3,"v":{"a":0,"k":1,"ix":3}},{"ty":0,"nm":"Scale","mn":"ADBE Geometry2-0003","ix":4,"v":{"a":1,"k":[{"i":{"x":[0.833],"y":[0.833]},"o":{"x":[0.167],"y":[0.167]},"t":25,"s":[1000]},{"i":{"x":[0.833],"y":[0.833]},"o":{"x":[0.167],"y":[0.167]},"t":29,"s":[372.038]},{"i":{"x":[0.833],"y":[0.833]},"o":{"x":[0.167],"y":[0.167]},"t":33,"s":[178.555]},{"t":40,"s":[100]}],"ix":4}},{"ty":0,"nm":" ","mn":"ADBE Geometry2-0004","ix":5,"v":{"a":0,"k":100,"ix":5}},{"ty":0,"nm":"Skew","mn":"ADBE Geometry2-0005","ix":6,"v":{"a":0,"k":0,"ix":6}},{"ty":0,"nm":"Skew Axis","mn":"ADBE Geometry2-0006","ix":7,"v":{"a":0,"k":0,"ix":7}},{"ty":0,"nm":"Rotation","mn":"ADBE Geometry2-0007","ix":8,"v":{"a":0,"k":0,"ix":8}},{"ty":0,"nm":"Opacity","mn":"ADBE Geometry2-0008","ix":9,"v":{"a":0,"k":100,"ix":9}},{"ty":7,"nm":"Use Composition’s Shutter Angle","mn":"ADBE Geometry2-0009","ix":10,"v":{"a":0,"k":1,"ix":10}},{"ty":0,"nm":"Shutter Angle","mn":"ADBE Geometry2-0010","ix":11,"v":{"a":0,"k":0,"ix":11}},{"ty":7,"nm":"Sampling","mn":"ADBE Geometry2-0012","ix":12,"v":{"a":0,"k":1,"ix":12}}]},{"ty":25,"nm":"Drop Shadow","np":8,"mn":"ADBE Drop Shadow","ix":2,"en":1,"ef":[{"ty":2,"nm":"Shadow Color","mn":"ADBE Drop Shadow-0001","ix":1,"v":{"a":0,"k":[0,0,0,1],"ix":1}},{"ty":0,"nm":"Opacity","mn":"ADBE Drop Shadow-0002","ix":2,"v":{"a":0,"k":255,"ix":2}},{"ty":0,"nm":"Direction","mn":"ADBE Drop Shadow-0003","ix":3,"v":{"a":0,"k":180,"ix":3}},{"ty":0,"nm":"Distance","mn":"ADBE Drop Shadow-0004","ix":4,"v":{"a":0,"k":4,"ix":4}},{"ty":0,"nm":"Softness","mn":"ADBE Drop Shadow-0005","ix":5,"v":{"a":0,"k":200,"ix":5}},{"ty":7,"nm":"Shadow Only","mn":"ADBE Drop Shadow-0006","ix":6,"v":{"a":0,"k":0,"ix":6}}]}],"t":{"d":{"k":[{"s":{"s":110,"f":"GreycliffCF-Heavy","t":"INSPIRES","ca":1,"j":2,"tr":0,"lh":110,"ls":-23,"fc":[1,1,1],"sc":[1,1,1],"sw":0.00999999977648,"of":true},"t":0}]},"p":{},"m":{"g":1,"a":{"a":0,"k":[0,0],"ix":2}},"a":[{"nm":"Animator 1","s":{"t":0,"xe":{"a":0,"k":0,"ix":7},"ne":{"a":0,"k":0,"ix":8},"a":{"a":0,"k":100,"ix":4},"b":1,"rn":0,"sh":1,"sm":{"a":0,"k":100,"ix":6},"e":{"a":1,"k":[{"i":{"x":[0],"y":[1]},"o":{"x":[0.948],"y":[0]},"t":25,"s":[100]},{"t":47,"s":[0]}],"ix":2},"r":1},"a":{"p":{"a":0,"k":[0,30,0],"ix":2},"s":{"a":0,"k":[183,183,100],"ix":3},"t":{"a":1,"k":[{"i":{"x":[0.009],"y":[1]},"o":{"x":[0.878],"y":[0.009]},"t":33,"s":[150]},{"t":47,"s":[0]}],"ix":89}}},{"nm":"Animator 2","s":{"t":0,"xe":{"a":0,"k":0,"ix":7},"ne":{"a":0,"k":0,"ix":8},"a":{"a":0,"k":100,"ix":4},"b":1,"rn":0,"sh":1,"sm":{"a":0,"k":100,"ix":6},"s":{"a":1,"k":[{"i":{"x":[0],"y":[1]},"o":{"x":[0.948],"y":[0]},"t":25,"s":[0]},{"t":47,"s":[100]}],"ix":1},"r":1},"a":{"p":{"a":0,"k":[0,30,0],"ix":2},"s":{"a":0,"k":[183,183,100],"ix":3},"t":{"a":1,"k":[{"i":{"x":[0.009],"y":[1]},"o":{"x":[0.878],"y":[0.009]},"t":33,"s":[150]},{"t":47,"s":[0]}],"ix":89}}}]},"ip":25,"op":125,"st":25,"ct":1,"bm":0},{"ddd":0,"ind":2,"ty":5,"nm":"title_line_1","sr":1,"ks":{"o":{"a":0,"k":100,"ix":11},"r":{"a":0,"k":0,"ix":10},"p":{"a":0,"k":[540,960,0],"ix":2,"l":2},"a":{"a":0,"k":[0.326,-15.496,0],"ix":1,"l":2},"s":{"a":1,"k":[{"i":{"x":[0.667,0.667,0.667],"y":[1,1,1]},"o":{"x":[1,1,0.333],"y":[0.005,0.005,0]},"t":22,"s":[100,100,100]},{"t":35,"s":[40,40,100]}],"ix":6,"l":2}},"ao":0,"ef":[{"ty":35,"nm":"Transform","np":14,"mn":"ADBE Geometry2","ix":1,"en":1,"ef":[{"ty":3,"nm":"Anchor Point","mn":"ADBE Geometry2-0001","ix":1,"v":{"a":0,"k":[540,960],"ix":1}},{"ty":3,"nm":"Position","mn":"ADBE Geometry2-0002","ix":2,"v":{"a":0,"k":[540,960],"ix":2}},{"ty":7,"nm":"Uniform Scale","mn":"ADBE Geometry2-0011","ix":3,"v":{"a":0,"k":1,"ix":3}},{"ty":0,"nm":"Scale","mn":"ADBE Geometry2-0003","ix":4,"v":{"a":1,"k":[{"i":{"x":[0.833],"y":[0.833]},"o":{"x":[0.167],"y":[0.167]},"t":0,"s":[1000]},{"i":{"x":[0.833],"y":[0.833]},"o":{"x":[0.167],"y":[0.167]},"t":4,"s":[372.038]},{"i":{"x":[0.833],"y":[0.833]},"o":{"x":[0.167],"y":[0.167]},"t":8,"s":[178.555]},{"t":15,"s":[100]}],"ix":4}},{"ty":0,"nm":" ","mn":"ADBE Geometry2-0004","ix":5,"v":{"a":0,"k":100,"ix":5}},{"ty":0,"nm":"Skew","mn":"ADBE Geometry2-0005","ix":6,"v":{"a":0,"k":0,"ix":6}},{"ty":0,"nm":"Skew Axis","mn":"ADBE Geometry2-0006","ix":7,"v":{"a":0,"k":0,"ix":7}},{"ty":0,"nm":"Rotation","mn":"ADBE Geometry2-0007","ix":8,"v":{"a":0,"k":0,"ix":8}},{"ty":0,"nm":"Opacity","mn":"ADBE Geometry2-0008","ix":9,"v":{"a":0,"k":100,"ix":9}},{"ty":7,"nm":"Use Composition’s Shutter Angle","mn":"ADBE Geometry2-0009","ix":10,"v":{"a":0,"k":1,"ix":10}},{"ty":0,"nm":"Shutter Angle","mn":"ADBE Geometry2-0010","ix":11,"v":{"a":0,"k":0,"ix":11}},{"ty":7,"nm":"Sampling","mn":"ADBE Geometry2-0012","ix":12,"v":{"a":0,"k":1,"ix":12}}]},{"ty":25,"nm":"Drop Shadow","np":8,"mn":"ADBE Drop Shadow","ix":2,"en":1,"ef":[{"ty":2,"nm":"Shadow Color","mn":"ADBE Drop Shadow-0001","ix":1,"v":{"a":0,"k":[0,0,0,1],"ix":1}},{"ty":0,"nm":"Opacity","mn":"ADBE Drop Shadow-0002","ix":2,"v":{"a":0,"k":255,"ix":2}},{"ty":0,"nm":"Direction","mn":"ADBE Drop Shadow-0003","ix":3,"v":{"a":0,"k":180,"ix":3}},{"ty":0,"nm":"Distance","mn":"ADBE Drop Shadow-0004","ix":4,"v":{"a":0,"k":4,"ix":4}},{"ty":0,"nm":"Softness","mn":"ADBE Drop Shadow-0005","ix":5,"v":{"a":0,"k":200,"ix":5}},{"ty":7,"nm":"Shadow Only","mn":"ADBE Drop Shadow-0006","ix":6,"v":{"a":0,"k":0,"ix":6}}]}],"t":{"d":{"k":[{"s":{"s":110,"f":"GreycliffCF-Heavy","t":"DESIGN","ca":1,"j":2,"tr":0,"lh":110,"ls":-23,"fc":[1,1,1],"sc":[1,1,1],"sw":0.00999999977648,"of":true},"t":0}]},"p":{},"m":{"g":1,"a":{"a":0,"k":[0,0],"ix":2}},"a":[{"nm":"Animator 1","s":{"t":0,"xe":{"a":0,"k":0,"ix":7},"ne":{"a":0,"k":0,"ix":8},"a":{"a":0,"k":100,"ix":4},"b":1,"rn":0,"sh":1,"sm":{"a":0,"k":100,"ix":6},"e":{"a":1,"k":[{"i":{"x":[0],"y":[1]},"o":{"x":[0.948],"y":[0]},"t":0,"s":[100]},{"t":22,"s":[0]}],"ix":2},"r":1},"a":{"p":{"a":0,"k":[0,30,0],"ix":2},"s":{"a":0,"k":[183,183,100],"ix":3},"t":{"a":1,"k":[{"i":{"x":[0.009],"y":[1]},"o":{"x":[0.878],"y":[0.009]},"t":8,"s":[150]},{"t":22,"s":[0]}],"ix":89}}},{"nm":"Animator 2","s":{"t":0,"xe":{"a":0,"k":0,"ix":7},"ne":{"a":0,"k":0,"ix":8},"a":{"a":0,"k":100,"ix":4},"b":1,"rn":0,"sh":1,"sm":{"a":0,"k":100,"ix":6},"s":{"a":1,"k":[{"i":{"x":[0],"y":[1]},"o":{"x":[0.948],"y":[0]},"t":0,"s":[0]},{"t":22,"s":[100]}],"ix":1},"r":1},"a":{"p":{"a":0,"k":[0,30,0],"ix":2},"s":{"a":0,"k":[183,183,100],"ix":3},"t":{"a":1,"k":[{"i":{"x":[0.009],"y":[1]},"o":{"x":[0.878],"y":[0.009]},"t":8,"s":[150]},{"t":22,"s":[0]}],"ix":89}}},{"nm":"Animator 3","s":{"t":0,"xe":{"k":0},"ne":{"k":0},"a":{"k":100},"b":1,"sh":0,"s":{"k":0},"e":{"k":100},"o":{"k":0}},"a":{"o":{"a":1,"k":[{"i":{"x":[0.833],"y":[0.833]},"o":{"x":[0.167],"y":[0.167]},"t":18,"s":[100]},{"i":{"x":[0.833],"y":[0.833]},"o":{"x":[0.167],"y":[0.167]},"t":19,"s":[0]},{"i":{"x":[0.833],"y":[0.833]},"o":{"x":[0.167],"y":[0.167]},"t":20,"s":[100]},{"i":{"x":[0.833],"y":[0.833]},"o":{"x":[0.167],"y":[0.167]},"t":21,"s":[0]},{"t":22,"s":[100]}],"ix":9}}}]},"ip":0,"op":35,"st":0,"ct":1,"bm":0}],"markers":[],"props":{}}