{"v":"5.12.1","fr":30,"ip":0,"op":300,"w":1080,"h":1920,"nm":"animated_word_3","ddd":0,"assets":[{"id":"a_1","w":1920,"h":1920,"u":"images/","p":"a_1.png","e":0},{"id":"audio_0","u":"images/","p":"Swoosh_Transition_23.wav","e":0,"t":2},{"id":"comp_0","nm":"Moder Typography Titles 09","fr":30,"layers":[{"ddd":0,"ind":1,"ty":0,"nm":"Typography 09 D","refId":"comp_1","sr":1,"ks":{"o":{"a":0,"k":100,"ix":11},"r":{"a":0,"k":0,"ix":10},"p":{"a":0,"k":[1920,1080,0],"ix":2,"l":2},"a":{"a":0,"k":[1920,1080,0],"ix":1,"l":2},"s":{"a":0,"k":[100,100,100],"ix":6,"l":2}},"ao":0,"w":3840,"h":2160,"ip":0,"op":450,"st":0,"bm":0}]},{"id":"comp_1","nm":"Typography 09 D","fr":30,"layers":[{"ddd":0,"ind":1,"ty":3,"nm":"CONTROLLER","sr":1,"ks":{"o":{"a":0,"k":100,"ix":11},"r":{"a":0,"k":0,"ix":10},"p":{"a":0,"k":[1920,1080,0],"ix":2,"l":2},"a":{"a":0,"k":[1920,1080,0],"ix":1,"l":2},"s":{"a":0,"k":[100,100,100],"ix":6,"l":2}},"ao":0,"ef":[{"ty":5,"nm":"Text 01 T09_01","np":3,"mn":"ADBE Color Control","ix":1,"en":1,"ef":[{"ty":2,"nm":"Color","mn":"ADBE Color Control-0001","ix":1,"v":{"a":0,"k":[1,1,1,1],"ix":1}}]}],"ip":0,"op":450,"st":0,"bm":0},{"ddd":0,"ind":2,"ty":0,"nm":"Typography 09 T","refId":"comp_2","sr":1,"ks":{"o":{"a":0,"k":100,"ix":11},"r":{"a":0,"k":0,"ix":10},"p":{"a":0,"k":[1920,1080,0],"ix":2,"l":2},"a":{"a":0,"k":[1920,1080,0],"ix":1,"l":2},"s":{"a":0,"k":[100,100,100],"ix":6,"l":2}},"ao":0,"tm":{"k":[{"s":[0],"t":0,"i":{"x":[1],"y":[1]},"o":{"x":[0],"y":[0]}},{"s":[1.867],"t":56,"i":{"x":[1],"y":[1]},"o":{"x":[0],"y":[0]}}]},"w":3840,"h":2160,"ip":0,"op":450,"st":0,"bm":0}]},{"id":"comp_2","nm":"Typography 09 T","fr":30,"layers":[{"ddd":0,"ind":1,"ty":0,"nm":"VIDEO","td":1,"refId":"comp_3","sr":1,"ks":{"o":{"a":0,"k":100,"ix":11},"r":{"a":0,"k":0,"ix":10},"p":{"a":0,"k":[1920,1080,0],"ix":2,"l":2},"a":{"a":0,"k":[1920,1080,0],"ix":1,"l":2},"s":{"a":0,"k":[100,100,100],"ix":6,"l":2}},"ao":0,"w":3840,"h":2160,"ip":0,"op":450,"st":0,"bm":0},{"ddd":0,"ind":2,"ty":0,"nm":"Typography 09","tt":3,"tp":1,"refId":"comp_4","sr":1,"ks":{"o":{"a":0,"k":100,"ix":11},"r":{"a":0,"k":0,"ix":10},"p":{"a":0,"k":[1920,1080,0],"ix":2,"l":2},"a":{"a":0,"k":[1920,1080,0],"ix":1,"l":2},"s":{"a":0,"k":[100,100,100],"ix":6,"l":2}},"ao":0,"w":3840,"h":2160,"ip":0,"op":450,"st":0,"bm":0}]},{"id":"comp_3","nm":"VIDEO","fr":30,"layers":[{"ddd":0,"ind":1,"ty":1,"nm":"White Solid 1","sr":1,"ks":{"o":{"a":0,"k":100,"ix":11},"r":{"a":0,"k":0,"ix":10},"p":{"a":0,"k":[1920,1080,0],"ix":2,"l":2},"a":{"a":0,"k":[1920,1080,0],"ix":1,"l":2},"s":{"a":0,"k":[100,100,100],"ix":6,"l":2}},"ao":0,"sw":3840,"sh":2160,"sc":"#ffffff","ip":0,"op":450,"st":0,"bm":0}]},{"id":"comp_4","nm":"Typography 09","fr":30,"layers":[{"ddd":0,"ind":1,"ty":3,"nm":"Null 21","sr":1,"ks":{"o":{"a":0,"k":0,"ix":11},"r":{"a":0,"k":0,"ix":10},"p":{"a":0,"k":[1920,1080,0],"ix":2,"l":2},"a":{"a":0,"k":[50,50,0],"ix":1,"l":2},"s":{"a":1,"k":[{"i":{"x":[0,0,0],"y":[1,1,1]},"o":{"x":[1,1,1],"y":[0,0,0]},"t":38,"s":[100,100,100]},{"t":53,"s":[79,79,100]}],"ix":6,"l":2}},"ao":0,"ip":0,"op":450,"st":0,"bm":0},{"ddd":0,"ind":2,"ty":0,"nm":"PRE_Text 01 T09_01","parent":1,"refId":"comp_5","sr":1,"ks":{"o":{"a":1,"k":[{"i":{"x":[0.833],"y":[0.833]},"o":{"x":[0.167],"y":[0.167]},"t":0,"s":[0]},{"i":{"x":[0.833],"y":[0.833]},"o":{"x":[0.167],"y":[0.167]},"t":13,"s":[100]},{"i":{"x":[0.833],"y":[0.833]},"o":{"x":[0.167],"y":[0.167]},"t":416,"s":[100]},{"t":431,"s":[0]}],"ix":11},"r":{"a":0,"k":0,"ix":10},"p":{"a":1,"k":[{"i":{"x":0,"y":1},"o":{"x":0.05,"y":0},"t":0,"s":[50,1178,0],"to":[0,-225.5,0],"ti":[0,225.5,0]},{"i":{"x":0.95,"y":0.95},"o":{"x":0.167,"y":0.167},"t":13,"s":[50,-175,0],"to":[0,0,0],"ti":[0,0,0]},{"i":{"x":0.95,"y":1},"o":{"x":1,"y":0},"t":416,"s":[50,-175,0],"to":[0,-278.5,0],"ti":[0,278.5,0]},{"t":431,"s":[50,-1846,0]}],"ix":2,"l":2},"a":{"a":0,"k":[1687,25.5,0],"ix":1,"l":2},"s":{"a":0,"k":[100,100,100],"ix":6,"l":2}},"ao":0,"ef":[{"ty":21,"nm":"Fill","np":9,"mn":"ADBE Fill","ix":1,"en":1,"ef":[{"ty":10,"nm":"Fill Mask","mn":"ADBE Fill-0001","ix":1,"v":{"a":0,"k":0,"ix":1}},{"ty":7,"nm":"All Masks","mn":"ADBE Fill-0007","ix":2,"v":{"a":0,"k":0,"ix":2}},{"ty":2,"nm":"Color","mn":"ADBE Fill-0002","ix":3,"v":{"k":[{"s":[1,1,1,1],"t":0,"i":{"x":[1],"y":[1]},"o":{"x":[0],"y":[0]}},{"s":[1,1,1,1],"t":299,"i":{"x":[1],"y":[1]},"o":{"x":[0],"y":[0]}}]}},{"ty":7,"nm":"Invert","mn":"ADBE Fill-0006","ix":4,"v":{"a":0,"k":0,"ix":4}},{"ty":0,"nm":"Horizontal Feather","mn":"ADBE Fill-0003","ix":5,"v":{"a":0,"k":0,"ix":5}},{"ty":0,"nm":"Vertical Feather","mn":"ADBE Fill-0004","ix":6,"v":{"a":0,"k":0,"ix":6}},{"ty":0,"nm":"Opacity","mn":"ADBE Fill-0005","ix":7,"v":{"a":0,"k":1,"ix":7}}]}],"w":3374,"h":51,"ip":0,"op":450,"st":0,"bm":0},{"ddd":0,"ind":3,"ty":0,"nm":"PRE_Text 01 T09_02","parent":1,"refId":"comp_7","sr":1,"ks":{"o":{"a":1,"k":[{"i":{"x":[0.833],"y":[0.833]},"o":{"x":[0.167],"y":[0.167]},"t":2,"s":[0]},{"i":{"x":[0.833],"y":[0.833]},"o":{"x":[0.167],"y":[0.167]},"t":15,"s":[100]},{"i":{"x":[0.833],"y":[0.833]},"o":{"x":[0.167],"y":[0.167]},"t":418,"s":[100]},{"t":433,"s":[0]}],"ix":11},"r":{"a":0,"k":0,"ix":10},"p":{"a":1,"k":[{"i":{"x":0,"y":1},"o":{"x":0.05,"y":0},"t":2,"s":[50,1228,0],"to":[0,-225.5,0],"ti":[0,225.5,0]},{"i":{"x":0.95,"y":0.95},"o":{"x":0.167,"y":0.167},"t":15,"s":[50,-125,0],"to":[0,0,0],"ti":[0,0,0]},{"i":{"x":0.95,"y":1},"o":{"x":1,"y":0},"t":418,"s":[50,-125,0],"to":[0,-278.5,0],"ti":[0,278.5,0]},{"t":433,"s":[50,-1796,0]}],"ix":2,"l":2},"a":{"a":0,"k":[1687,25.5,0],"ix":1,"l":2},"s":{"a":0,"k":[100,100,100],"ix":6,"l":2}},"ao":0,"ef":[{"ty":21,"nm":"Fill","np":9,"mn":"ADBE Fill","ix":1,"en":1,"ef":[{"ty":10,"nm":"Fill Mask","mn":"ADBE Fill-0001","ix":1,"v":{"a":0,"k":0,"ix":1}},{"ty":7,"nm":"All Masks","mn":"ADBE Fill-0007","ix":2,"v":{"a":0,"k":0,"ix":2}},{"ty":2,"nm":"Color","mn":"ADBE Fill-0002","ix":3,"v":{"k":[{"s":[1,1,1,1],"t":2,"i":{"x":[1],"y":[1]},"o":{"x":[0],"y":[0]}},{"s":[1,1,1,1],"t":299,"i":{"x":[1],"y":[1]},"o":{"x":[0],"y":[0]}}]}},{"ty":7,"nm":"Invert","mn":"ADBE Fill-0006","ix":4,"v":{"a":0,"k":0,"ix":4}},{"ty":0,"nm":"Horizontal Feather","mn":"ADBE Fill-0003","ix":5,"v":{"a":0,"k":0,"ix":5}},{"ty":0,"nm":"Vertical Feather","mn":"ADBE Fill-0004","ix":6,"v":{"a":0,"k":0,"ix":6}},{"ty":0,"nm":"Opacity","mn":"ADBE Fill-0005","ix":7,"v":{"a":0,"k":1,"ix":7}}]}],"w":3374,"h":51,"ip":2,"op":452,"st":2,"bm":0},{"ddd":0,"ind":4,"ty":0,"nm":"PRE_Text 01 T09_03","parent":1,"refId":"comp_8","sr":1,"ks":{"o":{"a":1,"k":[{"i":{"x":[0.833],"y":[0.833]},"o":{"x":[0.167],"y":[0.167]},"t":4,"s":[0]},{"i":{"x":[0.833],"y":[0.833]},"o":{"x":[0.167],"y":[0.167]},"t":17,"s":[100]},{"i":{"x":[0.833],"y":[0.833]},"o":{"x":[0.167],"y":[0.167]},"t":420,"s":[100]},{"t":435,"s":[0]}],"ix":11},"r":{"a":0,"k":0,"ix":10},"p":{"a":1,"k":[{"i":{"x":0,"y":1},"o":{"x":0.05,"y":0},"t":4,"s":[50,1278,0],"to":[0,-225.5,0],"ti":[0,225.5,0]},{"i":{"x":0.95,"y":0.95},"o":{"x":0.167,"y":0.167},"t":17,"s":[50,-75,0],"to":[0,0,0],"ti":[0,0,0]},{"i":{"x":0.95,"y":1},"o":{"x":1,"y":0},"t":420,"s":[50,-75,0],"to":[0,-278.5,0],"ti":[0,278.5,0]},{"t":435,"s":[50,-1746,0]}],"ix":2,"l":2},"a":{"a":0,"k":[1687,25.5,0],"ix":1,"l":2},"s":{"a":0,"k":[100,100,100],"ix":6,"l":2}},"ao":0,"ef":[{"ty":21,"nm":"Fill","np":9,"mn":"ADBE Fill","ix":1,"en":1,"ef":[{"ty":10,"nm":"Fill Mask","mn":"ADBE Fill-0001","ix":1,"v":{"a":0,"k":0,"ix":1}},{"ty":7,"nm":"All Masks","mn":"ADBE Fill-0007","ix":2,"v":{"a":0,"k":0,"ix":2}},{"ty":2,"nm":"Color","mn":"ADBE Fill-0002","ix":3,"v":{"k":[{"s":[1,1,1,1],"t":4,"i":{"x":[1],"y":[1]},"o":{"x":[0],"y":[0]}},{"s":[1,1,1,1],"t":299,"i":{"x":[1],"y":[1]},"o":{"x":[0],"y":[0]}}]}},{"ty":7,"nm":"Invert","mn":"ADBE Fill-0006","ix":4,"v":{"a":0,"k":0,"ix":4}},{"ty":0,"nm":"Horizontal Feather","mn":"ADBE Fill-0003","ix":5,"v":{"a":0,"k":0,"ix":5}},{"ty":0,"nm":"Vertical Feather","mn":"ADBE Fill-0004","ix":6,"v":{"a":0,"k":0,"ix":6}},{"ty":0,"nm":"Opacity","mn":"ADBE Fill-0005","ix":7,"v":{"a":0,"k":1,"ix":7}}]}],"w":3374,"h":51,"ip":4,"op":454,"st":4,"bm":0},{"ddd":0,"ind":5,"ty":0,"nm":"PRE_Text 01 T09_04","parent":1,"refId":"comp_9","sr":1,"ks":{"o":{"a":1,"k":[{"i":{"x":[0.833],"y":[0.833]},"o":{"x":[0.167],"y":[0.167]},"t":6,"s":[0]},{"i":{"x":[0.833],"y":[0.833]},"o":{"x":[0.167],"y":[0.167]},"t":19,"s":[100]},{"i":{"x":[0.833],"y":[0.833]},"o":{"x":[0.167],"y":[0.167]},"t":422,"s":[100]},{"t":437,"s":[0]}],"ix":11},"r":{"a":0,"k":0,"ix":10},"p":{"a":1,"k":[{"i":{"x":0,"y":1},"o":{"x":0.05,"y":0},"t":6,"s":[50,1328,0],"to":[0,-225.5,0],"ti":[0,225.5,0]},{"i":{"x":0.95,"y":0.95},"o":{"x":0.167,"y":0.167},"t":19,"s":[50,-25,0],"to":[0,0,0],"ti":[0,0,0]},{"i":{"x":0.95,"y":1},"o":{"x":1,"y":0},"t":422,"s":[50,-25,0],"to":[0,-278.5,0],"ti":[0,278.5,0]},{"t":437,"s":[50,-1696,0]}],"ix":2,"l":2},"a":{"a":0,"k":[1687,25.5,0],"ix":1,"l":2},"s":{"a":0,"k":[100,100,100],"ix":6,"l":2}},"ao":0,"ef":[{"ty":21,"nm":"Fill","np":9,"mn":"ADBE Fill","ix":1,"en":1,"ef":[{"ty":10,"nm":"Fill Mask","mn":"ADBE Fill-0001","ix":1,"v":{"a":0,"k":0,"ix":1}},{"ty":7,"nm":"All Masks","mn":"ADBE Fill-0007","ix":2,"v":{"a":0,"k":0,"ix":2}},{"ty":2,"nm":"Color","mn":"ADBE Fill-0002","ix":3,"v":{"k":[{"s":[1,1,1,1],"t":6,"i":{"x":[1],"y":[1]},"o":{"x":[0],"y":[0]}},{"s":[1,1,1,1],"t":299,"i":{"x":[1],"y":[1]},"o":{"x":[0],"y":[0]}}]}},{"ty":7,"nm":"Invert","mn":"ADBE Fill-0006","ix":4,"v":{"a":0,"k":0,"ix":4}},{"ty":0,"nm":"Horizontal Feather","mn":"ADBE Fill-0003","ix":5,"v":{"a":0,"k":0,"ix":5}},{"ty":0,"nm":"Vertical Feather","mn":"ADBE Fill-0004","ix":6,"v":{"a":0,"k":0,"ix":6}},{"ty":0,"nm":"Opacity","mn":"ADBE Fill-0005","ix":7,"v":{"a":0,"k":1,"ix":7}}]}],"w":3374,"h":51,"ip":6,"op":456,"st":6,"bm":0},{"ddd":0,"ind":6,"ty":0,"nm":"PRE_Text 01 T09_05","parent":1,"refId":"comp_10","sr":1,"ks":{"o":{"a":1,"k":[{"i":{"x":[0.833],"y":[0.833]},"o":{"x":[0.167],"y":[0.167]},"t":8,"s":[0]},{"i":{"x":[0.833],"y":[0.833]},"o":{"x":[0.167],"y":[0.167]},"t":21,"s":[100]},{"i":{"x":[0.833],"y":[0.833]},"o":{"x":[0.167],"y":[0.167]},"t":424,"s":[100]},{"t":439,"s":[0]}],"ix":11},"r":{"a":0,"k":0,"ix":10},"p":{"a":1,"k":[{"i":{"x":0,"y":1},"o":{"x":0.05,"y":0},"t":8,"s":[50,1378,0],"to":[0,-225.5,0],"ti":[0,225.5,0]},{"i":{"x":0.95,"y":0.95},"o":{"x":0.167,"y":0.167},"t":21,"s":[50,25,0],"to":[0,0,0],"ti":[0,0,0]},{"i":{"x":0.95,"y":1},"o":{"x":1,"y":0},"t":424,"s":[50,25,0],"to":[0,-278.5,0],"ti":[0,278.5,0]},{"t":439,"s":[50,-1646,0]}],"ix":2,"l":2},"a":{"a":0,"k":[1687,25.5,0],"ix":1,"l":2},"s":{"a":0,"k":[100,100,100],"ix":6,"l":2}},"ao":0,"ef":[{"ty":21,"nm":"Fill","np":9,"mn":"ADBE Fill","ix":1,"en":1,"ef":[{"ty":10,"nm":"Fill Mask","mn":"ADBE Fill-0001","ix":1,"v":{"a":0,"k":0,"ix":1}},{"ty":7,"nm":"All Masks","mn":"ADBE Fill-0007","ix":2,"v":{"a":0,"k":0,"ix":2}},{"ty":2,"nm":"Color","mn":"ADBE Fill-0002","ix":3,"v":{"k":[{"s":[1,1,1,1],"t":8,"i":{"x":[1],"y":[1]},"o":{"x":[0],"y":[0]}},{"s":[1,1,1,1],"t":299,"i":{"x":[1],"y":[1]},"o":{"x":[0],"y":[0]}}]}},{"ty":7,"nm":"Invert","mn":"ADBE Fill-0006","ix":4,"v":{"a":0,"k":0,"ix":4}},{"ty":0,"nm":"Horizontal Feather","mn":"ADBE Fill-0003","ix":5,"v":{"a":0,"k":0,"ix":5}},{"ty":0,"nm":"Vertical Feather","mn":"ADBE Fill-0004","ix":6,"v":{"a":0,"k":0,"ix":6}},{"ty":0,"nm":"Opacity","mn":"ADBE Fill-0005","ix":7,"v":{"a":0,"k":1,"ix":7}}]}],"w":3374,"h":51,"ip":8,"op":458,"st":8,"bm":0},{"ddd":0,"ind":7,"ty":0,"nm":"PRE_Text 01 T09_06","parent":1,"refId":"comp_11","sr":1,"ks":{"o":{"a":1,"k":[{"i":{"x":[0.833],"y":[0.833]},"o":{"x":[0.167],"y":[0.167]},"t":10,"s":[0]},{"i":{"x":[0.833],"y":[0.833]},"o":{"x":[0.167],"y":[0.167]},"t":23,"s":[100]},{"i":{"x":[0.833],"y":[0.833]},"o":{"x":[0.167],"y":[0.167]},"t":426,"s":[100]},{"t":441,"s":[0]}],"ix":11},"r":{"a":0,"k":0,"ix":10},"p":{"a":1,"k":[{"i":{"x":0,"y":1},"o":{"x":0.05,"y":0},"t":10,"s":[50,1428,0],"to":[0,-225.5,0],"ti":[0,225.5,0]},{"i":{"x":0.95,"y":0.95},"o":{"x":0.167,"y":0.167},"t":23,"s":[50,75,0],"to":[0,0,0],"ti":[0,0,0]},{"i":{"x":0.95,"y":1},"o":{"x":1,"y":0},"t":426,"s":[50,75,0],"to":[0,-278.5,0],"ti":[0,278.5,0]},{"t":441,"s":[50,-1596,0]}],"ix":2,"l":2},"a":{"a":0,"k":[1687,25.5,0],"ix":1,"l":2},"s":{"a":0,"k":[100,100,100],"ix":6,"l":2}},"ao":0,"ef":[{"ty":21,"nm":"Fill","np":9,"mn":"ADBE Fill","ix":1,"en":1,"ef":[{"ty":10,"nm":"Fill Mask","mn":"ADBE Fill-0001","ix":1,"v":{"a":0,"k":0,"ix":1}},{"ty":7,"nm":"All Masks","mn":"ADBE Fill-0007","ix":2,"v":{"a":0,"k":0,"ix":2}},{"ty":2,"nm":"Color","mn":"ADBE Fill-0002","ix":3,"v":{"k":[{"s":[1,1,1,1],"t":10,"i":{"x":[1],"y":[1]},"o":{"x":[0],"y":[0]}},{"s":[1,1,1,1],"t":299,"i":{"x":[1],"y":[1]},"o":{"x":[0],"y":[0]}}]}},{"ty":7,"nm":"Invert","mn":"ADBE Fill-0006","ix":4,"v":{"a":0,"k":0,"ix":4}},{"ty":0,"nm":"Horizontal Feather","mn":"ADBE Fill-0003","ix":5,"v":{"a":0,"k":0,"ix":5}},{"ty":0,"nm":"Vertical Feather","mn":"ADBE Fill-0004","ix":6,"v":{"a":0,"k":0,"ix":6}},{"ty":0,"nm":"Opacity","mn":"ADBE Fill-0005","ix":7,"v":{"a":0,"k":1,"ix":7}}]}],"w":3374,"h":51,"ip":10,"op":460,"st":10,"bm":0},{"ddd":0,"ind":8,"ty":0,"nm":"PRE_Text 01 T09_07","parent":1,"refId":"comp_12","sr":1,"ks":{"o":{"a":1,"k":[{"i":{"x":[0.833],"y":[0.833]},"o":{"x":[0.167],"y":[0.167]},"t":12,"s":[0]},{"i":{"x":[0.833],"y":[0.833]},"o":{"x":[0.167],"y":[0.167]},"t":25,"s":[100]},{"i":{"x":[0.833],"y":[0.833]},"o":{"x":[0.167],"y":[0.167]},"t":428,"s":[100]},{"t":443,"s":[0]}],"ix":11},"r":{"a":0,"k":0,"ix":10},"p":{"a":1,"k":[{"i":{"x":0,"y":1},"o":{"x":0.05,"y":0},"t":12,"s":[50,1478,0],"to":[0,-225.5,0],"ti":[0,225.5,0]},{"i":{"x":0.95,"y":0.95},"o":{"x":0.167,"y":0.167},"t":25,"s":[50,125,0],"to":[0,0,0],"ti":[0,0,0]},{"i":{"x":0.95,"y":1},"o":{"x":1,"y":0},"t":428,"s":[50,125,0],"to":[0,-278.5,0],"ti":[0,278.5,0]},{"t":443,"s":[50,-1546,0]}],"ix":2,"l":2},"a":{"a":0,"k":[1687,25.5,0],"ix":1,"l":2},"s":{"a":0,"k":[100,100,100],"ix":6,"l":2}},"ao":0,"ef":[{"ty":21,"nm":"Fill","np":9,"mn":"ADBE Fill","ix":1,"en":1,"ef":[{"ty":10,"nm":"Fill Mask","mn":"ADBE Fill-0001","ix":1,"v":{"a":0,"k":0,"ix":1}},{"ty":7,"nm":"All Masks","mn":"ADBE Fill-0007","ix":2,"v":{"a":0,"k":0,"ix":2}},{"ty":2,"nm":"Color","mn":"ADBE Fill-0002","ix":3,"v":{"k":[{"s":[1,1,1,1],"t":12,"i":{"x":[1],"y":[1]},"o":{"x":[0],"y":[0]}},{"s":[1,1,1,1],"t":299,"i":{"x":[1],"y":[1]},"o":{"x":[0],"y":[0]}}]}},{"ty":7,"nm":"Invert","mn":"ADBE Fill-0006","ix":4,"v":{"a":0,"k":0,"ix":4}},{"ty":0,"nm":"Horizontal Feather","mn":"ADBE Fill-0003","ix":5,"v":{"a":0,"k":0,"ix":5}},{"ty":0,"nm":"Vertical Feather","mn":"ADBE Fill-0004","ix":6,"v":{"a":0,"k":0,"ix":6}},{"ty":0,"nm":"Opacity","mn":"ADBE Fill-0005","ix":7,"v":{"a":0,"k":1,"ix":7}}]}],"w":3374,"h":51,"ip":12,"op":462,"st":12,"bm":0},{"ddd":0,"ind":9,"ty":0,"nm":"PRE_Text 01 T09_08","parent":1,"refId":"comp_13","sr":1,"ks":{"o":{"a":1,"k":[{"i":{"x":[0.833],"y":[0.833]},"o":{"x":[0.167],"y":[0.167]},"t":14,"s":[0]},{"i":{"x":[0.833],"y":[0.833]},"o":{"x":[0.167],"y":[0.167]},"t":27,"s":[100]},{"i":{"x":[0.833],"y":[0.833]},"o":{"x":[0.167],"y":[0.167]},"t":430,"s":[100]},{"t":445,"s":[0]}],"ix":11},"r":{"a":0,"k":0,"ix":10},"p":{"a":1,"k":[{"i":{"x":0,"y":1},"o":{"x":0.05,"y":0},"t":14,"s":[50,1528,0],"to":[0,-225.5,0],"ti":[0,225.5,0]},{"i":{"x":0.95,"y":0.95},"o":{"x":0.167,"y":0.167},"t":27,"s":[50,175,0],"to":[0,0,0],"ti":[0,0,0]},{"i":{"x":0.95,"y":1},"o":{"x":1,"y":0},"t":430,"s":[50,175,0],"to":[0,-278.5,0],"ti":[0,278.5,0]},{"t":445,"s":[50,-1496,0]}],"ix":2,"l":2},"a":{"a":0,"k":[1687,25.5,0],"ix":1,"l":2},"s":{"a":0,"k":[100,100,100],"ix":6,"l":2}},"ao":0,"ef":[{"ty":21,"nm":"Fill","np":9,"mn":"ADBE Fill","ix":1,"en":1,"ef":[{"ty":10,"nm":"Fill Mask","mn":"ADBE Fill-0001","ix":1,"v":{"a":0,"k":0,"ix":1}},{"ty":7,"nm":"All Masks","mn":"ADBE Fill-0007","ix":2,"v":{"a":0,"k":0,"ix":2}},{"ty":2,"nm":"Color","mn":"ADBE Fill-0002","ix":3,"v":{"k":[{"s":[1,1,1,1],"t":14,"i":{"x":[1],"y":[1]},"o":{"x":[0],"y":[0]}},{"s":[1,1,1,1],"t":299,"i":{"x":[1],"y":[1]},"o":{"x":[0],"y":[0]}}]}},{"ty":7,"nm":"Invert","mn":"ADBE Fill-0006","ix":4,"v":{"a":0,"k":0,"ix":4}},{"ty":0,"nm":"Horizontal Feather","mn":"ADBE Fill-0003","ix":5,"v":{"a":0,"k":0,"ix":5}},{"ty":0,"nm":"Vertical Feather","mn":"ADBE Fill-0004","ix":6,"v":{"a":0,"k":0,"ix":6}},{"ty":0,"nm":"Opacity","mn":"ADBE Fill-0005","ix":7,"v":{"a":0,"k":1,"ix":7}}]}],"w":3374,"h":51,"ip":14,"op":464,"st":14,"bm":0},{"ddd":0,"ind":10,"ty":0,"nm":"PRE_Text 01 T09_09","parent":1,"refId":"comp_14","sr":1,"ks":{"o":{"a":1,"k":[{"i":{"x":[0.833],"y":[0.833]},"o":{"x":[0.167],"y":[0.167]},"t":16,"s":[0]},{"i":{"x":[0.833],"y":[0.833]},"o":{"x":[0.167],"y":[0.167]},"t":29,"s":[100]},{"i":{"x":[0.833],"y":[0.833]},"o":{"x":[0.167],"y":[0.167]},"t":432,"s":[100]},{"t":447,"s":[0]}],"ix":11},"r":{"a":0,"k":0,"ix":10},"p":{"a":1,"k":[{"i":{"x":0,"y":1},"o":{"x":0.05,"y":0},"t":16,"s":[50,1578,0],"to":[0,-225.5,0],"ti":[0,225.5,0]},{"i":{"x":0.95,"y":0.95},"o":{"x":0.167,"y":0.167},"t":29,"s":[50,225,0],"to":[0,0,0],"ti":[0,0,0]},{"i":{"x":0.95,"y":1},"o":{"x":1,"y":0},"t":432,"s":[50,225,0],"to":[0,-278.5,0],"ti":[0,278.5,0]},{"t":447,"s":[50,-1446,0]}],"ix":2,"l":2},"a":{"a":0,"k":[1687,25.5,0],"ix":1,"l":2},"s":{"a":0,"k":[100,100,100],"ix":6,"l":2}},"ao":0,"ef":[{"ty":21,"nm":"Fill","np":9,"mn":"ADBE Fill","ix":1,"en":1,"ef":[{"ty":10,"nm":"Fill Mask","mn":"ADBE Fill-0001","ix":1,"v":{"a":0,"k":0,"ix":1}},{"ty":7,"nm":"All Masks","mn":"ADBE Fill-0007","ix":2,"v":{"a":0,"k":0,"ix":2}},{"ty":2,"nm":"Color","mn":"ADBE Fill-0002","ix":3,"v":{"k":[{"s":[1,1,1,1],"t":16,"i":{"x":[1],"y":[1]},"o":{"x":[0],"y":[0]}},{"s":[1,1,1,1],"t":299,"i":{"x":[1],"y":[1]},"o":{"x":[0],"y":[0]}}]}},{"ty":7,"nm":"Invert","mn":"ADBE Fill-0006","ix":4,"v":{"a":0,"k":0,"ix":4}},{"ty":0,"nm":"Horizontal Feather","mn":"ADBE Fill-0003","ix":5,"v":{"a":0,"k":0,"ix":5}},{"ty":0,"nm":"Vertical Feather","mn":"ADBE Fill-0004","ix":6,"v":{"a":0,"k":0,"ix":6}},{"ty":0,"nm":"Opacity","mn":"ADBE Fill-0005","ix":7,"v":{"a":0,"k":1,"ix":7}}]}],"w":3374,"h":51,"ip":16,"op":466,"st":16,"bm":0},{"ddd":0,"ind":11,"ty":0,"nm":"PRE_Text 01 T09_10","parent":1,"refId":"comp_15","sr":1,"ks":{"o":{"a":1,"k":[{"i":{"x":[0.833],"y":[0.833]},"o":{"x":[0.167],"y":[0.167]},"t":18,"s":[0]},{"i":{"x":[0.833],"y":[0.833]},"o":{"x":[0.167],"y":[0.167]},"t":31,"s":[100]},{"i":{"x":[0.833],"y":[0.833]},"o":{"x":[0.167],"y":[0.167]},"t":434,"s":[100]},{"t":449,"s":[0]}],"ix":11},"r":{"a":0,"k":0,"ix":10},"p":{"a":1,"k":[{"i":{"x":0,"y":1},"o":{"x":0.05,"y":0},"t":18,"s":[50,1628,0],"to":[0,-225.5,0],"ti":[0,225.5,0]},{"i":{"x":0.95,"y":0.95},"o":{"x":0.167,"y":0.167},"t":31,"s":[50,275,0],"to":[0,0,0],"ti":[0,0,0]},{"i":{"x":0.95,"y":1},"o":{"x":1,"y":0},"t":434,"s":[50,275,0],"to":[0,-278.5,0],"ti":[0,278.5,0]},{"t":449,"s":[50,-1396,0]}],"ix":2,"l":2},"a":{"a":0,"k":[1687,25.5,0],"ix":1,"l":2},"s":{"a":0,"k":[100,100,100],"ix":6,"l":2}},"ao":0,"ef":[{"ty":21,"nm":"Fill","np":9,"mn":"ADBE Fill","ix":1,"en":1,"ef":[{"ty":10,"nm":"Fill Mask","mn":"ADBE Fill-0001","ix":1,"v":{"a":0,"k":0,"ix":1}},{"ty":7,"nm":"All Masks","mn":"ADBE Fill-0007","ix":2,"v":{"a":0,"k":0,"ix":2}},{"ty":2,"nm":"Color","mn":"ADBE Fill-0002","ix":3,"v":{"k":[{"s":[1,1,1,1],"t":18,"i":{"x":[1],"y":[1]},"o":{"x":[0],"y":[0]}},{"s":[1,1,1,1],"t":299,"i":{"x":[1],"y":[1]},"o":{"x":[0],"y":[0]}}]}},{"ty":7,"nm":"Invert","mn":"ADBE Fill-0006","ix":4,"v":{"a":0,"k":0,"ix":4}},{"ty":0,"nm":"Horizontal Feather","mn":"ADBE Fill-0003","ix":5,"v":{"a":0,"k":0,"ix":5}},{"ty":0,"nm":"Vertical Feather","mn":"ADBE Fill-0004","ix":6,"v":{"a":0,"k":0,"ix":6}},{"ty":0,"nm":"Opacity","mn":"ADBE Fill-0005","ix":7,"v":{"a":0,"k":1,"ix":7}}]}],"w":3374,"h":51,"ip":18,"op":468,"st":18,"bm":0}]},{"id":"comp_5","nm":"PRE_Text 01 T09_01","fr":30,"layers":[{"ddd":0,"ind":1,"ty":0,"nm":"Text 01 T09","refId":"comp_6","sr":1,"ks":{"o":{"a":0,"k":100,"ix":11},"r":{"a":0,"k":0,"ix":10},"p":{"a":0,"k":[1687,247.5,0],"ix":2,"l":2},"a":{"a":0,"k":[1687,247,0],"ix":1,"l":2},"s":{"a":0,"k":[100,100,100],"ix":6,"l":2}},"ao":0,"w":3374,"h":494,"ip":0,"op":450,"st":0,"bm":0}]},{"id":"comp_6","nm":"Text 01 T09","fr":30,"layers":[{"ddd":0,"ind":1,"ty":5,"nm":"title_line_1","sr":1,"ks":{"o":{"a":0,"k":100,"ix":11},"r":{"a":0,"k":0,"ix":10},"p":{"a":0,"k":[1675.888,466.946,0],"ix":2,"l":2},"a":{"a":0,"k":[0,0,0],"ix":1,"l":2},"s":{"a":0,"k":[100,100,100],"ix":6,"l":2}},"ao":0,"t":{"d":{"k":[{"s":{"s":600,"f":"Montserrat-Black","t":"123456","ca":1,"j":2,"tr":0,"lh":272,"ls":0,"fc":[1,1,1]},"t":0}]},"p":{},"m":{"g":1,"a":{"a":0,"k":[0,0],"ix":2}},"a":[]},"ip":0,"op":450,"st":0,"ct":1,"bm":0}]},{"id":"comp_7","nm":"PRE_Text 01 T09_02","fr":30,"layers":[{"ddd":0,"ind":1,"ty":0,"nm":"Text 01 T09","refId":"comp_6","sr":1,"ks":{"o":{"a":0,"k":100,"ix":11},"r":{"a":0,"k":0,"ix":10},"p":{"a":0,"k":[1687,-49.5,0],"ix":2,"l":2},"a":{"a":0,"k":[1687,0,0],"ix":1,"l":2},"s":{"a":0,"k":[100,100,100],"ix":6,"l":2}},"ao":0,"w":3374,"h":494,"ip":0,"op":450,"st":0,"bm":0}]},{"id":"comp_8","nm":"PRE_Text 01 T09_03","fr":30,"layers":[{"ddd":0,"ind":1,"ty":0,"nm":"Text 01 T09","refId":"comp_6","sr":1,"ks":{"o":{"a":0,"k":100,"ix":11},"r":{"a":0,"k":0,"ix":10},"p":{"a":0,"k":[1687,-99.5,0],"ix":2,"l":2},"a":{"a":0,"k":[1687,0,0],"ix":1,"l":2},"s":{"a":0,"k":[100,100,100],"ix":6,"l":2}},"ao":0,"w":3374,"h":494,"ip":0,"op":450,"st":0,"bm":0}]},{"id":"comp_9","nm":"PRE_Text 01 T09_04","fr":30,"layers":[{"ddd":0,"ind":1,"ty":0,"nm":"Text 01 T09","refId":"comp_6","sr":1,"ks":{"o":{"a":0,"k":100,"ix":11},"r":{"a":0,"k":0,"ix":10},"p":{"a":0,"k":[1687,-149.5,0],"ix":2,"l":2},"a":{"a":0,"k":[1687,0,0],"ix":1,"l":2},"s":{"a":0,"k":[100,100,100],"ix":6,"l":2}},"ao":0,"w":3374,"h":494,"ip":0,"op":450,"st":0,"bm":0}]},{"id":"comp_10","nm":"PRE_Text 01 T09_05","fr":30,"layers":[{"ddd":0,"ind":1,"ty":0,"nm":"Text 01 T09","refId":"comp_6","sr":1,"ks":{"o":{"a":0,"k":100,"ix":11},"r":{"a":0,"k":0,"ix":10},"p":{"a":0,"k":[1687,-199.5,0],"ix":2,"l":2},"a":{"a":0,"k":[1687,0,0],"ix":1,"l":2},"s":{"a":0,"k":[100,100,100],"ix":6,"l":2}},"ao":0,"w":3374,"h":494,"ip":0,"op":450,"st":0,"bm":0}]},{"id":"comp_11","nm":"PRE_Text 01 T09_06","fr":30,"layers":[{"ddd":0,"ind":1,"ty":0,"nm":"Text 01 T09","refId":"comp_6","sr":1,"ks":{"o":{"a":0,"k":100,"ix":11},"r":{"a":0,"k":0,"ix":10},"p":{"a":0,"k":[1687,-249.5,0],"ix":2,"l":2},"a":{"a":0,"k":[1687,0,0],"ix":1,"l":2},"s":{"a":0,"k":[100,100,100],"ix":6,"l":2}},"ao":0,"w":3374,"h":494,"ip":0,"op":450,"st":0,"bm":0}]},{"id":"comp_12","nm":"PRE_Text 01 T09_07","fr":30,"layers":[{"ddd":0,"ind":1,"ty":0,"nm":"Text 01 T09","refId":"comp_6","sr":1,"ks":{"o":{"a":0,"k":100,"ix":11},"r":{"a":0,"k":0,"ix":10},"p":{"a":0,"k":[1687,-299.5,0],"ix":2,"l":2},"a":{"a":0,"k":[1687,0,0],"ix":1,"l":2},"s":{"a":0,"k":[100,100,100],"ix":6,"l":2}},"ao":0,"w":3374,"h":494,"ip":0,"op":450,"st":0,"bm":0}]},{"id":"comp_13","nm":"PRE_Text 01 T09_08","fr":30,"layers":[{"ddd":0,"ind":1,"ty":0,"nm":"Text 01 T09","refId":"comp_6","sr":1,"ks":{"o":{"a":0,"k":100,"ix":11},"r":{"a":0,"k":0,"ix":10},"p":{"a":0,"k":[1687,-349.5,0],"ix":2,"l":2},"a":{"a":0,"k":[1687,0,0],"ix":1,"l":2},"s":{"a":0,"k":[100,100,100],"ix":6,"l":2}},"ao":0,"w":3374,"h":494,"ip":0,"op":450,"st":0,"bm":0}]},{"id":"comp_14","nm":"PRE_Text 01 T09_09","fr":30,"layers":[{"ddd":0,"ind":1,"ty":0,"nm":"Text 01 T09","refId":"comp_6","sr":1,"ks":{"o":{"a":0,"k":100,"ix":11},"r":{"a":0,"k":0,"ix":10},"p":{"a":0,"k":[1687,-399.5,0],"ix":2,"l":2},"a":{"a":0,"k":[1687,0,0],"ix":1,"l":2},"s":{"a":0,"k":[100,100,100],"ix":6,"l":2}},"ao":0,"w":3374,"h":494,"ip":0,"op":450,"st":0,"bm":0}]},{"id":"comp_15","nm":"PRE_Text 01 T09_10","fr":30,"layers":[{"ddd":0,"ind":1,"ty":0,"nm":"Text 01 T09","refId":"comp_6","sr":1,"ks":{"o":{"a":0,"k":100,"ix":11},"r":{"a":0,"k":0,"ix":10},"p":{"a":0,"k":[1687,-449.5,0],"ix":2,"l":2},"a":{"a":0,"k":[1687,0,0],"ix":1,"l":2},"s":{"a":0,"k":[100,100,100],"ix":6,"l":2}},"ao":0,"w":3374,"h":494,"ip":0,"op":450,"st":0,"bm":0}]},{"id":"comp_16","nm":"full_image_fast_turn_small","fr":30,"layers":[{"ddd":0,"ind":1,"ty":6,"nm":"Swoosh_Transition_23.wav","cl":"wav","refId":"audio_0","sr":0.3,"ip":0,"op":12.039,"st":0,"bm":0},{"ddd":0,"ind":2,"ty":0,"nm":"a_1","refId":"comp_17","sr":1,"ks":{"o":{"a":0,"k":100,"ix":11},"r":{"a":0,"k":0,"ix":10},"p":{"a":0,"k":[540,960,0],"ix":2,"l":2},"a":{"a":0,"k":[540,960,0],"ix":1,"l":2},"s":{"a":1,"k":[{"i":{"x":[0.05,0.05,0.05],"y":[1,1,1]},"o":{"x":[0.5,0.5,0.5],"y":[0,0,0]},"t":0,"s":[100,100,100]},{"t":15,"s":[70,70,100]}],"ix":6,"l":2}},"ao":0,"sy":[{"c":{"a":0,"k":[1,1,1,1],"ix":5},"o":{"a":0,"k":75,"ix":2},"s":{"a":1,"k":[{"i":{"x":[0.05],"y":[1]},"o":{"x":[0.5],"y":[0]},"t":0,"s":[0]},{"t":15,"s":[100]}],"ix":10},"r":{"a":0,"k":100,"ix":11},"ch":{"a":0,"k":0,"ix":9},"bm":{"a":0,"k":11,"ix":1},"no":{"a":0,"k":0,"ix":3},"j":{"a":0,"k":0,"ix":12},"ty":3,"nm":"Outer Glow"}],"w":1080,"h":1920,"ip":0,"op":450,"st":0,"bm":0},{"ddd":0,"ind":3,"ty":4,"nm":"black","sr":1,"ks":{"o":{"a":0,"k":100,"ix":11},"r":{"a":0,"k":0,"ix":10},"p":{"a":0,"k":[540,960,0],"ix":2,"l":2},"a":{"a":0,"k":[0,0,0],"ix":1,"l":2},"s":{"a":0,"k":[100,100,100],"ix":6,"l":2}},"ao":0,"shapes":[{"ty":"gr","it":[{"ty":"rc","d":1,"s":{"a":0,"k":[1080,1920],"ix":2},"p":{"a":0,"k":[0,0],"ix":3},"r":{"a":0,"k":0,"ix":4},"nm":"Rectangle Path 1","mn":"ADBE Vector Shape - Rect","hd":false},{"ty":"fl","c":{"a":0,"k":[0,0,0,1],"ix":4},"o":{"a":0,"k":100,"ix":5},"r":1,"bm":0,"nm":"Fill 1","mn":"ADBE Vector Graphic - Fill","hd":false},{"ty":"tr","p":{"a":0,"k":[0,0],"ix":2},"a":{"a":0,"k":[0,0],"ix":1},"s":{"a":0,"k":[100,100],"ix":3},"r":{"a":0,"k":0,"ix":6},"o":{"a":0,"k":100,"ix":7},"sk":{"a":0,"k":0,"ix":4},"sa":{"a":0,"k":0,"ix":5},"nm":"Transform"}],"nm":"Rectangle 3","np":2,"cix":2,"bm":0,"ix":1,"mn":"ADBE Vector Group","hd":false}],"ip":0,"op":450,"st":0,"ct":1,"bm":0}]},{"id":"comp_17","nm":"a_1","fr":30,"layers":[{"ddd":0,"ind":1,"ty":2,"nm":"a_1","refId":"a_1","sr":1,"ks":{"o":{"a":0,"k":100,"ix":11},"r":{"a":0,"k":0,"ix":10},"p":{"a":0,"k":[540,960,0],"ix":2,"l":2},"a":{"a":0,"k":[960,960,0],"ix":1,"l":2},"s":{"a":0,"k":[100,100,100],"ix":6,"l":2}},"ao":0,"ip":0,"op":450,"st":0,"bm":0}]}],"fonts":{"list":[{"origin":0,"fPath":"","fClass":"","fFamily":"Montserrat","fWeight":"","fStyle":"Black","fName":"Montserrat-Black","ascent":78.2477905973792}]},"layers":[{"ddd":0,"ind":1,"ty":0,"nm":"Moder Typography Titles 09","refId":"comp_0","sr":1,"ks":{"o":{"a":0,"k":100,"ix":11},"r":{"a":0,"k":0,"ix":10},"p":{"a":0,"k":[540,960,0],"ix":2,"l":2},"a":{"a":0,"k":[1920,1080,0],"ix":1,"l":2},"s":{"a":0,"k":[30,30,100],"ix":6,"l":2}},"ao":0,"w":3840,"h":2160,"ip":0,"op":450,"st":0,"bm":0},{"ddd":0,"ind":2,"ty":0,"nm":"full_image_fast_turn_small","refId":"comp_16","sr":1,"ks":{"o":{"a":0,"k":100,"ix":11},"r":{"a":0,"k":0,"ix":10},"p":{"a":0,"k":[540,960,0],"ix":2,"l":2},"a":{"a":0,"k":[540,960,0],"ix":1,"l":2},"s":{"a":0,"k":[100,100,100],"ix":6,"l":2}},"ao":0,"w":1080,"h":1920,"ip":0,"op":450,"st":0,"bm":0}],"markers":[],"props":{}}