{"v":"5.12.1","fr":60,"ip":0,"op":600,"w":1080,"h":1920,"nm":"animated_title_3","ddd":0,"assets":[{"id":"a_1","w":1920,"h":1920,"u":"images/","p":"a_1.png","e":0},{"id":"audio_0","u":"images/","p":"Swoosh_03_04.wav","e":0,"t":2},{"id":"audio_1","u":"images/","p":"Swoosh_03_05.wav","e":0,"t":2},{"id":"comp_0","nm":"full_image_fast_zoom_emphasis","fr":60,"layers":[{"ddd":0,"ind":1,"ty":6,"nm":"Swoosh_03_04.wav","cl":"wav","refId":"audio_0","sr":1,"ip":90,"op":110.9975,"st":90,"bm":0},{"ddd":0,"ind":2,"ty":6,"nm":"Swoosh_03_05.wav","cl":"wav","refId":"audio_1","sr":1,"ip":12,"op":27.144375,"st":12,"bm":0},{"ddd":0,"ind":3,"ty":0,"nm":"a_1","refId":"comp_1","sr":1,"ks":{"o":{"a":0,"k":100,"ix":11},"r":{"a":0,"k":0,"ix":10},"p":{"a":0,"k":[540,960,0],"ix":2,"l":2},"a":{"a":0,"k":[540,960,0],"ix":1,"l":2},"s":{"a":1,"k":[{"i":{"x":[0.05,0.05,0.05],"y":[1,1,1]},"o":{"x":[0.95,0.95,0.95],"y":[0,0,0]},"t":0,"s":[100,100,100]},{"i":{"x":[0.05,0.05,0.05],"y":[1,1,1]},"o":{"x":[0.95,0.95,0.95],"y":[0,0,0]},"t":30,"s":[150,150,100]},{"i":{"x":[0.05,0.05,0.05],"y":[1,1,1]},"o":{"x":[0.95,0.95,0.95],"y":[0,0,0]},"t":60,"s":[150,150,100]},{"t":120,"s":[100,100,100]}],"ix":6,"l":2}},"ao":0,"w":1080,"h":1920,"ip":0,"op":600,"st":0,"bm":0}]},{"id":"comp_1","nm":"a_1","fr":60,"layers":[{"ddd":0,"ind":1,"ty":2,"nm":"a_1","refId":"a_1","sr":1,"ks":{"o":{"a":0,"k":100,"ix":11},"r":{"a":0,"k":0,"ix":10},"p":{"a":0,"k":[540,960,0],"ix":2,"l":2},"a":{"a":0,"k":[960,960,0],"ix":1,"l":2},"s":{"a":0,"k":[100,100,100],"ix":6,"l":2}},"ao":0,"ip":0,"op":900,"st":0,"bm":0}]}],"fonts":{"list":[{"origin":0,"fPath":"","fClass":"","fFamily":"Montserrat","fWeight":"","fStyle":"Bold","fName":"Montserrat-Bold","ascent":78.2477905973792}]},"layers":[{"ddd":0,"ind":1,"ty":5,"nm":"title_line_1","sr":1,"ks":{"o":{"k":[{"s":[0],"t":17,"i":{"x":[1],"y":[1]},"o":{"x":[0],"y":[0]}},{"s":[13.853],"t":18,"i":{"x":[1],"y":[1]},"o":{"x":[0],"y":[0]}},{"s":[26.127],"t":19,"i":{"x":[1],"y":[1]},"o":{"x":[0],"y":[0]}},{"s":[36.96],"t":20,"i":{"x":[1],"y":[1]},"o":{"x":[0],"y":[0]}},{"s":[46.483],"t":21,"i":{"x":[1],"y":[1]},"o":{"x":[0],"y":[0]}},{"s":[54.819],"t":22,"i":{"x":[1],"y":[1]},"o":{"x":[0],"y":[0]}},{"s":[62.082],"t":23,"i":{"x":[1],"y":[1]},"o":{"x":[0],"y":[0]}},{"s":[68.379],"t":24,"i":{"x":[1],"y":[1]},"o":{"x":[0],"y":[0]}},{"s":[73.811],"t":25,"i":{"x":[1],"y":[1]},"o":{"x":[0],"y":[0]}},{"s":[78.469],"t":26,"i":{"x":[1],"y":[1]},"o":{"x":[0],"y":[0]}},{"s":[82.439],"t":27,"i":{"x":[1],"y":[1]},"o":{"x":[0],"y":[0]}},{"s":[85.801],"t":28,"i":{"x":[1],"y":[1]},"o":{"x":[0],"y":[0]}},{"s":[88.627],"t":29,"i":{"x":[1],"y":[1]},"o":{"x":[0],"y":[0]}},{"s":[90.984],"t":30,"i":{"x":[1],"y":[1]},"o":{"x":[0],"y":[0]}},{"s":[92.933],"t":31,"i":{"x":[1],"y":[1]},"o":{"x":[0],"y":[0]}},{"s":[94.529],"t":32,"i":{"x":[1],"y":[1]},"o":{"x":[0],"y":[0]}},{"s":[95.823],"t":33,"i":{"x":[1],"y":[1]},"o":{"x":[0],"y":[0]}},{"s":[96.86],"t":34,"i":{"x":[1],"y":[1]},"o":{"x":[0],"y":[0]}},{"s":[97.679],"t":35,"i":{"x":[1],"y":[1]},"o":{"x":[0],"y":[0]}},{"s":[98.318],"t":36,"i":{"x":[1],"y":[1]},"o":{"x":[0],"y":[0]}},{"s":[98.808],"t":37,"i":{"x":[1],"y":[1]},"o":{"x":[0],"y":[0]}},{"s":[99.176],"t":38,"i":{"x":[1],"y":[1]},"o":{"x":[0],"y":[0]}},{"s":[99.447],"t":39,"i":{"x":[1],"y":[1]},"o":{"x":[0],"y":[0]}},{"s":[99.642],"t":40,"i":{"x":[1],"y":[1]},"o":{"x":[0],"y":[0]}},{"s":[99.777],"t":41,"i":{"x":[1],"y":[1]},"o":{"x":[0],"y":[0]}},{"s":[99.868],"t":42,"i":{"x":[1],"y":[1]},"o":{"x":[0],"y":[0]}},{"s":[99.962],"t":44,"i":{"x":[1],"y":[1]},"o":{"x":[0],"y":[0]}}]},"r":{"a":0,"k":0,"ix":10},"p":{"k":[{"s":[542.434,369.5,0],"t":17,"i":{"x":1,"y":1},"o":{"x":0,"y":0}},{"s":[542.434,364.365,0],"t":18,"i":{"x":1,"y":1},"o":{"x":0,"y":0}},{"s":[542.434,359.532,0],"t":19,"i":{"x":1,"y":1},"o":{"x":0,"y":0}},{"s":[542.434,354.991,0],"t":20,"i":{"x":1,"y":1},"o":{"x":0,"y":0}},{"s":[542.434,350.733,0],"t":21,"i":{"x":1,"y":1},"o":{"x":0,"y":0}},{"s":[542.434,346.75,0],"t":22,"i":{"x":1,"y":1},"o":{"x":0,"y":0}},{"s":[542.434,343.032,0],"t":23,"i":{"x":1,"y":1},"o":{"x":0,"y":0}},{"s":[542.434,339.57,0],"t":24,"i":{"x":1,"y":1},"o":{"x":0,"y":0}},{"s":[542.434,336.355,0],"t":25,"i":{"x":1,"y":1},"o":{"x":0,"y":0}},{"s":[542.434,333.378,0],"t":26,"i":{"x":1,"y":1},"o":{"x":0,"y":0}},{"s":[542.434,330.629,0],"t":27,"i":{"x":1,"y":1},"o":{"x":0,"y":0}},{"s":[542.434,328.1,0],"t":28,"i":{"x":1,"y":1},"o":{"x":0,"y":0}},{"s":[542.434,325.781,0],"t":29,"i":{"x":1,"y":1},"o":{"x":0,"y":0}},{"s":[542.434,323.663,0],"t":30,"i":{"x":1,"y":1},"o":{"x":0,"y":0}},{"s":[542.434,321.738,0],"t":31,"i":{"x":1,"y":1},"o":{"x":0,"y":0}},{"s":[542.434,319.995,0],"t":32,"i":{"x":1,"y":1},"o":{"x":0,"y":0}},{"s":[542.434,318.426,0],"t":33,"i":{"x":1,"y":1},"o":{"x":0,"y":0}},{"s":[542.434,317.022,0],"t":34,"i":{"x":1,"y":1},"o":{"x":0,"y":0}},{"s":[542.434,315.773,0],"t":35,"i":{"x":1,"y":1},"o":{"x":0,"y":0}},{"s":[542.434,314.671,0],"t":36,"i":{"x":1,"y":1},"o":{"x":0,"y":0}},{"s":[542.434,313.706,0],"t":37,"i":{"x":1,"y":1},"o":{"x":0,"y":0}},{"s":[542.434,312.87,0],"t":38,"i":{"x":1,"y":1},"o":{"x":0,"y":0}},{"s":[542.434,312.152,0],"t":39,"i":{"x":1,"y":1},"o":{"x":0,"y":0}},{"s":[542.434,311.544,0],"t":40,"i":{"x":1,"y":1},"o":{"x":0,"y":0}},{"s":[542.434,311.037,0],"t":41,"i":{"x":1,"y":1},"o":{"x":0,"y":0}},{"s":[542.434,310.622,0],"t":42,"i":{"x":1,"y":1},"o":{"x":0,"y":0}},{"s":[542.434,310.289,0],"t":43,"i":{"x":1,"y":1},"o":{"x":0,"y":0}},{"s":[542.434,310.03,0],"t":44,"i":{"x":1,"y":1},"o":{"x":0,"y":0}},{"s":[542.434,309.834,0],"t":45,"i":{"x":1,"y":1},"o":{"x":0,"y":0}},{"s":[542.434,309.542,0],"t":48,"i":{"x":1,"y":1},"o":{"x":0,"y":0}}],"l":2},"a":{"a":0,"k":[2.42,-110.684,0],"ix":1,"l":2},"s":{"a":0,"k":[100,100,100],"ix":6,"l":2}},"ao":0,"ef":[{"ty":25,"nm":"Drop Shadow","np":8,"mn":"ADBE Drop Shadow","ix":1,"en":1,"ef":[{"ty":2,"nm":"Shadow Color","mn":"ADBE Drop Shadow-0001","ix":1,"v":{"a":0,"k":[0,0,0,1],"ix":1}},{"ty":0,"nm":"Opacity","mn":"ADBE Drop Shadow-0002","ix":2,"v":{"a":0,"k":255,"ix":2}},{"ty":0,"nm":"Direction","mn":"ADBE Drop Shadow-0003","ix":3,"v":{"a":0,"k":180,"ix":3}},{"ty":0,"nm":"Distance","mn":"ADBE Drop Shadow-0004","ix":4,"v":{"a":0,"k":4,"ix":4}},{"ty":0,"nm":"Softness","mn":"ADBE Drop Shadow-0005","ix":5,"v":{"a":0,"k":200,"ix":5}},{"ty":7,"nm":"Shadow Only","mn":"ADBE Drop Shadow-0006","ix":6,"v":{"a":0,"k":0,"ix":6}}]},{"ty":5,"nm":"AC IN [XUT] Controls","np":3,"mn":"Pseudo/MHAC PrCtrl XUT 7","ix":2,"en":1,"ef":[{"ty":3,"nm":"Position","mn":"Pseudo/MHAC PrCtrl XUT 7-0001","ix":1,"v":{"a":0,"k":[0,60],"ix":1}}]}],"t":{"d":{"k":[{"s":{"sz":[992.085083007812,307.604675292969],"ps":[-496.042541503906,-153.802337646484],"s":110,"f":"Montserrat-Bold","t":"INORDER TO","ca":0,"j":2,"tr":-20,"lh":143,"ls":0,"fc":[1,1,1]},"t":0}]},"p":{},"m":{"g":1,"a":{"a":0,"k":[0,0],"ix":2}},"a":[]},"ip":17,"op":617,"st":17,"ct":1,"bm":0},{"ddd":0,"ind":2,"ty":5,"nm":"title_line_2","sr":1,"ks":{"o":{"k":[{"s":[0],"t":25,"i":{"x":[1],"y":[1]},"o":{"x":[0],"y":[0]}},{"s":[13.853],"t":26,"i":{"x":[1],"y":[1]},"o":{"x":[0],"y":[0]}},{"s":[26.127],"t":27,"i":{"x":[1],"y":[1]},"o":{"x":[0],"y":[0]}},{"s":[36.96],"t":28,"i":{"x":[1],"y":[1]},"o":{"x":[0],"y":[0]}},{"s":[46.483],"t":29,"i":{"x":[1],"y":[1]},"o":{"x":[0],"y":[0]}},{"s":[54.819],"t":30,"i":{"x":[1],"y":[1]},"o":{"x":[0],"y":[0]}},{"s":[62.082],"t":31,"i":{"x":[1],"y":[1]},"o":{"x":[0],"y":[0]}},{"s":[68.379],"t":32,"i":{"x":[1],"y":[1]},"o":{"x":[0],"y":[0]}},{"s":[73.811],"t":33,"i":{"x":[1],"y":[1]},"o":{"x":[0],"y":[0]}},{"s":[78.469],"t":34,"i":{"x":[1],"y":[1]},"o":{"x":[0],"y":[0]}},{"s":[82.439],"t":35,"i":{"x":[1],"y":[1]},"o":{"x":[0],"y":[0]}},{"s":[85.801],"t":36,"i":{"x":[1],"y":[1]},"o":{"x":[0],"y":[0]}},{"s":[88.627],"t":37,"i":{"x":[1],"y":[1]},"o":{"x":[0],"y":[0]}},{"s":[90.984],"t":38,"i":{"x":[1],"y":[1]},"o":{"x":[0],"y":[0]}},{"s":[92.933],"t":39,"i":{"x":[1],"y":[1]},"o":{"x":[0],"y":[0]}},{"s":[94.529],"t":40,"i":{"x":[1],"y":[1]},"o":{"x":[0],"y":[0]}},{"s":[95.823],"t":41,"i":{"x":[1],"y":[1]},"o":{"x":[0],"y":[0]}},{"s":[96.86],"t":42,"i":{"x":[1],"y":[1]},"o":{"x":[0],"y":[0]}},{"s":[97.679],"t":43,"i":{"x":[1],"y":[1]},"o":{"x":[0],"y":[0]}},{"s":[98.318],"t":44,"i":{"x":[1],"y":[1]},"o":{"x":[0],"y":[0]}},{"s":[98.808],"t":45,"i":{"x":[1],"y":[1]},"o":{"x":[0],"y":[0]}},{"s":[99.176],"t":46,"i":{"x":[1],"y":[1]},"o":{"x":[0],"y":[0]}},{"s":[99.447],"t":47,"i":{"x":[1],"y":[1]},"o":{"x":[0],"y":[0]}},{"s":[99.642],"t":48,"i":{"x":[1],"y":[1]},"o":{"x":[0],"y":[0]}},{"s":[99.777],"t":49,"i":{"x":[1],"y":[1]},"o":{"x":[0],"y":[0]}},{"s":[99.868],"t":50,"i":{"x":[1],"y":[1]},"o":{"x":[0],"y":[0]}},{"s":[99.962],"t":52,"i":{"x":[1],"y":[1]},"o":{"x":[0],"y":[0]}}]},"r":{"a":0,"k":0,"ix":10},"p":{"k":[{"s":[542.741,537.5,0],"t":25,"i":{"x":1,"y":1},"o":{"x":0,"y":0}},{"s":[542.741,532.365,0],"t":26,"i":{"x":1,"y":1},"o":{"x":0,"y":0}},{"s":[542.741,527.532,0],"t":27,"i":{"x":1,"y":1},"o":{"x":0,"y":0}},{"s":[542.741,522.991,0],"t":28,"i":{"x":1,"y":1},"o":{"x":0,"y":0}},{"s":[542.741,518.733,0],"t":29,"i":{"x":1,"y":1},"o":{"x":0,"y":0}},{"s":[542.741,514.75,0],"t":30,"i":{"x":1,"y":1},"o":{"x":0,"y":0}},{"s":[542.741,511.032,0],"t":31,"i":{"x":1,"y":1},"o":{"x":0,"y":0}},{"s":[542.741,507.57,0],"t":32,"i":{"x":1,"y":1},"o":{"x":0,"y":0}},{"s":[542.741,504.355,0],"t":33,"i":{"x":1,"y":1},"o":{"x":0,"y":0}},{"s":[542.741,501.378,0],"t":34,"i":{"x":1,"y":1},"o":{"x":0,"y":0}},{"s":[542.741,498.629,0],"t":35,"i":{"x":1,"y":1},"o":{"x":0,"y":0}},{"s":[542.741,496.1,0],"t":36,"i":{"x":1,"y":1},"o":{"x":0,"y":0}},{"s":[542.741,493.781,0],"t":37,"i":{"x":1,"y":1},"o":{"x":0,"y":0}},{"s":[542.741,491.663,0],"t":38,"i":{"x":1,"y":1},"o":{"x":0,"y":0}},{"s":[542.741,489.738,0],"t":39,"i":{"x":1,"y":1},"o":{"x":0,"y":0}},{"s":[542.741,487.995,0],"t":40,"i":{"x":1,"y":1},"o":{"x":0,"y":0}},{"s":[542.741,486.426,0],"t":41,"i":{"x":1,"y":1},"o":{"x":0,"y":0}},{"s":[542.741,485.022,0],"t":42,"i":{"x":1,"y":1},"o":{"x":0,"y":0}},{"s":[542.741,483.773,0],"t":43,"i":{"x":1,"y":1},"o":{"x":0,"y":0}},{"s":[542.741,482.671,0],"t":44,"i":{"x":1,"y":1},"o":{"x":0,"y":0}},{"s":[542.741,481.706,0],"t":45,"i":{"x":1,"y":1},"o":{"x":0,"y":0}},{"s":[542.741,480.87,0],"t":46,"i":{"x":1,"y":1},"o":{"x":0,"y":0}},{"s":[542.741,480.152,0],"t":47,"i":{"x":1,"y":1},"o":{"x":0,"y":0}},{"s":[542.741,479.544,0],"t":48,"i":{"x":1,"y":1},"o":{"x":0,"y":0}},{"s":[542.741,479.037,0],"t":49,"i":{"x":1,"y":1},"o":{"x":0,"y":0}},{"s":[542.741,478.622,0],"t":50,"i":{"x":1,"y":1},"o":{"x":0,"y":0}},{"s":[542.741,478.289,0],"t":51,"i":{"x":1,"y":1},"o":{"x":0,"y":0}},{"s":[542.741,477.834,0],"t":53,"i":{"x":1,"y":1},"o":{"x":0,"y":0}}],"l":2},"a":{"a":0,"k":[2.76,-111.426,0],"ix":1,"l":2},"s":{"a":0,"k":[100,100,100],"ix":6,"l":2}},"ao":0,"ef":[{"ty":25,"nm":"Drop Shadow","np":8,"mn":"ADBE Drop Shadow","ix":1,"en":1,"ef":[{"ty":2,"nm":"Shadow Color","mn":"ADBE Drop Shadow-0001","ix":1,"v":{"a":0,"k":[0,0,0,1],"ix":1}},{"ty":0,"nm":"Opacity","mn":"ADBE Drop Shadow-0002","ix":2,"v":{"a":0,"k":255,"ix":2}},{"ty":0,"nm":"Direction","mn":"ADBE Drop Shadow-0003","ix":3,"v":{"a":0,"k":180,"ix":3}},{"ty":0,"nm":"Distance","mn":"ADBE Drop Shadow-0004","ix":4,"v":{"a":0,"k":4,"ix":4}},{"ty":0,"nm":"Softness","mn":"ADBE Drop Shadow-0005","ix":5,"v":{"a":0,"k":200,"ix":5}},{"ty":7,"nm":"Shadow Only","mn":"ADBE Drop Shadow-0006","ix":6,"v":{"a":0,"k":0,"ix":6}}]},{"ty":5,"nm":"AC IN [XUT] Controls","np":3,"mn":"Pseudo/MHAC PrCtrl XUT 7","ix":2,"en":1,"ef":[{"ty":3,"nm":"Position","mn":"Pseudo/MHAC PrCtrl XUT 7-0001","ix":1,"v":{"a":0,"k":[0,60],"ix":1}}]}],"t":{"d":{"k":[{"s":{"sz":[1031.66137695312,403.167175292969],"ps":[-515.830688476562,-201.583587646484],"s":230,"f":"Montserrat-Bold","t":"START","ca":0,"j":2,"tr":-20,"lh":299,"ls":0,"fc":[1,1,1]},"t":0}]},"p":{},"m":{"g":1,"a":{"a":0,"k":[0,0],"ix":2}},"a":[]},"ip":25,"op":625,"st":25,"ct":1,"bm":0},{"ddd":0,"ind":3,"ty":5,"nm":"title_line_3","sr":1,"ks":{"o":{"k":[{"s":[0],"t":33,"i":{"x":[1],"y":[1]},"o":{"x":[0],"y":[0]}},{"s":[13.853],"t":34,"i":{"x":[1],"y":[1]},"o":{"x":[0],"y":[0]}},{"s":[26.127],"t":35,"i":{"x":[1],"y":[1]},"o":{"x":[0],"y":[0]}},{"s":[36.96],"t":36,"i":{"x":[1],"y":[1]},"o":{"x":[0],"y":[0]}},{"s":[46.483],"t":37,"i":{"x":[1],"y":[1]},"o":{"x":[0],"y":[0]}},{"s":[54.819],"t":38,"i":{"x":[1],"y":[1]},"o":{"x":[0],"y":[0]}},{"s":[62.082],"t":39,"i":{"x":[1],"y":[1]},"o":{"x":[0],"y":[0]}},{"s":[68.379],"t":40,"i":{"x":[1],"y":[1]},"o":{"x":[0],"y":[0]}},{"s":[73.811],"t":41,"i":{"x":[1],"y":[1]},"o":{"x":[0],"y":[0]}},{"s":[78.469],"t":42,"i":{"x":[1],"y":[1]},"o":{"x":[0],"y":[0]}},{"s":[82.439],"t":43,"i":{"x":[1],"y":[1]},"o":{"x":[0],"y":[0]}},{"s":[85.801],"t":44,"i":{"x":[1],"y":[1]},"o":{"x":[0],"y":[0]}},{"s":[88.627],"t":45,"i":{"x":[1],"y":[1]},"o":{"x":[0],"y":[0]}},{"s":[90.984],"t":46,"i":{"x":[1],"y":[1]},"o":{"x":[0],"y":[0]}},{"s":[92.933],"t":47,"i":{"x":[1],"y":[1]},"o":{"x":[0],"y":[0]}},{"s":[94.529],"t":48,"i":{"x":[1],"y":[1]},"o":{"x":[0],"y":[0]}},{"s":[95.823],"t":49,"i":{"x":[1],"y":[1]},"o":{"x":[0],"y":[0]}},{"s":[96.86],"t":50,"i":{"x":[1],"y":[1]},"o":{"x":[0],"y":[0]}},{"s":[97.679],"t":51,"i":{"x":[1],"y":[1]},"o":{"x":[0],"y":[0]}},{"s":[98.318],"t":52,"i":{"x":[1],"y":[1]},"o":{"x":[0],"y":[0]}},{"s":[98.808],"t":53,"i":{"x":[1],"y":[1]},"o":{"x":[0],"y":[0]}},{"s":[99.176],"t":54,"i":{"x":[1],"y":[1]},"o":{"x":[0],"y":[0]}},{"s":[99.447],"t":55,"i":{"x":[1],"y":[1]},"o":{"x":[0],"y":[0]}},{"s":[99.642],"t":56,"i":{"x":[1],"y":[1]},"o":{"x":[0],"y":[0]}},{"s":[99.777],"t":57,"i":{"x":[1],"y":[1]},"o":{"x":[0],"y":[0]}},{"s":[99.868],"t":58,"i":{"x":[1],"y":[1]},"o":{"x":[0],"y":[0]}},{"s":[99.962],"t":60,"i":{"x":[1],"y":[1]},"o":{"x":[0],"y":[0]}}]},"r":{"a":0,"k":0,"ix":10},"p":{"k":[{"s":[542.495,743.75,0],"t":33,"i":{"x":1,"y":1},"o":{"x":0,"y":0}},{"s":[542.495,738.615,0],"t":34,"i":{"x":1,"y":1},"o":{"x":0,"y":0}},{"s":[542.495,733.782,0],"t":35,"i":{"x":1,"y":1},"o":{"x":0,"y":0}},{"s":[542.495,729.241,0],"t":36,"i":{"x":1,"y":1},"o":{"x":0,"y":0}},{"s":[542.495,724.983,0],"t":37,"i":{"x":1,"y":1},"o":{"x":0,"y":0}},{"s":[542.495,721,0],"t":38,"i":{"x":1,"y":1},"o":{"x":0,"y":0}},{"s":[542.495,717.282,0],"t":39,"i":{"x":1,"y":1},"o":{"x":0,"y":0}},{"s":[542.495,713.82,0],"t":40,"i":{"x":1,"y":1},"o":{"x":0,"y":0}},{"s":[542.495,710.605,0],"t":41,"i":{"x":1,"y":1},"o":{"x":0,"y":0}},{"s":[542.495,707.628,0],"t":42,"i":{"x":1,"y":1},"o":{"x":0,"y":0}},{"s":[542.495,704.879,0],"t":43,"i":{"x":1,"y":1},"o":{"x":0,"y":0}},{"s":[542.495,702.35,0],"t":44,"i":{"x":1,"y":1},"o":{"x":0,"y":0}},{"s":[542.495,700.031,0],"t":45,"i":{"x":1,"y":1},"o":{"x":0,"y":0}},{"s":[542.495,697.913,0],"t":46,"i":{"x":1,"y":1},"o":{"x":0,"y":0}},{"s":[542.495,695.988,0],"t":47,"i":{"x":1,"y":1},"o":{"x":0,"y":0}},{"s":[542.495,694.245,0],"t":48,"i":{"x":1,"y":1},"o":{"x":0,"y":0}},{"s":[542.495,692.676,0],"t":49,"i":{"x":1,"y":1},"o":{"x":0,"y":0}},{"s":[542.495,691.272,0],"t":50,"i":{"x":1,"y":1},"o":{"x":0,"y":0}},{"s":[542.495,690.023,0],"t":51,"i":{"x":1,"y":1},"o":{"x":0,"y":0}},{"s":[542.495,688.921,0],"t":52,"i":{"x":1,"y":1},"o":{"x":0,"y":0}},{"s":[542.495,687.956,0],"t":53,"i":{"x":1,"y":1},"o":{"x":0,"y":0}},{"s":[542.495,687.12,0],"t":54,"i":{"x":1,"y":1},"o":{"x":0,"y":0}},{"s":[542.495,686.402,0],"t":55,"i":{"x":1,"y":1},"o":{"x":0,"y":0}},{"s":[542.495,685.794,0],"t":56,"i":{"x":1,"y":1},"o":{"x":0,"y":0}},{"s":[542.495,685.287,0],"t":57,"i":{"x":1,"y":1},"o":{"x":0,"y":0}},{"s":[542.495,684.872,0],"t":58,"i":{"x":1,"y":1},"o":{"x":0,"y":0}},{"s":[542.495,684.28,0],"t":60,"i":{"x":1,"y":1},"o":{"x":0,"y":0}}],"l":2},"a":{"a":0,"k":[2.537,-111.089,0],"ix":1,"l":2},"s":{"a":0,"k":[100,100,100],"ix":6,"l":2}},"ao":0,"ef":[{"ty":25,"nm":"Drop Shadow","np":8,"mn":"ADBE Drop Shadow","ix":1,"en":1,"ef":[{"ty":2,"nm":"Shadow Color","mn":"ADBE Drop Shadow-0001","ix":1,"v":{"a":0,"k":[0,0,0,1],"ix":1}},{"ty":0,"nm":"Opacity","mn":"ADBE Drop Shadow-0002","ix":2,"v":{"a":0,"k":255,"ix":2}},{"ty":0,"nm":"Direction","mn":"ADBE Drop Shadow-0003","ix":3,"v":{"a":0,"k":180,"ix":3}},{"ty":0,"nm":"Distance","mn":"ADBE Drop Shadow-0004","ix":4,"v":{"a":0,"k":4,"ix":4}},{"ty":0,"nm":"Softness","mn":"ADBE Drop Shadow-0005","ix":5,"v":{"a":0,"k":200,"ix":5}},{"ty":7,"nm":"Shadow Only","mn":"ADBE Drop Shadow-0006","ix":6,"v":{"a":0,"k":0,"ix":6}}]},{"ty":5,"nm":"AC IN [XUT] Controls","np":3,"mn":"Pseudo/MHAC PrCtrl XUT 7","ix":2,"en":1,"ef":[{"ty":3,"nm":"Position","mn":"Pseudo/MHAC PrCtrl XUT 7-0001","ix":1,"v":{"a":0,"k":[0,60],"ix":1}}]}],"t":{"d":{"k":[{"s":{"sz":[1015.15606689453,359.373443603516],"ps":[-507.578033447266,-179.686721801758],"s":175,"f":"Montserrat-Bold","t":"MAKING","ca":0,"j":2,"tr":-20,"lh":227.5,"ls":0,"fc":[1,1,1]},"t":0}]},"p":{},"m":{"g":1,"a":{"a":0,"k":[0,0],"ix":2}},"a":[]},"ip":33,"op":633,"st":33,"ct":1,"bm":0},{"ddd":0,"ind":4,"ty":5,"nm":"title_line_4","sr":1,"ks":{"o":{"k":[{"s":[0],"t":41,"i":{"x":[1],"y":[1]},"o":{"x":[0],"y":[0]}},{"s":[13.853],"t":42,"i":{"x":[1],"y":[1]},"o":{"x":[0],"y":[0]}},{"s":[26.127],"t":43,"i":{"x":[1],"y":[1]},"o":{"x":[0],"y":[0]}},{"s":[36.96],"t":44,"i":{"x":[1],"y":[1]},"o":{"x":[0],"y":[0]}},{"s":[46.483],"t":45,"i":{"x":[1],"y":[1]},"o":{"x":[0],"y":[0]}},{"s":[54.819],"t":46,"i":{"x":[1],"y":[1]},"o":{"x":[0],"y":[0]}},{"s":[62.082],"t":47,"i":{"x":[1],"y":[1]},"o":{"x":[0],"y":[0]}},{"s":[68.379],"t":48,"i":{"x":[1],"y":[1]},"o":{"x":[0],"y":[0]}},{"s":[73.811],"t":49,"i":{"x":[1],"y":[1]},"o":{"x":[0],"y":[0]}},{"s":[78.469],"t":50,"i":{"x":[1],"y":[1]},"o":{"x":[0],"y":[0]}},{"s":[82.439],"t":51,"i":{"x":[1],"y":[1]},"o":{"x":[0],"y":[0]}},{"s":[85.801],"t":52,"i":{"x":[1],"y":[1]},"o":{"x":[0],"y":[0]}},{"s":[88.627],"t":53,"i":{"x":[1],"y":[1]},"o":{"x":[0],"y":[0]}},{"s":[90.984],"t":54,"i":{"x":[1],"y":[1]},"o":{"x":[0],"y":[0]}},{"s":[92.933],"t":55,"i":{"x":[1],"y":[1]},"o":{"x":[0],"y":[0]}},{"s":[94.529],"t":56,"i":{"x":[1],"y":[1]},"o":{"x":[0],"y":[0]}},{"s":[95.823],"t":57,"i":{"x":[1],"y":[1]},"o":{"x":[0],"y":[0]}},{"s":[96.86],"t":58,"i":{"x":[1],"y":[1]},"o":{"x":[0],"y":[0]}},{"s":[97.679],"t":59,"i":{"x":[1],"y":[1]},"o":{"x":[0],"y":[0]}},{"s":[98.318],"t":60,"i":{"x":[1],"y":[1]},"o":{"x":[0],"y":[0]}},{"s":[98.808],"t":61,"i":{"x":[1],"y":[1]},"o":{"x":[0],"y":[0]}},{"s":[99.176],"t":62,"i":{"x":[1],"y":[1]},"o":{"x":[0],"y":[0]}},{"s":[99.447],"t":63,"i":{"x":[1],"y":[1]},"o":{"x":[0],"y":[0]}},{"s":[99.642],"t":64,"i":{"x":[1],"y":[1]},"o":{"x":[0],"y":[0]}},{"s":[99.777],"t":65,"i":{"x":[1],"y":[1]},"o":{"x":[0],"y":[0]}},{"s":[99.868],"t":66,"i":{"x":[1],"y":[1]},"o":{"x":[0],"y":[0]}},{"s":[99.962],"t":68,"i":{"x":[1],"y":[1]},"o":{"x":[0],"y":[0]}}]},"r":{"a":0,"k":0,"ix":10},"p":{"k":[{"s":[549.331,926.5,0],"t":41,"i":{"x":1,"y":1},"o":{"x":0,"y":0}},{"s":[549.331,921.365,0],"t":42,"i":{"x":1,"y":1},"o":{"x":0,"y":0}},{"s":[549.331,916.532,0],"t":43,"i":{"x":1,"y":1},"o":{"x":0,"y":0}},{"s":[549.331,911.991,0],"t":44,"i":{"x":1,"y":1},"o":{"x":0,"y":0}},{"s":[549.331,907.733,0],"t":45,"i":{"x":1,"y":1},"o":{"x":0,"y":0}},{"s":[549.331,903.75,0],"t":46,"i":{"x":1,"y":1},"o":{"x":0,"y":0}},{"s":[549.331,900.032,0],"t":47,"i":{"x":1,"y":1},"o":{"x":0,"y":0}},{"s":[549.331,896.57,0],"t":48,"i":{"x":1,"y":1},"o":{"x":0,"y":0}},{"s":[549.331,893.355,0],"t":49,"i":{"x":1,"y":1},"o":{"x":0,"y":0}},{"s":[549.331,890.378,0],"t":50,"i":{"x":1,"y":1},"o":{"x":0,"y":0}},{"s":[549.331,887.629,0],"t":51,"i":{"x":1,"y":1},"o":{"x":0,"y":0}},{"s":[549.331,885.1,0],"t":52,"i":{"x":1,"y":1},"o":{"x":0,"y":0}},{"s":[549.331,882.781,0],"t":53,"i":{"x":1,"y":1},"o":{"x":0,"y":0}},{"s":[549.331,880.663,0],"t":54,"i":{"x":1,"y":1},"o":{"x":0,"y":0}},{"s":[549.331,878.738,0],"t":55,"i":{"x":1,"y":1},"o":{"x":0,"y":0}},{"s":[549.331,876.995,0],"t":56,"i":{"x":1,"y":1},"o":{"x":0,"y":0}},{"s":[549.331,875.426,0],"t":57,"i":{"x":1,"y":1},"o":{"x":0,"y":0}},{"s":[549.331,874.022,0],"t":58,"i":{"x":1,"y":1},"o":{"x":0,"y":0}},{"s":[549.331,872.773,0],"t":59,"i":{"x":1,"y":1},"o":{"x":0,"y":0}},{"s":[549.331,871.671,0],"t":60,"i":{"x":1,"y":1},"o":{"x":0,"y":0}},{"s":[549.331,870.706,0],"t":61,"i":{"x":1,"y":1},"o":{"x":0,"y":0}},{"s":[549.331,869.87,0],"t":62,"i":{"x":1,"y":1},"o":{"x":0,"y":0}},{"s":[549.331,869.152,0],"t":63,"i":{"x":1,"y":1},"o":{"x":0,"y":0}},{"s":[549.331,868.544,0],"t":64,"i":{"x":1,"y":1},"o":{"x":0,"y":0}},{"s":[549.331,868.037,0],"t":65,"i":{"x":1,"y":1},"o":{"x":0,"y":0}},{"s":[549.331,867.289,0],"t":67,"i":{"x":1,"y":1},"o":{"x":0,"y":0}}],"l":2},"a":{"a":0,"k":[9.31,-111.181,0],"ix":1,"l":2},"s":{"a":0,"k":[100,100,100],"ix":6,"l":2}},"ao":0,"ef":[{"ty":25,"nm":"Drop Shadow","np":8,"mn":"ADBE Drop Shadow","ix":1,"en":1,"ef":[{"ty":2,"nm":"Shadow Color","mn":"ADBE Drop Shadow-0001","ix":1,"v":{"a":0,"k":[0,0,0,1],"ix":1}},{"ty":0,"nm":"Opacity","mn":"ADBE Drop Shadow-0002","ix":2,"v":{"a":0,"k":255,"ix":2}},{"ty":0,"nm":"Direction","mn":"ADBE Drop Shadow-0003","ix":3,"v":{"a":0,"k":180,"ix":3}},{"ty":0,"nm":"Distance","mn":"ADBE Drop Shadow-0004","ix":4,"v":{"a":0,"k":4,"ix":4}},{"ty":0,"nm":"Softness","mn":"ADBE Drop Shadow-0005","ix":5,"v":{"a":0,"k":200,"ix":5}},{"ty":7,"nm":"Shadow Only","mn":"ADBE Drop Shadow-0006","ix":6,"v":{"a":0,"k":0,"ix":6}}]},{"ty":5,"nm":"AC IN [XUT] Controls","np":3,"mn":"Pseudo/MHAC PrCtrl XUT 7","ix":2,"en":1,"ef":[{"ty":3,"nm":"Position","mn":"Pseudo/MHAC PrCtrl XUT 7-0001","ix":1,"v":{"a":0,"k":[0,60],"ix":1}}]}],"t":{"d":{"k":[{"s":{"sz":[1013.88848876953,371.318756103516],"ps":[-506.944244384766,-185.659378051758],"s":190,"f":"Montserrat-Bold","t":"MONEY","ca":0,"j":2,"tr":-20,"lh":247,"ls":0,"fc":[1,1,1]},"t":0}]},"p":{},"m":{"g":1,"a":{"a":0,"k":[0,0],"ix":2}},"a":[]},"ip":41,"op":641,"st":41,"ct":1,"bm":0},{"ddd":0,"ind":5,"ty":5,"nm":"title_line_5","sr":1,"ks":{"o":{"k":[{"s":[0],"t":49,"i":{"x":[1],"y":[1]},"o":{"x":[0],"y":[0]}},{"s":[13.853],"t":50,"i":{"x":[1],"y":[1]},"o":{"x":[0],"y":[0]}},{"s":[26.127],"t":51,"i":{"x":[1],"y":[1]},"o":{"x":[0],"y":[0]}},{"s":[36.96],"t":52,"i":{"x":[1],"y":[1]},"o":{"x":[0],"y":[0]}},{"s":[46.483],"t":53,"i":{"x":[1],"y":[1]},"o":{"x":[0],"y":[0]}},{"s":[54.819],"t":54,"i":{"x":[1],"y":[1]},"o":{"x":[0],"y":[0]}},{"s":[62.082],"t":55,"i":{"x":[1],"y":[1]},"o":{"x":[0],"y":[0]}},{"s":[68.379],"t":56,"i":{"x":[1],"y":[1]},"o":{"x":[0],"y":[0]}},{"s":[73.811],"t":57,"i":{"x":[1],"y":[1]},"o":{"x":[0],"y":[0]}},{"s":[78.469],"t":58,"i":{"x":[1],"y":[1]},"o":{"x":[0],"y":[0]}},{"s":[82.439],"t":59,"i":{"x":[1],"y":[1]},"o":{"x":[0],"y":[0]}},{"s":[85.801],"t":60,"i":{"x":[1],"y":[1]},"o":{"x":[0],"y":[0]}},{"s":[88.627],"t":61,"i":{"x":[1],"y":[1]},"o":{"x":[0],"y":[0]}},{"s":[90.984],"t":62,"i":{"x":[1],"y":[1]},"o":{"x":[0],"y":[0]}},{"s":[92.933],"t":63,"i":{"x":[1],"y":[1]},"o":{"x":[0],"y":[0]}},{"s":[94.529],"t":64,"i":{"x":[1],"y":[1]},"o":{"x":[0],"y":[0]}},{"s":[95.823],"t":65,"i":{"x":[1],"y":[1]},"o":{"x":[0],"y":[0]}},{"s":[96.86],"t":66,"i":{"x":[1],"y":[1]},"o":{"x":[0],"y":[0]}},{"s":[97.679],"t":67,"i":{"x":[1],"y":[1]},"o":{"x":[0],"y":[0]}},{"s":[98.318],"t":68,"i":{"x":[1],"y":[1]},"o":{"x":[0],"y":[0]}},{"s":[98.808],"t":69,"i":{"x":[1],"y":[1]},"o":{"x":[0],"y":[0]}},{"s":[99.176],"t":70,"i":{"x":[1],"y":[1]},"o":{"x":[0],"y":[0]}},{"s":[99.447],"t":71,"i":{"x":[1],"y":[1]},"o":{"x":[0],"y":[0]}},{"s":[99.642],"t":72,"i":{"x":[1],"y":[1]},"o":{"x":[0],"y":[0]}},{"s":[99.777],"t":73,"i":{"x":[1],"y":[1]},"o":{"x":[0],"y":[0]}},{"s":[99.868],"t":74,"i":{"x":[1],"y":[1]},"o":{"x":[0],"y":[0]}},{"s":[99.962],"t":76,"i":{"x":[1],"y":[1]},"o":{"x":[0],"y":[0]}}]},"r":{"a":0,"k":0,"ix":10},"p":{"k":[{"s":[538.017,1056.5,0],"t":49,"i":{"x":1,"y":1},"o":{"x":0,"y":0}},{"s":[538.017,1051.365,0],"t":50,"i":{"x":1,"y":1},"o":{"x":0,"y":0}},{"s":[538.017,1046.532,0],"t":51,"i":{"x":1,"y":1},"o":{"x":0,"y":0}},{"s":[538.017,1041.991,0],"t":52,"i":{"x":1,"y":1},"o":{"x":0,"y":0}},{"s":[538.017,1037.733,0],"t":53,"i":{"x":1,"y":1},"o":{"x":0,"y":0}},{"s":[538.017,1033.75,0],"t":54,"i":{"x":1,"y":1},"o":{"x":0,"y":0}},{"s":[538.017,1030.032,0],"t":55,"i":{"x":1,"y":1},"o":{"x":0,"y":0}},{"s":[538.017,1026.57,0],"t":56,"i":{"x":1,"y":1},"o":{"x":0,"y":0}},{"s":[538.017,1023.355,0],"t":57,"i":{"x":1,"y":1},"o":{"x":0,"y":0}},{"s":[538.017,1020.378,0],"t":58,"i":{"x":1,"y":1},"o":{"x":0,"y":0}},{"s":[538.017,1017.629,0],"t":59,"i":{"x":1,"y":1},"o":{"x":0,"y":0}},{"s":[538.017,1015.1,0],"t":60,"i":{"x":1,"y":1},"o":{"x":0,"y":0}},{"s":[538.017,1012.781,0],"t":61,"i":{"x":1,"y":1},"o":{"x":0,"y":0}},{"s":[538.017,1010.663,0],"t":62,"i":{"x":1,"y":1},"o":{"x":0,"y":0}},{"s":[538.017,1008.738,0],"t":63,"i":{"x":1,"y":1},"o":{"x":0,"y":0}},{"s":[538.017,1006.995,0],"t":64,"i":{"x":1,"y":1},"o":{"x":0,"y":0}},{"s":[538.017,1005.426,0],"t":65,"i":{"x":1,"y":1},"o":{"x":0,"y":0}},{"s":[538.017,1004.022,0],"t":66,"i":{"x":1,"y":1},"o":{"x":0,"y":0}},{"s":[538.017,1002.773,0],"t":67,"i":{"x":1,"y":1},"o":{"x":0,"y":0}},{"s":[538.017,1001.671,0],"t":68,"i":{"x":1,"y":1},"o":{"x":0,"y":0}},{"s":[538.017,1000.706,0],"t":69,"i":{"x":1,"y":1},"o":{"x":0,"y":0}},{"s":[538.017,999.87,0],"t":70,"i":{"x":1,"y":1},"o":{"x":0,"y":0}},{"s":[538.017,999.152,0],"t":71,"i":{"x":1,"y":1},"o":{"x":0,"y":0}},{"s":[538.017,998.544,0],"t":72,"i":{"x":1,"y":1},"o":{"x":0,"y":0}},{"s":[538.017,997.622,0],"t":74,"i":{"x":1,"y":1},"o":{"x":0,"y":0}},{"s":[538.017,996.694,0],"t":78,"i":{"x":1,"y":1},"o":{"x":0,"y":0}}],"l":2},"a":{"a":0,"k":[-1.98,-110.557,0],"ix":1,"l":2},"s":{"a":0,"k":[100,100,100],"ix":6,"l":2}},"ao":0,"ef":[{"ty":25,"nm":"Drop Shadow","np":8,"mn":"ADBE Drop Shadow","ix":1,"en":1,"ef":[{"ty":2,"nm":"Shadow Color","mn":"ADBE Drop Shadow-0001","ix":1,"v":{"a":0,"k":[0,0,0,1],"ix":1}},{"ty":0,"nm":"Opacity","mn":"ADBE Drop Shadow-0002","ix":2,"v":{"a":0,"k":255,"ix":2}},{"ty":0,"nm":"Direction","mn":"ADBE Drop Shadow-0003","ix":3,"v":{"a":0,"k":180,"ix":3}},{"ty":0,"nm":"Distance","mn":"ADBE Drop Shadow-0004","ix":4,"v":{"a":0,"k":4,"ix":4}},{"ty":0,"nm":"Softness","mn":"ADBE Drop Shadow-0005","ix":5,"v":{"a":0,"k":200,"ix":5}},{"ty":7,"nm":"Shadow Only","mn":"ADBE Drop Shadow-0006","ix":6,"v":{"a":0,"k":0,"ix":6}}]},{"ty":5,"nm":"AC IN [XUT] Controls","np":3,"mn":"Pseudo/MHAC PrCtrl XUT 7","ix":2,"en":1,"ef":[{"ty":3,"nm":"Position","mn":"Pseudo/MHAC PrCtrl XUT 7-0001","ix":1,"v":{"a":0,"k":[0,60],"ix":1}}]}],"t":{"d":{"k":[{"s":{"sz":[1004.33435058594,291.671875],"ps":[-502.167175292969,-145.8359375],"s":90,"f":"Montserrat-Bold","t":"ON INSTAGRAM","ca":0,"j":2,"tr":-20,"lh":117,"ls":0,"fc":[1,1,1]},"t":0}]},"p":{},"m":{"g":1,"a":{"a":0,"k":[0,0],"ix":2}},"a":[]},"ip":49,"op":649,"st":49,"ct":1,"bm":0},{"ddd":0,"ind":6,"ty":0,"nm":"full_image_fast_zoom_emphasis","refId":"comp_0","sr":1,"ks":{"o":{"a":0,"k":100,"ix":11},"r":{"a":0,"k":0,"ix":10},"p":{"a":0,"k":[540,960,0],"ix":2,"l":2},"a":{"a":0,"k":[540,960,0],"ix":1,"l":2},"s":{"a":0,"k":[100,100,100],"ix":6,"l":2}},"ao":0,"w":1080,"h":1920,"ip":0,"op":600,"st":0,"bm":0}],"markers":[],"props":{}}