{"v":"5.12.1","fr":60,"ip":0,"op":600,"w":1080,"h":1920,"nm":"animated_word_2","ddd":0,"assets":[{"id":"a_1","w":1920,"h":1920,"u":"images/","p":"a_1.png","e":0},{"id":"comp_0","nm":"Text 01 T01 PRE","fr":30,"layers":[{"ddd":0,"ind":1,"ty":0,"nm":"Text 01 T01","refId":"comp_1","sr":1,"ks":{"o":{"a":0,"k":100,"ix":11},"r":{"a":0,"k":0,"ix":10},"p":{"a":1,"k":[{"i":{"x":0,"y":1},"o":{"x":0,"y":0},"t":0,"s":[1298,294,0],"to":[0,0,0],"ti":[0,0,0]},{"t":30,"s":[1298,97,0]}],"ix":2,"l":2},"a":{"a":0,"k":[1214,97,0],"ix":1,"l":2},"s":{"a":0,"k":[100,100,100],"ix":6,"l":2}},"ao":0,"w":2428,"h":194,"ip":0,"op":902,"st":0,"bm":0}]},{"id":"comp_1","nm":"Text 01 T01","fr":30,"layers":[{"ddd":0,"ind":1,"ty":5,"nm":"title_line_1","sr":1,"ks":{"o":{"a":0,"k":100,"ix":11},"r":{"a":0,"k":0,"ix":10},"p":{"a":0,"k":[1212.997,97,0],"ix":2,"l":2},"a":{"a":0,"k":[0.001,-51.836,0],"ix":1,"l":2},"s":{"a":0,"k":[100,100,100],"ix":6,"l":2}},"ao":0,"t":{"d":{"k":[{"s":{"s":140,"f":"DelaGothicOne-Regular","t":"12345","ca":0,"j":2,"tr":-56,"lh":185,"ls":0,"fc":[1,1,1]},"t":0}]},"p":{},"m":{"g":1,"a":{"a":0,"k":[0,0],"ix":2}},"a":[]},"ip":0,"op":2400,"st":0,"ct":1,"bm":0}]},{"id":"comp_2","nm":"Text 02 T01 PRE","fr":30,"layers":[{"ddd":0,"ind":1,"ty":0,"nm":"Text 02 T01 ","refId":"comp_3","sr":1,"ks":{"o":{"a":0,"k":100,"ix":11},"r":{"a":0,"k":0,"ix":10},"p":{"a":0,"k":[1298,97,0],"ix":2,"l":2},"a":{"a":0,"k":[1214,97,0],"ix":1,"l":2},"s":{"a":0,"k":[100,100,100],"ix":6,"l":2}},"ao":0,"w":2428,"h":194,"ip":0,"op":2400,"st":0,"bm":0}]},{"id":"comp_3","nm":"Text 02 T01","fr":30,"layers":[{"ddd":0,"ind":1,"ty":5,"nm":"title_line_1","sr":1,"ks":{"o":{"a":0,"k":100,"ix":11},"r":{"a":0,"k":0,"ix":10},"p":{"a":0,"k":[1212.997,97,0],"ix":2,"l":2},"a":{"a":0,"k":[0.001,-51.836,0],"ix":1,"l":2},"s":{"a":0,"k":[100,100,100],"ix":6,"l":2}},"ao":0,"t":{"d":{"k":[{"s":{"s":140,"f":"DelaGothicOne-Regular","t":"12345","ca":0,"j":2,"tr":-56,"lh":185,"ls":0,"sc":[1,1,1],"sw":6},"t":0}]},"p":{},"m":{"g":1,"a":{"a":0,"k":[0,0],"ix":2}},"a":[]},"ip":0,"op":2400,"st":0,"ct":1,"bm":0}]},{"id":"comp_4","nm":"full_image_slow_zoom_storytelling","fr":60,"layers":[{"ddd":0,"ind":1,"ty":0,"nm":"a_1","refId":"comp_5","sr":1,"ks":{"o":{"a":0,"k":100,"ix":11},"r":{"a":0,"k":0,"ix":10},"p":{"a":1,"k":[{"i":{"x":0.67,"y":1},"o":{"x":0.33,"y":0},"t":0,"s":[540,960,0],"to":[0,0,0],"ti":[0,0,0]},{"t":480,"s":[636,960,0]}],"ix":2,"l":2},"a":{"a":0,"k":[540,960,0],"ix":1,"l":2},"s":{"a":1,"k":[{"i":{"x":[0.67,0.67,0.67],"y":[1,1,1]},"o":{"x":[0.33,0.33,0.33],"y":[0,0,0]},"t":0,"s":[100,100,100]},{"t":480,"s":[120,120,100]}],"ix":6,"l":2}},"ao":0,"w":1080,"h":1920,"ip":0,"op":600,"st":0,"bm":0}]},{"id":"comp_5","nm":"a_1","fr":60,"layers":[{"ddd":0,"ind":1,"ty":2,"nm":"a_1","refId":"a_1","sr":1,"ks":{"o":{"a":0,"k":100,"ix":11},"r":{"a":0,"k":0,"ix":10},"p":{"a":0,"k":[540,960,0],"ix":2,"l":2},"a":{"a":0,"k":[960,960,0],"ix":1,"l":2},"s":{"a":0,"k":[100,100,100],"ix":6,"l":2}},"ao":0,"ip":0,"op":900,"st":0,"bm":0}]}],"fonts":{"list":[{"origin":0,"fPath":"","fClass":"","fFamily":"Dela Gothic One","fWeight":"","fStyle":"Regular","fName":"DelaGothicOne-Regular","ascent":81.8488648161292}]},"layers":[{"ddd":0,"ind":1,"ty":3,"nm":"Null 1","sr":1,"ks":{"o":{"a":0,"k":0,"ix":11},"r":{"a":0,"k":0,"ix":10},"p":{"a":0,"k":[540,960,0],"ix":2,"l":2},"a":{"a":0,"k":[50,50,0],"ix":1,"l":2},"s":{"a":0,"k":[100,100,100],"ix":6,"l":2}},"ao":0,"ip":0,"op":606,"st":0,"bm":0},{"ddd":0,"ind":2,"ty":0,"nm":"Text 01","parent":1,"refId":"comp_0","sr":1,"ks":{"o":{"a":0,"k":100,"ix":11},"r":{"a":0,"k":0,"ix":10},"p":{"a":0,"k":[50,50,0],"ix":2,"l":2},"a":{"a":0,"k":[1298,97,0],"ix":1,"l":2},"s":{"a":1,"k":[{"i":{"x":[0,0,0],"y":[1,1,1]},"o":{"x":[0.001,0.001,0.001],"y":[0,0,0]},"t":106,"s":[100,100,100]},{"t":136,"s":[173,173,100]}],"ix":6,"l":2}},"ao":0,"ef":[{"ty":21,"nm":"Fill","np":9,"mn":"ADBE Fill","ix":1,"en":1,"ef":[{"ty":10,"nm":"Fill Mask","mn":"ADBE Fill-0001","ix":1,"v":{"a":0,"k":0,"ix":1}},{"ty":7,"nm":"All Masks","mn":"ADBE Fill-0007","ix":2,"v":{"a":0,"k":0,"ix":2}},{"ty":2,"nm":"Color","mn":"ADBE Fill-0002","ix":3,"v":{"k":[{"s":[1,1,1,1],"t":0,"i":{"x":[1],"y":[1]},"o":{"x":[0],"y":[0]}},{"s":[1,1,1,1],"t":599,"i":{"x":[1],"y":[1]},"o":{"x":[0],"y":[0]}}]}},{"ty":7,"nm":"Invert","mn":"ADBE Fill-0006","ix":4,"v":{"a":0,"k":0,"ix":4}},{"ty":0,"nm":"Horizontal Feather","mn":"ADBE Fill-0003","ix":5,"v":{"a":0,"k":0,"ix":5}},{"ty":0,"nm":"Vertical Feather","mn":"ADBE Fill-0004","ix":6,"v":{"a":0,"k":0,"ix":6}},{"ty":0,"nm":"Opacity","mn":"ADBE Fill-0005","ix":7,"v":{"a":0,"k":1,"ix":7}}]}],"w":2596,"h":194,"ip":0,"op":606,"st":0,"bm":0},{"ddd":0,"ind":3,"ty":0,"nm":"Text Stroke 01","parent":1,"refId":"comp_2","sr":1,"ks":{"o":{"a":1,"k":[{"i":{"x":[0.597],"y":[0.956]},"o":{"x":[0.257],"y":[0]},"t":30,"s":[0]},{"i":{"x":[0.688],"y":[1]},"o":{"x":[0.245],"y":[22.769]},"t":38,"s":[100]},{"i":{"x":[0],"y":[1]},"o":{"x":[0.001],"y":[0]},"t":106,"s":[100]},{"t":136,"s":[60]}],"ix":11},"r":{"a":0,"k":0,"ix":10},"p":{"a":1,"k":[{"i":{"x":0,"y":1},"o":{"x":0.001,"y":0},"t":30,"s":[50,50,0],"to":[0,0,0],"ti":[0,0,0]},{"i":{"x":0.667,"y":0.667},"o":{"x":0.333,"y":0.333},"t":60,"s":[50,692,0],"to":[0,0,0],"ti":[0,0,0]},{"i":{"x":0,"y":1},"o":{"x":0.001,"y":0},"t":106,"s":[50,692,0],"to":[0,0,0],"ti":[0,0,0]},{"t":136,"s":[50,738,0]}],"ix":2,"l":2},"a":{"a":0,"k":[1298,97,0],"ix":1,"l":2},"s":{"a":1,"k":[{"i":{"x":[0,0,0],"y":[1,1,1]},"o":{"x":[0.001,0.001,0.001],"y":[0,0,0]},"t":30,"s":[100,100,100]},{"i":{"x":[0.667,0.667,0.667],"y":[1,1,1]},"o":{"x":[0.333,0.333,0.333],"y":[0,0,0]},"t":60,"s":[152,152,100]},{"i":{"x":[0,0,0],"y":[1,1,1]},"o":{"x":[0.001,0.001,0.001],"y":[0,0,0]},"t":106,"s":[152,152,100]},{"t":136,"s":[115,115,100]}],"ix":6,"l":2}},"ao":0,"ef":[{"ty":21,"nm":"Fill","np":9,"mn":"ADBE Fill","ix":1,"en":1,"ef":[{"ty":10,"nm":"Fill Mask","mn":"ADBE Fill-0001","ix":1,"v":{"a":0,"k":0,"ix":1}},{"ty":7,"nm":"All Masks","mn":"ADBE Fill-0007","ix":2,"v":{"a":0,"k":0,"ix":2}},{"ty":2,"nm":"Color","mn":"ADBE Fill-0002","ix":3,"v":{"k":[{"s":[1,1,1,1],"t":30,"i":{"x":[1],"y":[1]},"o":{"x":[0],"y":[0]}},{"s":[1,1,1,1],"t":599,"i":{"x":[1],"y":[1]},"o":{"x":[0],"y":[0]}}]}},{"ty":7,"nm":"Invert","mn":"ADBE Fill-0006","ix":4,"v":{"a":0,"k":0,"ix":4}},{"ty":0,"nm":"Horizontal Feather","mn":"ADBE Fill-0003","ix":5,"v":{"a":0,"k":0,"ix":5}},{"ty":0,"nm":"Vertical Feather","mn":"ADBE Fill-0004","ix":6,"v":{"a":0,"k":0,"ix":6}},{"ty":0,"nm":"Opacity","mn":"ADBE Fill-0005","ix":7,"v":{"a":0,"k":1,"ix":7}}]}],"w":2596,"h":194,"ip":30,"op":606,"st":-10,"bm":0},{"ddd":0,"ind":4,"ty":0,"nm":"Text Stroke 02","parent":1,"refId":"comp_2","sr":1,"ks":{"o":{"a":1,"k":[{"i":{"x":[0.597],"y":[0.945]},"o":{"x":[0.257],"y":[0]},"t":46,"s":[0]},{"t":54,"s":[80.038]}],"ix":11},"r":{"a":0,"k":0,"ix":10},"p":{"a":1,"k":[{"i":{"x":0,"y":1},"o":{"x":0.001,"y":0},"t":46,"s":[50,50,0],"to":[0,0,0],"ti":[0,0,0]},{"i":{"x":0.667,"y":0.667},"o":{"x":0.333,"y":0.333},"t":76,"s":[50,445,0],"to":[0,0,0],"ti":[0,0,0]},{"i":{"x":0,"y":1},"o":{"x":0.001,"y":0},"t":106,"s":[50,445,0],"to":[0,0,0],"ti":[0,0,0]},{"t":136,"s":[50,533,0]}],"ix":2,"l":2},"a":{"a":0,"k":[1298,97,0],"ix":1,"l":2},"s":{"a":1,"k":[{"i":{"x":[0,0,0],"y":[1,1,1]},"o":{"x":[0.001,0.001,0.001],"y":[0,0,0]},"t":46,"s":[100,100,100]},{"i":{"x":[0.667,0.667,0.667],"y":[1,1,1]},"o":{"x":[0.333,0.333,0.333],"y":[0,0,0]},"t":76,"s":[132,132,100]},{"i":{"x":[0,0,0],"y":[1,1,1]},"o":{"x":[0.001,0.001,0.001],"y":[0,0,0]},"t":106,"s":[132,132,100]},{"t":136,"s":[130,130,100]}],"ix":6,"l":2}},"ao":0,"ef":[{"ty":21,"nm":"Fill","np":9,"mn":"ADBE Fill","ix":1,"en":1,"ef":[{"ty":10,"nm":"Fill Mask","mn":"ADBE Fill-0001","ix":1,"v":{"a":0,"k":0,"ix":1}},{"ty":7,"nm":"All Masks","mn":"ADBE Fill-0007","ix":2,"v":{"a":0,"k":0,"ix":2}},{"ty":2,"nm":"Color","mn":"ADBE Fill-0002","ix":3,"v":{"k":[{"s":[1,1,1,1],"t":46,"i":{"x":[1],"y":[1]},"o":{"x":[0],"y":[0]}},{"s":[1,1,1,1],"t":599,"i":{"x":[1],"y":[1]},"o":{"x":[0],"y":[0]}}]}},{"ty":7,"nm":"Invert","mn":"ADBE Fill-0006","ix":4,"v":{"a":0,"k":0,"ix":4}},{"ty":0,"nm":"Horizontal Feather","mn":"ADBE Fill-0003","ix":5,"v":{"a":0,"k":0,"ix":5}},{"ty":0,"nm":"Vertical Feather","mn":"ADBE Fill-0004","ix":6,"v":{"a":0,"k":0,"ix":6}},{"ty":0,"nm":"Opacity","mn":"ADBE Fill-0005","ix":7,"v":{"a":0,"k":1,"ix":7}}]}],"w":2596,"h":194,"ip":46,"op":606,"st":6,"bm":0},{"ddd":0,"ind":5,"ty":0,"nm":"Text Stroke 03","parent":1,"refId":"comp_2","sr":1,"ks":{"o":{"a":1,"k":[{"i":{"x":[0.597],"y":[0.912]},"o":{"x":[0.257],"y":[0]},"t":62,"s":[0]},{"i":{"x":[0.667],"y":[1]},"o":{"x":[0.245],"y":[12.054]},"t":70,"s":[50]},{"i":{"x":[0],"y":[1]},"o":{"x":[0.001],"y":[0]},"t":106,"s":[50]},{"t":136,"s":[100]}],"ix":11},"r":{"a":0,"k":0,"ix":10},"p":{"a":1,"k":[{"i":{"x":0,"y":1},"o":{"x":0.001,"y":0},"t":62,"s":[50,50,0],"to":[0,0,0],"ti":[0,0,0]},{"i":{"x":0.667,"y":0.667},"o":{"x":0.333,"y":0.333},"t":92,"s":[50,229,0],"to":[0,0,0],"ti":[0,0,0]},{"i":{"x":0,"y":1},"o":{"x":0.001,"y":0},"t":106,"s":[50,229,0],"to":[0,0,0],"ti":[0,0,0]},{"t":136,"s":[50,305,0]}],"ix":2,"l":2},"a":{"a":0,"k":[1298,97,0],"ix":1,"l":2},"s":{"a":1,"k":[{"i":{"x":[0,0,0],"y":[1,1,1]},"o":{"x":[0.001,0.001,0.001],"y":[0,0,0]},"t":62,"s":[100,100,100]},{"i":{"x":[0.667,0.667,0.667],"y":[1,1,1]},"o":{"x":[0.333,0.333,0.333],"y":[0,0,0]},"t":92,"s":[115,115,100]},{"i":{"x":[0,0,0],"y":[1,1,1]},"o":{"x":[0.001,0.001,0.001],"y":[0,0,0]},"t":106,"s":[115,115,100]},{"t":136,"s":[152,152,100]}],"ix":6,"l":2}},"ao":0,"ef":[{"ty":21,"nm":"Fill","np":9,"mn":"ADBE Fill","ix":1,"en":1,"ef":[{"ty":10,"nm":"Fill Mask","mn":"ADBE Fill-0001","ix":1,"v":{"a":0,"k":0,"ix":1}},{"ty":7,"nm":"All Masks","mn":"ADBE Fill-0007","ix":2,"v":{"a":0,"k":0,"ix":2}},{"ty":2,"nm":"Color","mn":"ADBE Fill-0002","ix":3,"v":{"k":[{"s":[1,1,1,1],"t":62,"i":{"x":[1],"y":[1]},"o":{"x":[0],"y":[0]}},{"s":[1,1,1,1],"t":599,"i":{"x":[1],"y":[1]},"o":{"x":[0],"y":[0]}}]}},{"ty":7,"nm":"Invert","mn":"ADBE Fill-0006","ix":4,"v":{"a":0,"k":0,"ix":4}},{"ty":0,"nm":"Horizontal Feather","mn":"ADBE Fill-0003","ix":5,"v":{"a":0,"k":0,"ix":5}},{"ty":0,"nm":"Vertical Feather","mn":"ADBE Fill-0004","ix":6,"v":{"a":0,"k":0,"ix":6}},{"ty":0,"nm":"Opacity","mn":"ADBE Fill-0005","ix":7,"v":{"a":0,"k":1,"ix":7}}]}],"w":2596,"h":194,"ip":62,"op":606,"st":22,"bm":0},{"ddd":0,"ind":6,"ty":0,"nm":"Text Stroke 04","parent":1,"refId":"comp_2","sr":1,"ks":{"o":{"a":1,"k":[{"i":{"x":[0.597],"y":[0.912]},"o":{"x":[0.257],"y":[0]},"t":62,"s":[0]},{"i":{"x":[0.667],"y":[1]},"o":{"x":[0.245],"y":[12.054]},"t":70,"s":[50]},{"i":{"x":[0],"y":[1]},"o":{"x":[0.001],"y":[0]},"t":106,"s":[50]},{"t":136,"s":[100]}],"ix":11},"r":{"a":0,"k":0,"ix":10},"p":{"a":1,"k":[{"i":{"x":0,"y":1},"o":{"x":0.001,"y":0},"t":62,"s":[50,50,0],"to":[0,0,0],"ti":[0,0,0]},{"i":{"x":0.667,"y":0.667},"o":{"x":0.333,"y":0.333},"t":92,"s":[50,-120,0],"to":[0,0,0],"ti":[0,0,0]},{"i":{"x":0,"y":1},"o":{"x":0.001,"y":0},"t":106,"s":[50,-120,0],"to":[0,0,0],"ti":[0,0,0]},{"t":136,"s":[50,-190,0]}],"ix":2,"l":2},"a":{"a":0,"k":[1298,97,0],"ix":1,"l":2},"s":{"a":1,"k":[{"i":{"x":[0,0,0],"y":[1,1,1]},"o":{"x":[0.001,0.001,0.001],"y":[0,0,0]},"t":62,"s":[100,100,100]},{"i":{"x":[0.667,0.667,0.667],"y":[1,1,1]},"o":{"x":[0.333,0.333,0.333],"y":[0,0,0]},"t":92,"s":[115,115,100]},{"i":{"x":[0,0,0],"y":[1,1,1]},"o":{"x":[0.001,0.001,0.001],"y":[0,0,0]},"t":106,"s":[115,115,100]},{"t":136,"s":[152,152,100]}],"ix":6,"l":2}},"ao":0,"ef":[{"ty":21,"nm":"Fill","np":9,"mn":"ADBE Fill","ix":1,"en":1,"ef":[{"ty":10,"nm":"Fill Mask","mn":"ADBE Fill-0001","ix":1,"v":{"a":0,"k":0,"ix":1}},{"ty":7,"nm":"All Masks","mn":"ADBE Fill-0007","ix":2,"v":{"a":0,"k":0,"ix":2}},{"ty":2,"nm":"Color","mn":"ADBE Fill-0002","ix":3,"v":{"k":[{"s":[1,1,1,1],"t":62,"i":{"x":[1],"y":[1]},"o":{"x":[0],"y":[0]}},{"s":[1,1,1,1],"t":599,"i":{"x":[1],"y":[1]},"o":{"x":[0],"y":[0]}}]}},{"ty":7,"nm":"Invert","mn":"ADBE Fill-0006","ix":4,"v":{"a":0,"k":0,"ix":4}},{"ty":0,"nm":"Horizontal Feather","mn":"ADBE Fill-0003","ix":5,"v":{"a":0,"k":0,"ix":5}},{"ty":0,"nm":"Vertical Feather","mn":"ADBE Fill-0004","ix":6,"v":{"a":0,"k":0,"ix":6}},{"ty":0,"nm":"Opacity","mn":"ADBE Fill-0005","ix":7,"v":{"a":0,"k":1,"ix":7}}]}],"w":2596,"h":194,"ip":62,"op":606,"st":22,"bm":0},{"ddd":0,"ind":7,"ty":0,"nm":"Text Stroke 05","parent":1,"refId":"comp_2","sr":1,"ks":{"o":{"a":1,"k":[{"i":{"x":[0.597],"y":[0.945]},"o":{"x":[0.257],"y":[0]},"t":46,"s":[0]},{"t":54,"s":[80.038]}],"ix":11},"r":{"a":0,"k":0,"ix":10},"p":{"a":1,"k":[{"i":{"x":0,"y":1},"o":{"x":0.001,"y":0},"t":46,"s":[50,50,0],"to":[0,0,0],"ti":[0,0,0]},{"i":{"x":0.667,"y":0.667},"o":{"x":0.333,"y":0.333},"t":76,"s":[50,-324,0],"to":[0,0,0],"ti":[0,0,0]},{"i":{"x":0,"y":1},"o":{"x":0.001,"y":0},"t":106,"s":[50,-324,0],"to":[0,0,0],"ti":[0,0,0]},{"t":136,"s":[50,-418,0]}],"ix":2,"l":2},"a":{"a":0,"k":[1298,97,0],"ix":1,"l":2},"s":{"a":1,"k":[{"i":{"x":[0,0,0],"y":[1,1,1]},"o":{"x":[0.001,0.001,0.001],"y":[0,0,0]},"t":46,"s":[100,100,100]},{"i":{"x":[0.667,0.667,0.667],"y":[1,1,1]},"o":{"x":[0.333,0.333,0.333],"y":[0,0,0]},"t":76,"s":[132,132,100]},{"i":{"x":[0,0,0],"y":[1,1,1]},"o":{"x":[0.001,0.001,0.001],"y":[0,0,0]},"t":106,"s":[132,132,100]},{"t":136,"s":[130,130,100]}],"ix":6,"l":2}},"ao":0,"ef":[{"ty":21,"nm":"Fill","np":9,"mn":"ADBE Fill","ix":1,"en":1,"ef":[{"ty":10,"nm":"Fill Mask","mn":"ADBE Fill-0001","ix":1,"v":{"a":0,"k":0,"ix":1}},{"ty":7,"nm":"All Masks","mn":"ADBE Fill-0007","ix":2,"v":{"a":0,"k":0,"ix":2}},{"ty":2,"nm":"Color","mn":"ADBE Fill-0002","ix":3,"v":{"k":[{"s":[1,1,1,1],"t":46,"i":{"x":[1],"y":[1]},"o":{"x":[0],"y":[0]}},{"s":[1,1,1,1],"t":599,"i":{"x":[1],"y":[1]},"o":{"x":[0],"y":[0]}}]}},{"ty":7,"nm":"Invert","mn":"ADBE Fill-0006","ix":4,"v":{"a":0,"k":0,"ix":4}},{"ty":0,"nm":"Horizontal Feather","mn":"ADBE Fill-0003","ix":5,"v":{"a":0,"k":0,"ix":5}},{"ty":0,"nm":"Vertical Feather","mn":"ADBE Fill-0004","ix":6,"v":{"a":0,"k":0,"ix":6}},{"ty":0,"nm":"Opacity","mn":"ADBE Fill-0005","ix":7,"v":{"a":0,"k":1,"ix":7}}]}],"w":2596,"h":194,"ip":46,"op":606,"st":6,"bm":0},{"ddd":0,"ind":8,"ty":0,"nm":"Text Stroke 06","parent":1,"refId":"comp_2","sr":1,"ks":{"o":{"a":1,"k":[{"i":{"x":[0.597],"y":[0.956]},"o":{"x":[0.257],"y":[0]},"t":30,"s":[0]},{"i":{"x":[0.667],"y":[1]},"o":{"x":[0.245],"y":[22.769]},"t":38,"s":[100]},{"i":{"x":[0],"y":[1]},"o":{"x":[0.001],"y":[0]},"t":106,"s":[100]},{"t":136,"s":[60]}],"ix":11},"r":{"a":0,"k":0,"ix":10},"p":{"a":1,"k":[{"i":{"x":0,"y":1},"o":{"x":0.001,"y":0},"t":30,"s":[50,50,0],"to":[0,0,0],"ti":[0,0,0]},{"i":{"x":0.667,"y":0.667},"o":{"x":0.333,"y":0.333},"t":60,"s":[50,-555,0],"to":[0,0,0],"ti":[0,0,0]},{"i":{"x":0,"y":1},"o":{"x":0.001,"y":0},"t":106,"s":[50,-555,0],"to":[0,0,0],"ti":[0,0,0]},{"t":136,"s":[50,-613,0]}],"ix":2,"l":2},"a":{"a":0,"k":[1298,97,0],"ix":1,"l":2},"s":{"a":1,"k":[{"i":{"x":[0,0,0],"y":[1,1,1]},"o":{"x":[0.001,0.001,0.001],"y":[0,0,0]},"t":30,"s":[100,100,100]},{"i":{"x":[0.667,0.667,0.667],"y":[1,1,1]},"o":{"x":[0.333,0.333,0.333],"y":[0,0,0]},"t":60,"s":[152,152,100]},{"i":{"x":[0,0,0],"y":[1,1,1]},"o":{"x":[0.001,0.001,0.001],"y":[0,0,0]},"t":106,"s":[152,152,100]},{"t":136,"s":[115,115,100]}],"ix":6,"l":2}},"ao":0,"ef":[{"ty":21,"nm":"Fill","np":9,"mn":"ADBE Fill","ix":1,"en":1,"ef":[{"ty":10,"nm":"Fill Mask","mn":"ADBE Fill-0001","ix":1,"v":{"a":0,"k":0,"ix":1}},{"ty":7,"nm":"All Masks","mn":"ADBE Fill-0007","ix":2,"v":{"a":0,"k":0,"ix":2}},{"ty":2,"nm":"Color","mn":"ADBE Fill-0002","ix":3,"v":{"k":[{"s":[1,1,1,1],"t":30,"i":{"x":[1],"y":[1]},"o":{"x":[0],"y":[0]}},{"s":[1,1,1,1],"t":599,"i":{"x":[1],"y":[1]},"o":{"x":[0],"y":[0]}}]}},{"ty":7,"nm":"Invert","mn":"ADBE Fill-0006","ix":4,"v":{"a":0,"k":0,"ix":4}},{"ty":0,"nm":"Horizontal Feather","mn":"ADBE Fill-0003","ix":5,"v":{"a":0,"k":0,"ix":5}},{"ty":0,"nm":"Vertical Feather","mn":"ADBE Fill-0004","ix":6,"v":{"a":0,"k":0,"ix":6}},{"ty":0,"nm":"Opacity","mn":"ADBE Fill-0005","ix":7,"v":{"a":0,"k":1,"ix":7}}]}],"w":2596,"h":194,"ip":30,"op":606,"st":-10,"bm":0},{"ddd":0,"ind":10,"ty":0,"nm":"full_image_slow_zoom_storytelling","refId":"comp_4","sr":1,"ks":{"o":{"a":0,"k":100,"ix":11},"r":{"a":0,"k":0,"ix":10},"p":{"a":0,"k":[540,960,0],"ix":2,"l":2},"a":{"a":0,"k":[540,960,0],"ix":1,"l":2},"s":{"a":0,"k":[100,100,100],"ix":6,"l":2}},"ao":0,"w":1080,"h":1920,"ip":0,"op":600,"st":0,"bm":0}],"markers":[],"props":{}}