{"v":"5.12.1","fr":60,"ip":0,"op":600,"w":1080,"h":1920,"nm":"animated_title_5","ddd":0,"assets":[{"id":"a_1","w":1920,"h":1920,"u":"images/","p":"a_1.png","e":0},{"id":"audio_0","u":"images/","p":"Swoosh_Transition_10.wav","e":0,"t":2},{"id":"comp_0","nm":"full_image_slow_pan_right_storytelling","fr":30,"layers":[{"ddd":0,"ind":1,"ty":6,"nm":"Swoosh_Transition_10.wav","cl":"wav","refId":"audio_0","sr":1,"ip":20.5,"op":88,"st":20.5,"bm":0},{"ddd":0,"ind":2,"ty":0,"nm":"a_1","refId":"comp_1","sr":1,"ks":{"o":{"a":0,"k":100,"ix":11},"r":{"a":0,"k":0,"ix":10},"p":{"a":1,"k":[{"i":{"x":0.05,"y":1},"o":{"x":0.5,"y":0},"t":0,"s":[120,960,0],"to":[0,0,0],"ti":[0,0,0]},{"t":90,"s":[540,960,0]}],"ix":2,"l":2},"a":{"a":0,"k":[960,960,0],"ix":1,"l":2},"s":{"a":0,"k":[100,100,100],"ix":6,"l":2}},"ao":0,"w":1920,"h":1920,"ip":0,"op":600,"st":0,"bm":0}]},{"id":"comp_1","nm":"a_1","fr":60,"layers":[{"ddd":0,"ind":1,"ty":2,"nm":"a_1","refId":"a_1","sr":1,"ks":{"o":{"a":0,"k":100,"ix":11},"r":{"a":0,"k":0,"ix":10},"p":{"a":0,"k":[960,960,0],"ix":2,"l":2},"a":{"a":0,"k":[960,960,0],"ix":1,"l":2},"s":{"a":0,"k":[100,100,100],"ix":6,"l":2}},"ao":0,"ip":0,"op":900,"st":0,"bm":0}]}],"fonts":{"list":[{"origin":0,"fPath":"","fClass":"","fFamily":"Dela Gothic One","fWeight":"","fStyle":"Regular","fName":"DelaGothicOne-Regular","ascent":81.8488648161292}]},"layers":[{"ddd":0,"ind":1,"ty":5,"nm":"title_line_2","sr":1,"ks":{"o":{"a":0,"k":100,"ix":11},"r":{"a":0,"k":0,"ix":10},"p":{"a":0,"k":[490.442,641.258,0],"ix":2,"l":2},"a":{"a":0,"k":[-134.087,-110.275,0],"ix":1,"l":2},"s":{"a":0,"k":[100,100,100],"ix":6,"l":2}},"ao":0,"hasMask":true,"masksProperties":[{"inv":false,"mode":"a","pt":{"a":0,"k":{"i":[[0,0],[0,0],[0,0],[0,0]],"o":[[0,0],[0,0],[0,0],[0,0]],"v":[[448.252,-163.533],[-620.529,-163.533],[-620.529,-80.111],[448.252,-80.111]],"c":true},"ix":1},"o":{"a":0,"k":100,"ix":3},"x":{"a":0,"k":0,"ix":4},"nm":"Mask 1"}],"ef":[{"ty":25,"nm":"Drop Shadow","np":8,"mn":"ADBE Drop Shadow","ix":1,"en":1,"ef":[{"ty":2,"nm":"Shadow Color","mn":"ADBE Drop Shadow-0001","ix":1,"v":{"a":0,"k":[0,0,0,1],"ix":1}},{"ty":0,"nm":"Opacity","mn":"ADBE Drop Shadow-0002","ix":2,"v":{"a":0,"k":255,"ix":2}},{"ty":0,"nm":"Direction","mn":"ADBE Drop Shadow-0003","ix":3,"v":{"a":0,"k":180,"ix":3}},{"ty":0,"nm":"Distance","mn":"ADBE Drop Shadow-0004","ix":4,"v":{"a":0,"k":4,"ix":4}},{"ty":0,"nm":"Softness","mn":"ADBE Drop Shadow-0005","ix":5,"v":{"a":0,"k":200,"ix":5}},{"ty":7,"nm":"Shadow Only","mn":"ADBE Drop Shadow-0006","ix":6,"v":{"a":0,"k":0,"ix":6}}]}],"t":{"d":{"k":[{"s":{"sz":[884.5732421875,253.309387207031],"ps":[-548.28662109375,-126.654693603516],"s":40,"f":"DelaGothicOne-Regular","t":"12345 67890 123456 78901 2345","ca":0,"j":0,"tr":0,"lh":30,"ls":0,"fc":[1,1,1]},"t":0}]},"p":{},"m":{"g":1,"a":{"a":0,"k":[0,0],"ix":2}},"a":[{"nm":"Animator 1","s":{"t":0,"xe":{"a":0,"k":0,"ix":7},"ne":{"a":0,"k":0,"ix":8},"a":{"a":0,"k":100,"ix":4},"b":3,"rn":0,"sh":1,"sm":{"a":0,"k":100,"ix":6},"s":{"a":1,"k":[{"i":{"x":[0.1],"y":[1]},"o":{"x":[0.9],"y":[0]},"t":15,"s":[0]},{"t":105.091796875,"s":[100]}],"ix":1},"r":1},"a":{"p":{"a":0,"k":[0,80,0],"ix":2},"o":{"a":0,"k":0,"ix":9}}},{"nm":"Animator 2","s":{"t":0,"xe":{"a":0,"k":0,"ix":7},"ne":{"a":0,"k":0,"ix":8},"a":{"a":0,"k":100,"ix":4},"b":4,"rn":0,"sh":1,"sm":{"a":0,"k":100,"ix":6},"s":{"a":1,"k":[{"i":{"x":[0.1],"y":[1]},"o":{"x":[0.9],"y":[0]},"t":15,"s":[0]},{"t":105.091796875,"s":[100]}],"ix":1},"r":1},"a":{"p":{"a":0,"k":[400,0,0],"ix":2},"o":{"a":0,"k":0,"ix":9}}}]},"ip":15,"op":615,"st":15,"ct":1,"bm":0},{"ddd":0,"ind":2,"ty":5,"nm":"title_line_1","sr":1,"ks":{"o":{"a":0,"k":100,"ix":11},"r":{"a":0,"k":0,"ix":10},"p":{"a":0,"k":[516.828,396.699,0],"ix":2,"l":2},"a":{"a":0,"k":[-9.75,-128.767,0],"ix":1,"l":2},"s":{"a":0,"k":[100,100,100],"ix":6,"l":2}},"ao":0,"ef":[{"ty":25,"nm":"Drop Shadow","np":8,"mn":"ADBE Drop Shadow","ix":1,"en":1,"ef":[{"ty":2,"nm":"Shadow Color","mn":"ADBE Drop Shadow-0001","ix":1,"v":{"a":0,"k":[0,0,0,1],"ix":1}},{"ty":0,"nm":"Opacity","mn":"ADBE Drop Shadow-0002","ix":2,"v":{"a":0,"k":255,"ix":2}},{"ty":0,"nm":"Direction","mn":"ADBE Drop Shadow-0003","ix":3,"v":{"a":0,"k":180,"ix":3}},{"ty":0,"nm":"Distance","mn":"ADBE Drop Shadow-0004","ix":4,"v":{"a":0,"k":4,"ix":4}},{"ty":0,"nm":"Softness","mn":"ADBE Drop Shadow-0005","ix":5,"v":{"a":0,"k":200,"ix":5}},{"ty":7,"nm":"Shadow Only","mn":"ADBE Drop Shadow-0006","ix":6,"v":{"a":0,"k":0,"ix":6}}]}],"t":{"d":{"k":[{"s":{"sz":[912.220886230469,379.014831542969],"ps":[-458.110443115234,-279.507415771484],"s":180,"f":"DelaGothicOne-Regular","t":"sdhshdshdhsdhs","ca":0,"j":0,"tr":0,"lh":160,"ls":0,"sc":[1,1,1],"sw":5},"t":0}]},"p":{},"m":{"g":1,"a":{"a":0,"k":[0,0],"ix":2}},"a":[{"nm":"Animator 1","s":{"t":0,"xe":{"a":0,"k":0,"ix":7},"ne":{"a":0,"k":0,"ix":8},"a":{"a":0,"k":100,"ix":4},"b":1,"rn":0,"sh":1,"sm":{"a":0,"k":100,"ix":6},"s":{"a":1,"k":[{"i":{"x":[0.1],"y":[1]},"o":{"x":[0.9],"y":[0]},"t":0,"s":[0]},{"t":90.08984375,"s":[100]}],"ix":1},"r":1},"a":{"p":{"a":0,"k":[0,200,0],"ix":2},"o":{"a":0,"k":0,"ix":9}}},{"nm":"Animator 2","s":{"t":0,"xe":{"a":0,"k":0,"ix":7},"ne":{"a":0,"k":0,"ix":8},"a":{"a":0,"k":100,"ix":4},"b":4,"rn":0,"sh":1,"sm":{"a":0,"k":100,"ix":6},"s":{"a":1,"k":[{"i":{"x":[0.1],"y":[1]},"o":{"x":[0.9],"y":[0]},"t":40.041,"s":[100]},{"t":130.130859375,"s":[0]}],"ix":1},"e":{"a":0,"k":0,"ix":2},"r":1},"a":{"t":{"a":0,"k":-10,"ix":89}}}]},"ip":0,"op":600,"st":0,"ct":1,"bm":0},{"ddd":0,"ind":4,"ty":0,"nm":"full_image_slow_pan_right_storytelling","refId":"comp_0","sr":1,"ks":{"o":{"a":0,"k":100,"ix":11},"r":{"a":0,"k":0,"ix":10},"p":{"a":0,"k":[540,960,0],"ix":2,"l":2},"a":{"a":0,"k":[540,960,0],"ix":1,"l":2},"s":{"a":0,"k":[100,100,100],"ix":6,"l":2}},"ao":0,"w":1080,"h":1920,"ip":0,"op":602,"st":0,"bm":0}],"markers":[],"props":{}}