{"v":"5.12.1","fr":60,"ip":0,"op":600,"w":1080,"h":1920,"nm":"animated_title_12","ddd":0,"assets":[{"id":"a_1","w":1920,"h":1920,"u":"images/","p":"a_1.png","e":0},{"id":"comp_0","nm":"full_image_slow_zoom_storytelling","fr":60,"layers":[{"ddd":0,"ind":1,"ty":0,"nm":"a_1","refId":"comp_1","sr":1,"ks":{"o":{"a":0,"k":100,"ix":11},"r":{"a":0,"k":0,"ix":10},"p":{"a":1,"k":[{"i":{"x":0.67,"y":1},"o":{"x":0.33,"y":0},"t":0,"s":[540,960,0],"to":[0,0,0],"ti":[0,0,0]},{"t":480,"s":[636,960,0]}],"ix":2,"l":2},"a":{"a":0,"k":[540,960,0],"ix":1,"l":2},"s":{"a":1,"k":[{"i":{"x":[0.67,0.67,0.67],"y":[1,1,1]},"o":{"x":[0.33,0.33,0.33],"y":[0,0,0]},"t":0,"s":[100,100,100]},{"t":480,"s":[120,120,100]}],"ix":6,"l":2}},"ao":0,"w":1080,"h":1920,"ip":0,"op":600,"st":0,"bm":0}]},{"id":"comp_1","nm":"a_1","fr":60,"layers":[{"ddd":0,"ind":1,"ty":2,"nm":"a_1","refId":"a_1","sr":1,"ks":{"o":{"a":0,"k":100,"ix":11},"r":{"a":0,"k":0,"ix":10},"p":{"a":0,"k":[540,960,0],"ix":2,"l":2},"a":{"a":0,"k":[960,960,0],"ix":1,"l":2},"s":{"a":0,"k":[100,100,100],"ix":6,"l":2}},"ao":0,"ip":0,"op":900,"st":0,"bm":0}]}],"fonts":{"list":[{"origin":0,"fPath":"","fClass":"","fFamily":"Dela Gothic One","fWeight":"","fStyle":"Regular","fName":"DelaGothicOne-Regular","ascent":81.8488648161292}]},"layers":[{"ddd":0,"ind":1,"ty":5,"nm":"title_line_3","sr":1,"ks":{"o":{"a":0,"k":100,"ix":11},"r":{"a":0,"k":0,"ix":10},"p":{"a":0,"k":[539.981,1250.535,0],"ix":2,"l":2},"a":{"a":0,"k":[0,-115.2,0],"ix":1,"l":2},"s":{"a":0,"k":[100,100,100],"ix":6,"l":2}},"ao":0,"ef":[{"ty":25,"nm":"Drop Shadow","np":8,"mn":"ADBE Drop Shadow","ix":1,"en":1,"ef":[{"ty":2,"nm":"Shadow Color","mn":"ADBE Drop Shadow-0001","ix":1,"v":{"a":0,"k":[0,0,0,1],"ix":1}},{"ty":0,"nm":"Opacity","mn":"ADBE Drop Shadow-0002","ix":2,"v":{"a":0,"k":255,"ix":2}},{"ty":0,"nm":"Direction","mn":"ADBE Drop Shadow-0003","ix":3,"v":{"a":0,"k":180,"ix":3}},{"ty":0,"nm":"Distance","mn":"ADBE Drop Shadow-0004","ix":4,"v":{"a":0,"k":4,"ix":4}},{"ty":0,"nm":"Softness","mn":"ADBE Drop Shadow-0005","ix":5,"v":{"a":0,"k":200,"ix":5}},{"ty":7,"nm":"Shadow Only","mn":"ADBE Drop Shadow-0006","ix":6,"v":{"a":0,"k":0,"ix":6}}]},{"ty":5,"nm":"AC IN [4WY] Controls","np":5,"mn":"Pseudo/MHAC PrCtrl 4WY 10","ix":2,"en":1,"ef":[{"ty":3,"nm":"Position","mn":"Pseudo/MHAC PrCtrl 4WY 10-0001","ix":1,"v":{"a":0,"k":[0,-100],"ix":1}},{"ty":0,"nm":"Scale","mn":"Pseudo/MHAC PrCtrl 4WY 10-0002","ix":2,"v":{"a":0,"k":0,"ix":2}},{"ty":7,"nm":"Reversed Order","mn":"Pseudo/MHAC PrCtrl 4WY 10-0003","ix":3,"v":{"a":0,"k":0,"ix":3}}]}],"t":{"d":{"k":[{"s":{"sz":[1128.11584472656,329.200775146484],"ps":[-564.057922363281,-164.600387573242],"s":95,"f":"DelaGothicOne-Regular","t":"Stutus Symbal","ca":0,"j":2,"tr":0,"lh":120,"ls":0,"fc":[1,1,1]},"t":0}]},"p":{},"m":{"g":1,"a":{"k":[{"s":[0,-50],"t":68,"i":{"x":[1,1],"y":[1,1]},"o":{"x":[0,0],"y":[0,0]}},{"s":[0,0],"t":69,"i":{"x":[1,1],"y":[1,1]},"o":{"x":[0,0],"y":[0,0]}}]}},"a":[{"nm":"AC IN [4WY] Animator 1","s":{"t":0,"xe":{"k":[{"s":[-100],"t":20,"i":{"x":[1],"y":[1]},"o":{"x":[0],"y":[0]}},{"s":[-100],"t":599,"i":{"x":[1],"y":[1]},"o":{"x":[0],"y":[0]}}]},"ne":{"k":[{"s":[0],"t":20,"i":{"x":[1],"y":[1]},"o":{"x":[0],"y":[0]}},{"s":[0],"t":599,"i":{"x":[1],"y":[1]},"o":{"x":[0],"y":[0]}}]},"a":{"a":0,"k":100,"ix":4},"b":3,"rn":0,"sh":2,"sm":{"a":0,"k":100,"ix":6},"o":{"k":[{"s":[-100],"t":20,"i":{"x":[1],"y":[1]},"o":{"x":[0],"y":[0]}},{"s":[99.797],"t":68,"i":{"x":[1],"y":[1]},"o":{"x":[0],"y":[0]}},{"s":[100],"t":69,"i":{"x":[1],"y":[1]},"o":{"x":[0],"y":[0]}}]},"r":1},"a":{"p":{"k":[{"s":[0,-100,0],"t":20,"i":{"x":1,"y":1},"o":{"x":0,"y":0}},{"s":[0,-100,0],"t":599,"i":{"x":1,"y":1},"o":{"x":0,"y":0}}]},"s":{"k":[{"s":[0,0,100],"t":20,"i":{"x":[1,1,1],"y":[1,1,1]},"o":{"x":[0,0,0],"y":[0,0,0]}},{"s":[0,0,100],"t":599,"i":{"x":[1,1,1],"y":[1,1,1]},"o":{"x":[0,0,0],"y":[0,0,0]}}]}}}]},"ip":20,"op":620,"st":20,"ct":1,"bm":0},{"ddd":0,"ind":2,"ty":5,"nm":"title_line_2","sr":1,"ks":{"o":{"a":0,"k":100,"ix":11},"r":{"a":0,"k":0,"ix":10},"p":{"a":0,"k":[540.676,967.699,0],"ix":2,"l":2},"a":{"a":0,"k":[0.65,-122.217,0],"ix":1,"l":2},"s":{"a":0,"k":[100,100,100],"ix":6,"l":2}},"ao":0,"ef":[{"ty":25,"nm":"Drop Shadow","np":8,"mn":"ADBE Drop Shadow","ix":1,"en":1,"ef":[{"ty":2,"nm":"Shadow Color","mn":"ADBE Drop Shadow-0001","ix":1,"v":{"a":0,"k":[0,0,0,1],"ix":1}},{"ty":0,"nm":"Opacity","mn":"ADBE Drop Shadow-0002","ix":2,"v":{"a":0,"k":255,"ix":2}},{"ty":0,"nm":"Direction","mn":"ADBE Drop Shadow-0003","ix":3,"v":{"a":0,"k":180,"ix":3}},{"ty":0,"nm":"Distance","mn":"ADBE Drop Shadow-0004","ix":4,"v":{"a":0,"k":4,"ix":4}},{"ty":0,"nm":"Softness","mn":"ADBE Drop Shadow-0005","ix":5,"v":{"a":0,"k":200,"ix":5}},{"ty":7,"nm":"Shadow Only","mn":"ADBE Drop Shadow-0006","ix":6,"v":{"a":0,"k":0,"ix":6}}]},{"ty":5,"nm":"AC IN [4WY] Controls","np":5,"mn":"Pseudo/MHAC PrCtrl 4WY 10","ix":2,"en":1,"ef":[{"ty":3,"nm":"Position","mn":"Pseudo/MHAC PrCtrl 4WY 10-0001","ix":1,"v":{"a":0,"k":[0,-100],"ix":1}},{"ty":0,"nm":"Scale","mn":"Pseudo/MHAC PrCtrl 4WY 10-0002","ix":2,"v":{"a":0,"k":0,"ix":2}},{"ty":7,"nm":"Reversed Order","mn":"Pseudo/MHAC PrCtrl 4WY 10-0003","ix":3,"v":{"a":0,"k":0,"ix":3}}]}],"t":{"d":{"k":[{"s":{"sz":[1123.76550292969,340.114837646484],"ps":[-561.882751464844,-170.057418823242],"s":130,"f":"DelaGothicOne-Regular","t":"Collectible","ca":0,"j":2,"tr":0,"lh":120,"ls":0,"fc":[1,1,1]},"t":0}]},"p":{},"m":{"g":1,"a":{"k":[{"s":[0,-50],"t":58,"i":{"x":[1,1],"y":[1,1]},"o":{"x":[0,0],"y":[0,0]}},{"s":[0,0],"t":59,"i":{"x":[1,1],"y":[1,1]},"o":{"x":[0,0],"y":[0,0]}}]}},"a":[{"nm":"AC IN [4WY] Animator 1","s":{"t":0,"xe":{"k":[{"s":[-100],"t":10,"i":{"x":[1],"y":[1]},"o":{"x":[0],"y":[0]}},{"s":[-100],"t":599,"i":{"x":[1],"y":[1]},"o":{"x":[0],"y":[0]}}]},"ne":{"k":[{"s":[0],"t":10,"i":{"x":[1],"y":[1]},"o":{"x":[0],"y":[0]}},{"s":[0],"t":599,"i":{"x":[1],"y":[1]},"o":{"x":[0],"y":[0]}}]},"a":{"a":0,"k":100,"ix":4},"b":3,"rn":0,"sh":2,"sm":{"a":0,"k":100,"ix":6},"o":{"k":[{"s":[-100],"t":10,"i":{"x":[1],"y":[1]},"o":{"x":[0],"y":[0]}},{"s":[99.797],"t":58,"i":{"x":[1],"y":[1]},"o":{"x":[0],"y":[0]}},{"s":[100],"t":59,"i":{"x":[1],"y":[1]},"o":{"x":[0],"y":[0]}}]},"r":1},"a":{"p":{"k":[{"s":[0,-100,0],"t":10,"i":{"x":1,"y":1},"o":{"x":0,"y":0}},{"s":[0,-100,0],"t":599,"i":{"x":1,"y":1},"o":{"x":0,"y":0}}]},"s":{"k":[{"s":[0,0,100],"t":10,"i":{"x":[1,1,1],"y":[1,1,1]},"o":{"x":[0,0,0],"y":[0,0,0]}},{"s":[0,0,100],"t":599,"i":{"x":[1,1,1],"y":[1,1,1]},"o":{"x":[0,0,0],"y":[0,0,0]}}]}}}]},"ip":10,"op":610,"st":10,"ct":1,"bm":0},{"ddd":0,"ind":3,"ty":5,"nm":"title_line_1","sr":1,"ks":{"o":{"a":0,"k":100,"ix":11},"r":{"a":0,"k":0,"ix":10},"p":{"a":0,"k":[538.075,699.195,0],"ix":2,"l":2},"a":{"a":0,"k":[-1.95,-119.077,0],"ix":1,"l":2},"s":{"a":0,"k":[100,100,100],"ix":6,"l":2}},"ao":0,"ef":[{"ty":25,"nm":"Drop Shadow","np":8,"mn":"ADBE Drop Shadow","ix":1,"en":1,"ef":[{"ty":2,"nm":"Shadow Color","mn":"ADBE Drop Shadow-0001","ix":1,"v":{"a":0,"k":[0,0,0,1],"ix":1}},{"ty":0,"nm":"Opacity","mn":"ADBE Drop Shadow-0002","ix":2,"v":{"a":0,"k":255,"ix":2}},{"ty":0,"nm":"Direction","mn":"ADBE Drop Shadow-0003","ix":3,"v":{"a":0,"k":180,"ix":3}},{"ty":0,"nm":"Distance","mn":"ADBE Drop Shadow-0004","ix":4,"v":{"a":0,"k":4,"ix":4}},{"ty":0,"nm":"Softness","mn":"ADBE Drop Shadow-0005","ix":5,"v":{"a":0,"k":200,"ix":5}},{"ty":7,"nm":"Shadow Only","mn":"ADBE Drop Shadow-0006","ix":6,"v":{"a":0,"k":0,"ix":6}}]},{"ty":5,"nm":"AC IN [4WY] Controls","np":5,"mn":"Pseudo/MHAC PrCtrl 4WY 10","ix":2,"en":1,"ef":[{"ty":3,"nm":"Position","mn":"Pseudo/MHAC PrCtrl 4WY 10-0001","ix":1,"v":{"a":0,"k":[0,-100],"ix":1}},{"ty":0,"nm":"Scale","mn":"Pseudo/MHAC PrCtrl 4WY 10-0002","ix":2,"v":{"a":0,"k":0,"ix":2}},{"ty":7,"nm":"Reversed Order","mn":"Pseudo/MHAC PrCtrl 4WY 10-0003","ix":3,"v":{"a":0,"k":0,"ix":3}}]}],"t":{"d":{"k":[{"s":{"sz":[1131.99938964844,336.823425292969],"ps":[-565.999694824219,-168.411712646484],"s":130,"f":"DelaGothicOne-Regular","t":"Affordable","ca":0,"j":2,"tr":0,"lh":120,"ls":0,"fc":[1,1,1]},"t":0}]},"p":{},"m":{"g":1,"a":{"k":[{"s":[0,-50],"t":48,"i":{"x":[1,1],"y":[1,1]},"o":{"x":[0,0],"y":[0,0]}},{"s":[0,0],"t":49,"i":{"x":[1,1],"y":[1,1]},"o":{"x":[0,0],"y":[0,0]}}]}},"a":[{"nm":"AC IN [4WY] Animator 1","s":{"t":0,"xe":{"k":[{"s":[-100],"t":0,"i":{"x":[1],"y":[1]},"o":{"x":[0],"y":[0]}},{"s":[-100],"t":599,"i":{"x":[1],"y":[1]},"o":{"x":[0],"y":[0]}}]},"ne":{"k":[{"s":[0],"t":0,"i":{"x":[1],"y":[1]},"o":{"x":[0],"y":[0]}},{"s":[0],"t":599,"i":{"x":[1],"y":[1]},"o":{"x":[0],"y":[0]}}]},"a":{"a":0,"k":100,"ix":4},"b":3,"rn":0,"sh":2,"sm":{"a":0,"k":100,"ix":6},"o":{"k":[{"s":[-100],"t":0,"i":{"x":[1],"y":[1]},"o":{"x":[0],"y":[0]}},{"s":[99.797],"t":48,"i":{"x":[1],"y":[1]},"o":{"x":[0],"y":[0]}},{"s":[100],"t":49,"i":{"x":[1],"y":[1]},"o":{"x":[0],"y":[0]}}]},"r":1},"a":{"p":{"k":[{"s":[0,-100,0],"t":0,"i":{"x":1,"y":1},"o":{"x":0,"y":0}},{"s":[0,-100,0],"t":599,"i":{"x":1,"y":1},"o":{"x":0,"y":0}}]},"s":{"k":[{"s":[0,0,100],"t":0,"i":{"x":[1,1,1],"y":[1,1,1]},"o":{"x":[0,0,0],"y":[0,0,0]}},{"s":[0,0,100],"t":599,"i":{"x":[1,1,1],"y":[1,1,1]},"o":{"x":[0,0,0],"y":[0,0,0]}}]}}}]},"ip":0,"op":600,"st":0,"ct":1,"bm":0},{"ddd":0,"ind":4,"ty":0,"nm":"full_image_slow_zoom_storytelling","refId":"comp_0","sr":1,"ks":{"o":{"a":0,"k":100,"ix":11},"r":{"a":0,"k":0,"ix":10},"p":{"a":0,"k":[540,960,0],"ix":2,"l":2},"a":{"a":0,"k":[540,960,0],"ix":1,"l":2},"s":{"a":0,"k":[100,100,100],"ix":6,"l":2}},"ao":0,"w":1080,"h":1920,"ip":0,"op":600,"st":0,"bm":0}],"markers":[],"props":{}}