{"v":"5.12.1","fr":30,"ip":0,"op":300,"w":1080,"h":1920,"nm":"animated_title_8","ddd":0,"assets":[{"id":"a_1","w":1920,"h":1920,"u":"images/","p":"a_1.png","e":0},{"id":"audio_0","u":"images/","p":"Swoosh_Transition_23.wav","e":0,"t":2},{"id":"comp_0","nm":"full_image_fast_turn_small","fr":30,"layers":[{"ddd":0,"ind":1,"ty":6,"nm":"Swoosh_Transition_23.wav","cl":"wav","refId":"audio_0","sr":0.3,"ip":0,"op":12.039,"st":0,"bm":0},{"ddd":0,"ind":2,"ty":0,"nm":"a_1","refId":"comp_1","sr":1,"ks":{"o":{"a":0,"k":100,"ix":11},"r":{"a":0,"k":0,"ix":10},"p":{"a":0,"k":[540,960,0],"ix":2,"l":2},"a":{"a":0,"k":[540,960,0],"ix":1,"l":2},"s":{"a":1,"k":[{"i":{"x":[0.05,0.05,0.05],"y":[1,1,1]},"o":{"x":[0.5,0.5,0.5],"y":[0,0,0]},"t":0,"s":[100,100,100]},{"t":15,"s":[70,70,100]}],"ix":6,"l":2}},"ao":0,"sy":[{"c":{"a":0,"k":[1,1,1,1],"ix":5},"o":{"a":0,"k":75,"ix":2},"s":{"a":1,"k":[{"i":{"x":[0.05],"y":[1]},"o":{"x":[0.5],"y":[0]},"t":0,"s":[0]},{"t":15,"s":[100]}],"ix":10},"r":{"a":0,"k":100,"ix":11},"ch":{"a":0,"k":0,"ix":9},"bm":{"a":0,"k":11,"ix":1},"no":{"a":0,"k":0,"ix":3},"j":{"a":0,"k":0,"ix":12},"ty":3,"nm":"Outer Glow"}],"w":1080,"h":1920,"ip":0,"op":450,"st":0,"bm":0},{"ddd":0,"ind":3,"ty":4,"nm":"black","sr":1,"ks":{"o":{"a":0,"k":100,"ix":11},"r":{"a":0,"k":0,"ix":10},"p":{"a":0,"k":[540,960,0],"ix":2,"l":2},"a":{"a":0,"k":[0,0,0],"ix":1,"l":2},"s":{"a":0,"k":[100,100,100],"ix":6,"l":2}},"ao":0,"shapes":[{"ty":"gr","it":[{"ty":"rc","d":1,"s":{"a":0,"k":[1080,1920],"ix":2},"p":{"a":0,"k":[0,0],"ix":3},"r":{"a":0,"k":0,"ix":4},"nm":"Rectangle Path 1","mn":"ADBE Vector Shape - Rect","hd":false},{"ty":"fl","c":{"a":0,"k":[0,0,0,1],"ix":4},"o":{"a":0,"k":100,"ix":5},"r":1,"bm":0,"nm":"Fill 1","mn":"ADBE Vector Graphic - Fill","hd":false},{"ty":"tr","p":{"a":0,"k":[0,0],"ix":2},"a":{"a":0,"k":[0,0],"ix":1},"s":{"a":0,"k":[100,100],"ix":3},"r":{"a":0,"k":0,"ix":6},"o":{"a":0,"k":100,"ix":7},"sk":{"a":0,"k":0,"ix":4},"sa":{"a":0,"k":0,"ix":5},"nm":"Transform"}],"nm":"Rectangle 3","np":2,"cix":2,"bm":0,"ix":1,"mn":"ADBE Vector Group","hd":false}],"ip":0,"op":450,"st":0,"ct":1,"bm":0}]},{"id":"comp_1","nm":"a_1","fr":30,"layers":[{"ddd":0,"ind":1,"ty":2,"nm":"a_1","refId":"a_1","sr":1,"ks":{"o":{"a":0,"k":100,"ix":11},"r":{"a":0,"k":0,"ix":10},"p":{"a":0,"k":[540,960,0],"ix":2,"l":2},"a":{"a":0,"k":[960,960,0],"ix":1,"l":2},"s":{"a":0,"k":[100,100,100],"ix":6,"l":2}},"ao":0,"ip":0,"op":450,"st":0,"bm":0}]}],"fonts":{"list":[{"origin":0,"fPath":"","fClass":"","fFamily":"Dela Gothic One","fWeight":"","fStyle":"Regular","fName":"DelaGothicOne-Regular","ascent":81.8488648161292}]},"layers":[{"ddd":0,"ind":1,"ty":5,"nm":"title_line_1","sr":1,"ks":{"o":{"a":0,"k":100,"ix":11},"r":{"a":0,"k":0,"ix":10},"p":{"a":0,"k":[453.244,714.956,0],"ix":2,"l":2},"a":{"a":0,"k":[-4.638,-79.372,0],"ix":1,"l":2},"s":{"a":0,"k":[100,100,100],"ix":6,"l":2}},"ao":0,"ef":[{"ty":5,"nm":"AC IN [TH1] Controls","np":5,"mn":"Pseudo/MHAC PrCtrl TH1 19","ix":1,"en":1,"ef":[{"ty":3,"nm":"Position","mn":"Pseudo/MHAC PrCtrl TH1 19-0001","ix":1,"v":{"a":0,"k":[0,100],"ix":1}},{"ty":0,"nm":"Opacity","mn":"Pseudo/MHAC PrCtrl TH1 19-0002","ix":2,"v":{"a":0,"k":0,"ix":2}},{"ty":7,"nm":"Reversed Order","mn":"Pseudo/MHAC PrCtrl TH1 19-0003","ix":3,"v":{"a":0,"k":0,"ix":3}}]},{"ty":25,"nm":"Drop Shadow","np":8,"mn":"ADBE Drop Shadow","ix":2,"en":1,"ef":[{"ty":2,"nm":"Shadow Color","mn":"ADBE Drop Shadow-0001","ix":1,"v":{"a":0,"k":[0,0,0,1],"ix":1}},{"ty":0,"nm":"Opacity","mn":"ADBE Drop Shadow-0002","ix":2,"v":{"a":0,"k":255,"ix":2}},{"ty":0,"nm":"Direction","mn":"ADBE Drop Shadow-0003","ix":3,"v":{"a":0,"k":180,"ix":3}},{"ty":0,"nm":"Distance","mn":"ADBE Drop Shadow-0004","ix":4,"v":{"a":0,"k":4,"ix":4}},{"ty":0,"nm":"Softness","mn":"ADBE Drop Shadow-0005","ix":5,"v":{"a":0,"k":200,"ix":5}},{"ty":7,"nm":"Shadow Only","mn":"ADBE Drop Shadow-0006","ix":6,"v":{"a":0,"k":0,"ix":6}}]}],"t":{"d":{"k":[{"s":{"sz":[759.775756835938,1085.74304199219],"ps":[-347.887878417969,-300.871490478516],"s":100,"f":"DelaGothicOne-Regular","t":"IS PHYSICAL MEDIA DEAD?","ca":0,"j":0,"tr":-20,"lh":120,"ls":0,"fc":[1,1,1]},"t":0}]},"p":{},"m":{"g":1,"a":{"a":0,"k":[0,0],"ix":2}},"a":[{"nm":"AC IN [TH1] Animator 1","s":{"t":0,"xe":{"a":0,"k":0,"ix":7},"ne":{"a":0,"k":0,"ix":8},"a":{"a":0,"k":100,"ix":4},"b":3,"rn":0,"sh":1,"sm":{"a":0,"k":100,"ix":6},"s":{"k":[{"s":[0],"t":0,"i":{"x":[1],"y":[1]},"o":{"x":[0],"y":[0]}},{"s":[9.982],"t":1,"i":{"x":[1],"y":[1]},"o":{"x":[0],"y":[0]}},{"s":[19.277],"t":2,"i":{"x":[1],"y":[1]},"o":{"x":[0],"y":[0]}},{"s":[27.91],"t":3,"i":{"x":[1],"y":[1]},"o":{"x":[0],"y":[0]}},{"s":[35.903],"t":4,"i":{"x":[1],"y":[1]},"o":{"x":[0],"y":[0]}},{"s":[43.283],"t":5,"i":{"x":[1],"y":[1]},"o":{"x":[0],"y":[0]}},{"s":[50.073],"t":6,"i":{"x":[1],"y":[1]},"o":{"x":[0],"y":[0]}},{"s":[56.299],"t":7,"i":{"x":[1],"y":[1]},"o":{"x":[0],"y":[0]}},{"s":[61.984],"t":8,"i":{"x":[1],"y":[1]},"o":{"x":[0],"y":[0]}},{"s":[67.154],"t":9,"i":{"x":[1],"y":[1]},"o":{"x":[0],"y":[0]}},{"s":[71.832],"t":10,"i":{"x":[1],"y":[1]},"o":{"x":[0],"y":[0]}},{"s":[76.043],"t":11,"i":{"x":[1],"y":[1]},"o":{"x":[0],"y":[0]}},{"s":[79.813],"t":12,"i":{"x":[1],"y":[1]},"o":{"x":[0],"y":[0]}},{"s":[83.164],"t":13,"i":{"x":[1],"y":[1]},"o":{"x":[0],"y":[0]}},{"s":[86.123],"t":14,"i":{"x":[1],"y":[1]},"o":{"x":[0],"y":[0]}},{"s":[88.712],"t":15,"i":{"x":[1],"y":[1]},"o":{"x":[0],"y":[0]}},{"s":[90.958],"t":16,"i":{"x":[1],"y":[1]},"o":{"x":[0],"y":[0]}},{"s":[92.884],"t":17,"i":{"x":[1],"y":[1]},"o":{"x":[0],"y":[0]}},{"s":[94.516],"t":18,"i":{"x":[1],"y":[1]},"o":{"x":[0],"y":[0]}},{"s":[95.876],"t":19,"i":{"x":[1],"y":[1]},"o":{"x":[0],"y":[0]}},{"s":[96.991],"t":20,"i":{"x":[1],"y":[1]},"o":{"x":[0],"y":[0]}},{"s":[97.884],"t":21,"i":{"x":[1],"y":[1]},"o":{"x":[0],"y":[0]}},{"s":[98.58],"t":22,"i":{"x":[1],"y":[1]},"o":{"x":[0],"y":[0]}},{"s":[99.104],"t":23,"i":{"x":[1],"y":[1]},"o":{"x":[0],"y":[0]}},{"s":[99.48],"t":24,"i":{"x":[1],"y":[1]},"o":{"x":[0],"y":[0]}},{"s":[99.733],"t":25,"i":{"x":[1],"y":[1]},"o":{"x":[0],"y":[0]}},{"s":[99.886],"t":26,"i":{"x":[1],"y":[1]},"o":{"x":[0],"y":[0]}},{"s":[99.966],"t":27,"i":{"x":[1],"y":[1]},"o":{"x":[0],"y":[0]}}]},"e":{"k":[{"s":[100],"t":0,"i":{"x":[1],"y":[1]},"o":{"x":[0],"y":[0]}},{"s":[100],"t":299,"i":{"x":[1],"y":[1]},"o":{"x":[0],"y":[0]}}]},"r":1},"a":{"p":{"k":[{"s":[0,100,0],"t":0,"i":{"x":1,"y":1},"o":{"x":0,"y":0}},{"s":[0,100,0],"t":299,"i":{"x":1,"y":1},"o":{"x":0,"y":0}}]},"o":{"k":[{"s":[0],"t":0,"i":{"x":[1],"y":[1]},"o":{"x":[0],"y":[0]}},{"s":[0],"t":299,"i":{"x":[1],"y":[1]},"o":{"x":[0],"y":[0]}}]}}}]},"ip":0,"op":300,"st":0,"ct":1,"bm":0},{"ddd":0,"ind":2,"ty":0,"nm":"full_image_fast_turn_small","refId":"comp_0","sr":1,"ks":{"o":{"a":0,"k":100,"ix":11},"r":{"a":0,"k":0,"ix":10},"p":{"a":0,"k":[540,960,0],"ix":2,"l":2},"a":{"a":0,"k":[540,960,0],"ix":1,"l":2},"s":{"a":0,"k":[100,100,100],"ix":6,"l":2}},"ao":0,"w":1080,"h":1920,"ip":0,"op":450,"st":0,"bm":0}],"markers":[],"props":{}}