{"v":"5.12.1","fr":60,"ip":0,"op":600,"w":1080,"h":1920,"nm":"article_quote","ddd":0,"assets":[{"id":"a_1","w":1920,"h":1920,"u":"images/","p":"a_1.png","e":0},{"id":"a_2","w":1920,"h":1920,"u":"images/","p":"a_2.png","e":0},{"id":"comp_0","nm":"a_1","fr":60,"layers":[{"ddd":0,"ind":1,"ty":2,"nm":"a-1","refId":"a_1","sr":1,"ks":{"o":{"a":0,"k":100,"ix":11},"r":{"a":0,"k":0,"ix":10},"p":{"a":0,"k":[50,50,0],"ix":2,"l":2},"a":{"a":0,"k":[960,960,0],"ix":1,"l":2},"s":{"a":0,"k":[5.208,5.208,100],"ix":6,"l":2}},"ao":0,"ip":0,"op":600,"st":0,"bm":0}]},{"id":"comp_1","nm":"a_2","fr":60,"layers":[{"ddd":0,"ind":1,"ty":2,"nm":"a-2","refId":"a_2","sr":1,"ks":{"o":{"a":0,"k":100,"ix":11},"r":{"a":0,"k":0,"ix":10},"p":{"a":0,"k":[436,245,0],"ix":2,"l":2},"a":{"a":0,"k":[960,960,0],"ix":1,"l":2},"s":{"a":0,"k":[45.417,45.417,100],"ix":6,"l":2}},"ao":0,"ip":0,"op":600,"st":0,"bm":0}]},{"id":"comp_2","nm":"full_image_slow_zoom_storytelling","fr":60,"layers":[{"ddd":0,"ind":1,"ty":0,"nm":"a_1","refId":"comp_3","sr":1,"ks":{"o":{"a":0,"k":100,"ix":11},"r":{"a":0,"k":0,"ix":10},"p":{"a":1,"k":[{"i":{"x":0.67,"y":1},"o":{"x":0.33,"y":0},"t":0,"s":[540,960,0],"to":[0,0,0],"ti":[0,0,0]},{"t":480,"s":[636,960,0]}],"ix":2,"l":2},"a":{"a":0,"k":[540,960,0],"ix":1,"l":2},"s":{"a":1,"k":[{"i":{"x":[0.67,0.67,0.67],"y":[1,1,1]},"o":{"x":[0.33,0.33,0.33],"y":[0,0,0]},"t":0,"s":[100,100,100]},{"t":480,"s":[120,120,100]}],"ix":6,"l":2}},"ao":0,"w":1080,"h":1920,"ip":0,"op":600,"st":0,"bm":0}]},{"id":"comp_3","nm":"a_1","fr":60,"layers":[{"ddd":0,"ind":1,"ty":2,"nm":"a_1","refId":"a_1","sr":1,"ks":{"o":{"a":0,"k":100,"ix":11},"r":{"a":0,"k":0,"ix":10},"p":{"a":0,"k":[540,960,0],"ix":2,"l":2},"a":{"a":0,"k":[960,960,0],"ix":1,"l":2},"s":{"a":0,"k":[100,100,100],"ix":6,"l":2}},"ao":0,"ip":0,"op":900,"st":0,"bm":0}]}],"fonts":{"list":[{"origin":0,"fPath":"","fClass":"","fFamily":"PT Sans","fWeight":"","fStyle":"Regular","fName":"PTSans-Regular","ascent":69.9996948242188},{"origin":0,"fPath":"","fClass":"","fFamily":"PT Serif","fWeight":"","fStyle":"Bold","fName":"PTSerif-Bold","ascent":75.1998901367188}]},"layers":[{"ddd":0,"ind":1,"ty":5,"nm":"t-1","tt":1,"tp":2,"sr":1,"ks":{"o":{"a":0,"k":100,"ix":11},"r":{"a":0,"k":0,"ix":10},"p":{"a":0,"k":[429.5,557,0],"ix":2,"l":2},"a":{"a":0,"k":[0.924,-17.391,0],"ix":1,"l":2},"s":{"a":0,"k":[100,100,100],"ix":6,"l":2}},"ao":0,"t":{"d":{"k":[{"s":{"s":66,"f":"PTSerif-Bold","t":"COVID-19 vax project","ca":0,"j":2,"tr":0,"lh":66,"ls":0,"fc":[0,0,0]},"t":0}]},"p":{},"m":{"g":1,"a":{"a":0,"k":[0,0],"ix":2}},"a":[]},"ip":10,"op":610,"st":10,"ct":1,"bm":0},{"ddd":0,"ind":2,"ty":4,"nm":"stroke 2","td":1,"sr":1,"ks":{"o":{"a":0,"k":100,"ix":11},"r":{"a":0,"k":0,"ix":10},"p":{"a":0,"k":[83,552,0],"ix":2,"l":2},"a":{"a":0,"k":[-350.5,0,0],"ix":1,"l":2},"s":{"a":1,"k":[{"i":{"x":[0.05,0.05,0.05],"y":[1,1,1]},"o":{"x":[0.5,0.5,0.5],"y":[0,0,0]},"t":52,"s":[0,100,100]},{"t":65,"s":[100,100,100]}],"ix":6,"l":2}},"ao":0,"shapes":[{"ty":"gr","it":[{"ty":"rc","d":1,"s":{"a":0,"k":[701,74],"ix":2},"p":{"a":0,"k":[0,0],"ix":3},"r":{"a":0,"k":0,"ix":4},"nm":"Rectangle Path 1","mn":"ADBE Vector Shape - Rect","hd":false},{"ty":"fl","c":{"a":0,"k":[1,0.858823537827,0,1],"ix":4},"o":{"a":0,"k":100,"ix":5},"r":1,"bm":0,"nm":"Fill 1","mn":"ADBE Vector Graphic - Fill","hd":false},{"ty":"tr","p":{"a":0,"k":[0,0],"ix":2},"a":{"a":0,"k":[0,0],"ix":1},"s":{"a":0,"k":[100,100],"ix":3},"r":{"a":0,"k":0,"ix":6},"o":{"a":0,"k":100,"ix":7},"sk":{"a":0,"k":0,"ix":4},"sa":{"a":0,"k":0,"ix":5},"nm":"Transform"}],"nm":"stroke","np":2,"cix":2,"bm":0,"ix":1,"mn":"ADBE Vector Group","hd":false}],"ip":10,"op":610,"st":10,"ct":1,"bm":0},{"ddd":0,"ind":3,"ty":4,"nm":"stroke 1","sr":1,"ks":{"o":{"a":0,"k":100,"ix":11},"r":{"a":0,"k":0,"ix":10},"p":{"a":0,"k":[83,552,0],"ix":2,"l":2},"a":{"a":0,"k":[-350.5,0,0],"ix":1,"l":2},"s":{"a":1,"k":[{"i":{"x":[0.05,0.05,0.05],"y":[1,1,1]},"o":{"x":[0.5,0.5,0.5],"y":[0,0,0]},"t":52,"s":[0,100,100]},{"t":65,"s":[100,100,100]}],"ix":6,"l":2}},"ao":0,"shapes":[{"ty":"gr","it":[{"ty":"rc","d":1,"s":{"a":0,"k":[701,74],"ix":2},"p":{"a":0,"k":[0,0],"ix":3},"r":{"a":0,"k":0,"ix":4},"nm":"Rectangle Path 1","mn":"ADBE Vector Shape - Rect","hd":false},{"ty":"fl","c":{"a":0,"k":[1,0.858823537827,0,1],"ix":4},"o":{"a":0,"k":100,"ix":5},"r":1,"bm":0,"nm":"Fill 1","mn":"ADBE Vector Graphic - Fill","hd":false},{"ty":"tr","p":{"a":0,"k":[0,0],"ix":2},"a":{"a":0,"k":[0,0],"ix":1},"s":{"a":0,"k":[100,100],"ix":3},"r":{"a":0,"k":0,"ix":6},"o":{"a":0,"k":100,"ix":7},"sk":{"a":0,"k":0,"ix":4},"sa":{"a":0,"k":0,"ix":5},"nm":"Transform"}],"nm":"stroke","np":2,"cix":2,"bm":0,"ix":1,"mn":"ADBE Vector Group","hd":false}],"ip":10,"op":610,"st":10,"ct":1,"bm":0},{"ddd":0,"ind":4,"ty":5,"nm":"t-1","sr":1,"ks":{"o":{"k":[{"s":[0],"t":14,"i":{"x":[1],"y":[1]},"o":{"x":[0],"y":[0]}},{"s":[13.853],"t":15,"i":{"x":[1],"y":[1]},"o":{"x":[0],"y":[0]}},{"s":[26.127],"t":16,"i":{"x":[1],"y":[1]},"o":{"x":[0],"y":[0]}},{"s":[36.96],"t":17,"i":{"x":[1],"y":[1]},"o":{"x":[0],"y":[0]}},{"s":[46.483],"t":18,"i":{"x":[1],"y":[1]},"o":{"x":[0],"y":[0]}},{"s":[54.819],"t":19,"i":{"x":[1],"y":[1]},"o":{"x":[0],"y":[0]}},{"s":[62.082],"t":20,"i":{"x":[1],"y":[1]},"o":{"x":[0],"y":[0]}},{"s":[68.379],"t":21,"i":{"x":[1],"y":[1]},"o":{"x":[0],"y":[0]}},{"s":[73.811],"t":22,"i":{"x":[1],"y":[1]},"o":{"x":[0],"y":[0]}},{"s":[78.469],"t":23,"i":{"x":[1],"y":[1]},"o":{"x":[0],"y":[0]}},{"s":[82.439],"t":24,"i":{"x":[1],"y":[1]},"o":{"x":[0],"y":[0]}},{"s":[85.801],"t":25,"i":{"x":[1],"y":[1]},"o":{"x":[0],"y":[0]}},{"s":[88.627],"t":26,"i":{"x":[1],"y":[1]},"o":{"x":[0],"y":[0]}},{"s":[90.984],"t":27,"i":{"x":[1],"y":[1]},"o":{"x":[0],"y":[0]}},{"s":[92.933],"t":28,"i":{"x":[1],"y":[1]},"o":{"x":[0],"y":[0]}},{"s":[94.529],"t":29,"i":{"x":[1],"y":[1]},"o":{"x":[0],"y":[0]}},{"s":[95.823],"t":30,"i":{"x":[1],"y":[1]},"o":{"x":[0],"y":[0]}},{"s":[96.86],"t":31,"i":{"x":[1],"y":[1]},"o":{"x":[0],"y":[0]}},{"s":[97.679],"t":32,"i":{"x":[1],"y":[1]},"o":{"x":[0],"y":[0]}},{"s":[98.318],"t":33,"i":{"x":[1],"y":[1]},"o":{"x":[0],"y":[0]}},{"s":[98.808],"t":34,"i":{"x":[1],"y":[1]},"o":{"x":[0],"y":[0]}},{"s":[99.176],"t":35,"i":{"x":[1],"y":[1]},"o":{"x":[0],"y":[0]}},{"s":[99.447],"t":36,"i":{"x":[1],"y":[1]},"o":{"x":[0],"y":[0]}},{"s":[99.642],"t":37,"i":{"x":[1],"y":[1]},"o":{"x":[0],"y":[0]}},{"s":[99.777],"t":38,"i":{"x":[1],"y":[1]},"o":{"x":[0],"y":[0]}},{"s":[99.868],"t":39,"i":{"x":[1],"y":[1]},"o":{"x":[0],"y":[0]}},{"s":[99.962],"t":41,"i":{"x":[1],"y":[1]},"o":{"x":[0],"y":[0]}}]},"r":{"a":0,"k":0,"ix":10},"p":{"k":[{"s":[557.538,597.277,0],"t":14,"i":{"x":1,"y":1},"o":{"x":0,"y":0}},{"s":[557.538,593.854,0],"t":15,"i":{"x":1,"y":1},"o":{"x":0,"y":0}},{"s":[557.538,590.632,0],"t":16,"i":{"x":1,"y":1},"o":{"x":0,"y":0}},{"s":[557.538,587.604,0],"t":17,"i":{"x":1,"y":1},"o":{"x":0,"y":0}},{"s":[557.538,584.766,0],"t":18,"i":{"x":1,"y":1},"o":{"x":0,"y":0}},{"s":[557.538,582.111,0],"t":19,"i":{"x":1,"y":1},"o":{"x":0,"y":0}},{"s":[557.538,579.632,0],"t":20,"i":{"x":1,"y":1},"o":{"x":0,"y":0}},{"s":[557.538,577.324,0],"t":21,"i":{"x":1,"y":1},"o":{"x":0,"y":0}},{"s":[557.538,575.181,0],"t":22,"i":{"x":1,"y":1},"o":{"x":0,"y":0}},{"s":[557.538,573.196,0],"t":23,"i":{"x":1,"y":1},"o":{"x":0,"y":0}},{"s":[557.538,571.363,0],"t":24,"i":{"x":1,"y":1},"o":{"x":0,"y":0}},{"s":[557.538,569.677,0],"t":25,"i":{"x":1,"y":1},"o":{"x":0,"y":0}},{"s":[557.538,568.131,0],"t":26,"i":{"x":1,"y":1},"o":{"x":0,"y":0}},{"s":[557.538,566.719,0],"t":27,"i":{"x":1,"y":1},"o":{"x":0,"y":0}},{"s":[557.538,565.436,0],"t":28,"i":{"x":1,"y":1},"o":{"x":0,"y":0}},{"s":[557.538,564.274,0],"t":29,"i":{"x":1,"y":1},"o":{"x":0,"y":0}},{"s":[557.538,563.228,0],"t":30,"i":{"x":1,"y":1},"o":{"x":0,"y":0}},{"s":[557.538,562.292,0],"t":31,"i":{"x":1,"y":1},"o":{"x":0,"y":0}},{"s":[557.538,561.46,0],"t":32,"i":{"x":1,"y":1},"o":{"x":0,"y":0}},{"s":[557.538,560.725,0],"t":33,"i":{"x":1,"y":1},"o":{"x":0,"y":0}},{"s":[557.538,560.082,0],"t":34,"i":{"x":1,"y":1},"o":{"x":0,"y":0}},{"s":[557.538,559.524,0],"t":35,"i":{"x":1,"y":1},"o":{"x":0,"y":0}},{"s":[557.538,559.045,0],"t":36,"i":{"x":1,"y":1},"o":{"x":0,"y":0}},{"s":[557.538,558.64,0],"t":37,"i":{"x":1,"y":1},"o":{"x":0,"y":0}},{"s":[557.538,558.302,0],"t":38,"i":{"x":1,"y":1},"o":{"x":0,"y":0}},{"s":[557.538,557.803,0],"t":40,"i":{"x":1,"y":1},"o":{"x":0,"y":0}}],"l":2},"a":{"a":0,"k":[-0.297,-9.79,0],"ix":1,"l":2},"s":{"a":0,"k":[100,100,100],"ix":6,"l":2}},"ao":0,"ef":[{"ty":5,"nm":"AC IN [XUT] Controls","np":3,"mn":"Pseudo/MHAC PrCtrl XUT 6","ix":1,"en":1,"ef":[{"ty":3,"nm":"Position","mn":"Pseudo/MHAC PrCtrl XUT 6-0001","ix":1,"v":{"a":0,"k":[0,40],"ix":1}}]}],"t":{"d":{"k":[{"s":{"sz":[959.5166015625,215.40234375],"ps":[-497.758270263672,-107.701171875],"s":66,"f":"PTSerif-Bold","t":"Multimillion-dollar Biden-era COVID-19 vax project halted by Trump’s HHS","ca":0,"j":2,"tr":0,"lh":66,"ls":0,"fc":[1,1,1]},"t":0}]},"p":{},"m":{"g":1,"a":{"a":0,"k":[0,0],"ix":2}},"a":[]},"ip":14,"op":612,"st":14,"ct":1,"bm":0},{"ddd":0,"ind":5,"ty":5,"nm":"t-2","sr":1,"ks":{"o":{"k":[{"s":[0],"t":18,"i":{"x":[1],"y":[1]},"o":{"x":[0],"y":[0]}},{"s":[13.853],"t":19,"i":{"x":[1],"y":[1]},"o":{"x":[0],"y":[0]}},{"s":[26.127],"t":20,"i":{"x":[1],"y":[1]},"o":{"x":[0],"y":[0]}},{"s":[36.96],"t":21,"i":{"x":[1],"y":[1]},"o":{"x":[0],"y":[0]}},{"s":[46.483],"t":22,"i":{"x":[1],"y":[1]},"o":{"x":[0],"y":[0]}},{"s":[54.819],"t":23,"i":{"x":[1],"y":[1]},"o":{"x":[0],"y":[0]}},{"s":[62.082],"t":24,"i":{"x":[1],"y":[1]},"o":{"x":[0],"y":[0]}},{"s":[68.379],"t":25,"i":{"x":[1],"y":[1]},"o":{"x":[0],"y":[0]}},{"s":[73.811],"t":26,"i":{"x":[1],"y":[1]},"o":{"x":[0],"y":[0]}},{"s":[78.469],"t":27,"i":{"x":[1],"y":[1]},"o":{"x":[0],"y":[0]}},{"s":[82.439],"t":28,"i":{"x":[1],"y":[1]},"o":{"x":[0],"y":[0]}},{"s":[85.801],"t":29,"i":{"x":[1],"y":[1]},"o":{"x":[0],"y":[0]}},{"s":[88.627],"t":30,"i":{"x":[1],"y":[1]},"o":{"x":[0],"y":[0]}},{"s":[90.984],"t":31,"i":{"x":[1],"y":[1]},"o":{"x":[0],"y":[0]}},{"s":[92.933],"t":32,"i":{"x":[1],"y":[1]},"o":{"x":[0],"y":[0]}},{"s":[94.529],"t":33,"i":{"x":[1],"y":[1]},"o":{"x":[0],"y":[0]}},{"s":[95.823],"t":34,"i":{"x":[1],"y":[1]},"o":{"x":[0],"y":[0]}},{"s":[96.86],"t":35,"i":{"x":[1],"y":[1]},"o":{"x":[0],"y":[0]}},{"s":[97.679],"t":36,"i":{"x":[1],"y":[1]},"o":{"x":[0],"y":[0]}},{"s":[98.318],"t":37,"i":{"x":[1],"y":[1]},"o":{"x":[0],"y":[0]}},{"s":[98.808],"t":38,"i":{"x":[1],"y":[1]},"o":{"x":[0],"y":[0]}},{"s":[99.176],"t":39,"i":{"x":[1],"y":[1]},"o":{"x":[0],"y":[0]}},{"s":[99.447],"t":40,"i":{"x":[1],"y":[1]},"o":{"x":[0],"y":[0]}},{"s":[99.642],"t":41,"i":{"x":[1],"y":[1]},"o":{"x":[0],"y":[0]}},{"s":[99.777],"t":42,"i":{"x":[1],"y":[1]},"o":{"x":[0],"y":[0]}},{"s":[99.868],"t":43,"i":{"x":[1],"y":[1]},"o":{"x":[0],"y":[0]}},{"s":[99.962],"t":45,"i":{"x":[1],"y":[1]},"o":{"x":[0],"y":[0]}}]},"r":{"a":0,"k":0,"ix":10},"p":{"k":[{"s":[539.264,773.715,0],"t":18,"i":{"x":1,"y":1},"o":{"x":0,"y":0}},{"s":[539.264,770.291,0],"t":19,"i":{"x":1,"y":1},"o":{"x":0,"y":0}},{"s":[539.264,767.069,0],"t":20,"i":{"x":1,"y":1},"o":{"x":0,"y":0}},{"s":[539.264,764.042,0],"t":21,"i":{"x":1,"y":1},"o":{"x":0,"y":0}},{"s":[539.264,761.204,0],"t":22,"i":{"x":1,"y":1},"o":{"x":0,"y":0}},{"s":[539.264,758.548,0],"t":23,"i":{"x":1,"y":1},"o":{"x":0,"y":0}},{"s":[539.264,756.07,0],"t":24,"i":{"x":1,"y":1},"o":{"x":0,"y":0}},{"s":[539.264,753.762,0],"t":25,"i":{"x":1,"y":1},"o":{"x":0,"y":0}},{"s":[539.264,751.618,0],"t":26,"i":{"x":1,"y":1},"o":{"x":0,"y":0}},{"s":[539.264,749.633,0],"t":27,"i":{"x":1,"y":1},"o":{"x":0,"y":0}},{"s":[539.264,747.801,0],"t":28,"i":{"x":1,"y":1},"o":{"x":0,"y":0}},{"s":[539.264,746.115,0],"t":29,"i":{"x":1,"y":1},"o":{"x":0,"y":0}},{"s":[539.264,744.569,0],"t":30,"i":{"x":1,"y":1},"o":{"x":0,"y":0}},{"s":[539.264,743.157,0],"t":31,"i":{"x":1,"y":1},"o":{"x":0,"y":0}},{"s":[539.264,741.873,0],"t":32,"i":{"x":1,"y":1},"o":{"x":0,"y":0}},{"s":[539.264,740.711,0],"t":33,"i":{"x":1,"y":1},"o":{"x":0,"y":0}},{"s":[539.264,739.666,0],"t":34,"i":{"x":1,"y":1},"o":{"x":0,"y":0}},{"s":[539.264,738.729,0],"t":35,"i":{"x":1,"y":1},"o":{"x":0,"y":0}},{"s":[539.264,737.897,0],"t":36,"i":{"x":1,"y":1},"o":{"x":0,"y":0}},{"s":[539.264,737.162,0],"t":37,"i":{"x":1,"y":1},"o":{"x":0,"y":0}},{"s":[539.264,736.519,0],"t":38,"i":{"x":1,"y":1},"o":{"x":0,"y":0}},{"s":[539.264,735.961,0],"t":39,"i":{"x":1,"y":1},"o":{"x":0,"y":0}},{"s":[539.264,735.483,0],"t":40,"i":{"x":1,"y":1},"o":{"x":0,"y":0}},{"s":[539.264,735.078,0],"t":41,"i":{"x":1,"y":1},"o":{"x":0,"y":0}},{"s":[539.264,734.463,0],"t":43,"i":{"x":1,"y":1},"o":{"x":0,"y":0}},{"s":[539.264,733.743,0],"t":49,"i":{"x":1,"y":1},"o":{"x":0,"y":0}}],"l":2},"a":{"a":0,"k":[0.666,-3.894,0],"ix":1,"l":2},"s":{"a":0,"k":[100,100,100],"ix":6,"l":2}},"ao":0,"ef":[{"ty":5,"nm":"AC IN [XUT] Controls","np":3,"mn":"Pseudo/MHAC PrCtrl XUT 6","ix":1,"en":1,"ef":[{"ty":3,"nm":"Position","mn":"Pseudo/MHAC PrCtrl XUT 6-0001","ix":1,"v":{"a":0,"k":[0,40],"ix":1}}]}],"t":{"d":{"k":[{"s":{"sz":[861.948852539062,85.6195220947266],"ps":[-430.974426269531,-42.8097610473633],"s":36,"f":"PTSans-Regular","t":"He's already paused at least one contract that was working on an oral Covid vaccine, and is reportedly.","ca":0,"j":2,"tr":0,"lh":45,"ls":0,"fc":[1,1,1]},"t":0}]},"p":{},"m":{"g":1,"a":{"a":0,"k":[0,0],"ix":2}},"a":[]},"ip":18,"op":612,"st":18,"ct":1,"bm":0},{"ddd":0,"ind":6,"ty":5,"nm":"t-3","sr":1,"ks":{"o":{"k":[{"s":[0],"t":22,"i":{"x":[1],"y":[1]},"o":{"x":[0],"y":[0]}},{"s":[13.853],"t":23,"i":{"x":[1],"y":[1]},"o":{"x":[0],"y":[0]}},{"s":[26.127],"t":24,"i":{"x":[1],"y":[1]},"o":{"x":[0],"y":[0]}},{"s":[36.96],"t":25,"i":{"x":[1],"y":[1]},"o":{"x":[0],"y":[0]}},{"s":[46.483],"t":26,"i":{"x":[1],"y":[1]},"o":{"x":[0],"y":[0]}},{"s":[54.819],"t":27,"i":{"x":[1],"y":[1]},"o":{"x":[0],"y":[0]}},{"s":[62.082],"t":28,"i":{"x":[1],"y":[1]},"o":{"x":[0],"y":[0]}},{"s":[68.379],"t":29,"i":{"x":[1],"y":[1]},"o":{"x":[0],"y":[0]}},{"s":[73.811],"t":30,"i":{"x":[1],"y":[1]},"o":{"x":[0],"y":[0]}},{"s":[78.469],"t":31,"i":{"x":[1],"y":[1]},"o":{"x":[0],"y":[0]}},{"s":[82.439],"t":32,"i":{"x":[1],"y":[1]},"o":{"x":[0],"y":[0]}},{"s":[85.801],"t":33,"i":{"x":[1],"y":[1]},"o":{"x":[0],"y":[0]}},{"s":[88.627],"t":34,"i":{"x":[1],"y":[1]},"o":{"x":[0],"y":[0]}},{"s":[90.984],"t":35,"i":{"x":[1],"y":[1]},"o":{"x":[0],"y":[0]}},{"s":[92.933],"t":36,"i":{"x":[1],"y":[1]},"o":{"x":[0],"y":[0]}},{"s":[94.529],"t":37,"i":{"x":[1],"y":[1]},"o":{"x":[0],"y":[0]}},{"s":[95.823],"t":38,"i":{"x":[1],"y":[1]},"o":{"x":[0],"y":[0]}},{"s":[96.86],"t":39,"i":{"x":[1],"y":[1]},"o":{"x":[0],"y":[0]}},{"s":[97.679],"t":40,"i":{"x":[1],"y":[1]},"o":{"x":[0],"y":[0]}},{"s":[98.318],"t":41,"i":{"x":[1],"y":[1]},"o":{"x":[0],"y":[0]}},{"s":[98.808],"t":42,"i":{"x":[1],"y":[1]},"o":{"x":[0],"y":[0]}},{"s":[99.176],"t":43,"i":{"x":[1],"y":[1]},"o":{"x":[0],"y":[0]}},{"s":[99.447],"t":44,"i":{"x":[1],"y":[1]},"o":{"x":[0],"y":[0]}},{"s":[99.642],"t":45,"i":{"x":[1],"y":[1]},"o":{"x":[0],"y":[0]}},{"s":[99.777],"t":46,"i":{"x":[1],"y":[1]},"o":{"x":[0],"y":[0]}},{"s":[99.868],"t":47,"i":{"x":[1],"y":[1]},"o":{"x":[0],"y":[0]}},{"s":[99.962],"t":49,"i":{"x":[1],"y":[1]},"o":{"x":[0],"y":[0]}}]},"r":{"a":0,"k":0,"ix":10},"p":{"k":[{"s":[540.291,876.875,0],"t":22,"i":{"x":1,"y":1},"o":{"x":0,"y":0}},{"s":[540.291,873.452,0],"t":23,"i":{"x":1,"y":1},"o":{"x":0,"y":0}},{"s":[540.291,870.229,0],"t":24,"i":{"x":1,"y":1},"o":{"x":0,"y":0}},{"s":[540.291,867.202,0],"t":25,"i":{"x":1,"y":1},"o":{"x":0,"y":0}},{"s":[540.291,864.364,0],"t":26,"i":{"x":1,"y":1},"o":{"x":0,"y":0}},{"s":[540.291,861.708,0],"t":27,"i":{"x":1,"y":1},"o":{"x":0,"y":0}},{"s":[540.291,859.23,0],"t":28,"i":{"x":1,"y":1},"o":{"x":0,"y":0}},{"s":[540.291,856.922,0],"t":29,"i":{"x":1,"y":1},"o":{"x":0,"y":0}},{"s":[540.291,854.778,0],"t":30,"i":{"x":1,"y":1},"o":{"x":0,"y":0}},{"s":[540.291,852.793,0],"t":31,"i":{"x":1,"y":1},"o":{"x":0,"y":0}},{"s":[540.291,850.961,0],"t":32,"i":{"x":1,"y":1},"o":{"x":0,"y":0}},{"s":[540.291,849.275,0],"t":33,"i":{"x":1,"y":1},"o":{"x":0,"y":0}},{"s":[540.291,847.729,0],"t":34,"i":{"x":1,"y":1},"o":{"x":0,"y":0}},{"s":[540.291,846.317,0],"t":35,"i":{"x":1,"y":1},"o":{"x":0,"y":0}},{"s":[540.291,845.033,0],"t":36,"i":{"x":1,"y":1},"o":{"x":0,"y":0}},{"s":[540.291,843.872,0],"t":37,"i":{"x":1,"y":1},"o":{"x":0,"y":0}},{"s":[540.291,842.826,0],"t":38,"i":{"x":1,"y":1},"o":{"x":0,"y":0}},{"s":[540.291,841.89,0],"t":39,"i":{"x":1,"y":1},"o":{"x":0,"y":0}},{"s":[540.291,841.057,0],"t":40,"i":{"x":1,"y":1},"o":{"x":0,"y":0}},{"s":[540.291,840.323,0],"t":41,"i":{"x":1,"y":1},"o":{"x":0,"y":0}},{"s":[540.291,839.679,0],"t":42,"i":{"x":1,"y":1},"o":{"x":0,"y":0}},{"s":[540.291,839.121,0],"t":43,"i":{"x":1,"y":1},"o":{"x":0,"y":0}},{"s":[540.291,838.643,0],"t":44,"i":{"x":1,"y":1},"o":{"x":0,"y":0}},{"s":[540.291,837.9,0],"t":46,"i":{"x":1,"y":1},"o":{"x":0,"y":0}},{"s":[540.291,837.098,0],"t":50,"i":{"x":1,"y":1},"o":{"x":0,"y":0}}],"l":2},"a":{"a":0,"k":[0.288,-2.085,0],"ix":1,"l":2},"s":{"a":0,"k":[100,100,100],"ix":6,"l":2}},"ao":0,"ef":[{"ty":5,"nm":"AC IN [XUT] Controls","np":3,"mn":"Pseudo/MHAC PrCtrl XUT 6","ix":1,"en":1,"ef":[{"ty":3,"nm":"Position","mn":"Pseudo/MHAC PrCtrl XUT 6-0001","ix":1,"v":{"a":0,"k":[0,40],"ix":1}}]}],"t":{"d":{"k":[{"s":{"sz":[623.987915039062,36.3171806335449],"ps":[-311.993957519531,-18.1585903167725],"s":36,"f":"PTSans-Regular","t":"February 25, 2025  |  By Emma Colton","ca":0,"j":2,"tr":0,"lh":46.237060546875,"ls":0,"fc":[1,1,1]},"t":0}]},"p":{},"m":{"g":1,"a":{"a":0,"k":[0,0],"ix":2}},"a":[]},"ip":22,"op":612,"st":22,"ct":1,"bm":0},{"ddd":0,"ind":7,"ty":0,"nm":"a_1","refId":"comp_0","sr":1,"ks":{"o":{"k":[{"s":[0],"t":10,"i":{"x":[1],"y":[1]},"o":{"x":[0],"y":[0]}},{"s":[13.853],"t":11,"i":{"x":[1],"y":[1]},"o":{"x":[0],"y":[0]}},{"s":[26.127],"t":12,"i":{"x":[1],"y":[1]},"o":{"x":[0],"y":[0]}},{"s":[36.96],"t":13,"i":{"x":[1],"y":[1]},"o":{"x":[0],"y":[0]}},{"s":[46.483],"t":14,"i":{"x":[1],"y":[1]},"o":{"x":[0],"y":[0]}},{"s":[54.819],"t":15,"i":{"x":[1],"y":[1]},"o":{"x":[0],"y":[0]}},{"s":[62.082],"t":16,"i":{"x":[1],"y":[1]},"o":{"x":[0],"y":[0]}},{"s":[68.379],"t":17,"i":{"x":[1],"y":[1]},"o":{"x":[0],"y":[0]}},{"s":[73.811],"t":18,"i":{"x":[1],"y":[1]},"o":{"x":[0],"y":[0]}},{"s":[78.469],"t":19,"i":{"x":[1],"y":[1]},"o":{"x":[0],"y":[0]}},{"s":[82.439],"t":20,"i":{"x":[1],"y":[1]},"o":{"x":[0],"y":[0]}},{"s":[85.801],"t":21,"i":{"x":[1],"y":[1]},"o":{"x":[0],"y":[0]}},{"s":[88.627],"t":22,"i":{"x":[1],"y":[1]},"o":{"x":[0],"y":[0]}},{"s":[90.984],"t":23,"i":{"x":[1],"y":[1]},"o":{"x":[0],"y":[0]}},{"s":[92.933],"t":24,"i":{"x":[1],"y":[1]},"o":{"x":[0],"y":[0]}},{"s":[94.529],"t":25,"i":{"x":[1],"y":[1]},"o":{"x":[0],"y":[0]}},{"s":[95.823],"t":26,"i":{"x":[1],"y":[1]},"o":{"x":[0],"y":[0]}},{"s":[96.86],"t":27,"i":{"x":[1],"y":[1]},"o":{"x":[0],"y":[0]}},{"s":[97.679],"t":28,"i":{"x":[1],"y":[1]},"o":{"x":[0],"y":[0]}},{"s":[98.318],"t":29,"i":{"x":[1],"y":[1]},"o":{"x":[0],"y":[0]}},{"s":[98.808],"t":30,"i":{"x":[1],"y":[1]},"o":{"x":[0],"y":[0]}},{"s":[99.176],"t":31,"i":{"x":[1],"y":[1]},"o":{"x":[0],"y":[0]}},{"s":[99.447],"t":32,"i":{"x":[1],"y":[1]},"o":{"x":[0],"y":[0]}},{"s":[99.642],"t":33,"i":{"x":[1],"y":[1]},"o":{"x":[0],"y":[0]}},{"s":[99.777],"t":34,"i":{"x":[1],"y":[1]},"o":{"x":[0],"y":[0]}},{"s":[99.868],"t":35,"i":{"x":[1],"y":[1]},"o":{"x":[0],"y":[0]}},{"s":[99.962],"t":37,"i":{"x":[1],"y":[1]},"o":{"x":[0],"y":[0]}}]},"r":{"a":0,"k":0,"ix":10},"p":{"k":[{"s":[540,330,0],"t":10,"i":{"x":1,"y":1},"o":{"x":0,"y":0}},{"s":[540,326.577,0],"t":11,"i":{"x":1,"y":1},"o":{"x":0,"y":0}},{"s":[540,323.354,0],"t":12,"i":{"x":1,"y":1},"o":{"x":0,"y":0}},{"s":[540,320.327,0],"t":13,"i":{"x":1,"y":1},"o":{"x":0,"y":0}},{"s":[540,317.489,0],"t":14,"i":{"x":1,"y":1},"o":{"x":0,"y":0}},{"s":[540,314.833,0],"t":15,"i":{"x":1,"y":1},"o":{"x":0,"y":0}},{"s":[540,312.355,0],"t":16,"i":{"x":1,"y":1},"o":{"x":0,"y":0}},{"s":[540,310.047,0],"t":17,"i":{"x":1,"y":1},"o":{"x":0,"y":0}},{"s":[540,307.903,0],"t":18,"i":{"x":1,"y":1},"o":{"x":0,"y":0}},{"s":[540,305.918,0],"t":19,"i":{"x":1,"y":1},"o":{"x":0,"y":0}},{"s":[540,304.086,0],"t":20,"i":{"x":1,"y":1},"o":{"x":0,"y":0}},{"s":[540,302.4,0],"t":21,"i":{"x":1,"y":1},"o":{"x":0,"y":0}},{"s":[540,300.854,0],"t":22,"i":{"x":1,"y":1},"o":{"x":0,"y":0}},{"s":[540,299.442,0],"t":23,"i":{"x":1,"y":1},"o":{"x":0,"y":0}},{"s":[540,298.158,0],"t":24,"i":{"x":1,"y":1},"o":{"x":0,"y":0}},{"s":[540,296.997,0],"t":25,"i":{"x":1,"y":1},"o":{"x":0,"y":0}},{"s":[540,295.951,0],"t":26,"i":{"x":1,"y":1},"o":{"x":0,"y":0}},{"s":[540,295.015,0],"t":27,"i":{"x":1,"y":1},"o":{"x":0,"y":0}},{"s":[540,294.182,0],"t":28,"i":{"x":1,"y":1},"o":{"x":0,"y":0}},{"s":[540,293.448,0],"t":29,"i":{"x":1,"y":1},"o":{"x":0,"y":0}},{"s":[540,292.804,0],"t":30,"i":{"x":1,"y":1},"o":{"x":0,"y":0}},{"s":[540,292.246,0],"t":31,"i":{"x":1,"y":1},"o":{"x":0,"y":0}},{"s":[540,291.768,0],"t":32,"i":{"x":1,"y":1},"o":{"x":0,"y":0}},{"s":[540,291.363,0],"t":33,"i":{"x":1,"y":1},"o":{"x":0,"y":0}},{"s":[540,291.025,0],"t":34,"i":{"x":1,"y":1},"o":{"x":0,"y":0}},{"s":[540,290.748,0],"t":35,"i":{"x":1,"y":1},"o":{"x":0,"y":0}},{"s":[540,290.526,0],"t":36,"i":{"x":1,"y":1},"o":{"x":0,"y":0}},{"s":[540,290.353,0],"t":37,"i":{"x":1,"y":1},"o":{"x":0,"y":0}},{"s":[540,290.067,0],"t":40,"i":{"x":1,"y":1},"o":{"x":0,"y":0}}],"l":2},"a":{"a":0,"k":[50,50,0],"ix":1,"l":2},"s":{"a":0,"k":[200,200,100],"ix":6,"l":2}},"ao":0,"ef":[{"ty":5,"nm":"AC IN [XUT] Controls","np":3,"mn":"Pseudo/MHAC PrCtrl XUT 7","ix":1,"en":1,"ef":[{"ty":3,"nm":"Position","mn":"Pseudo/MHAC PrCtrl XUT 7-0001","ix":1,"v":{"a":0,"k":[0,40],"ix":1}}]}],"w":100,"h":100,"ip":10,"op":610,"st":10,"bm":0},{"ddd":0,"ind":8,"ty":0,"nm":"a_2","refId":"comp_1","sr":1,"ks":{"o":{"k":[{"s":[0],"t":26,"i":{"x":[1],"y":[1]},"o":{"x":[0],"y":[0]}},{"s":[13.853],"t":27,"i":{"x":[1],"y":[1]},"o":{"x":[0],"y":[0]}},{"s":[26.127],"t":28,"i":{"x":[1],"y":[1]},"o":{"x":[0],"y":[0]}},{"s":[36.96],"t":29,"i":{"x":[1],"y":[1]},"o":{"x":[0],"y":[0]}},{"s":[46.483],"t":30,"i":{"x":[1],"y":[1]},"o":{"x":[0],"y":[0]}},{"s":[54.819],"t":31,"i":{"x":[1],"y":[1]},"o":{"x":[0],"y":[0]}},{"s":[62.082],"t":32,"i":{"x":[1],"y":[1]},"o":{"x":[0],"y":[0]}},{"s":[68.379],"t":33,"i":{"x":[1],"y":[1]},"o":{"x":[0],"y":[0]}},{"s":[73.811],"t":34,"i":{"x":[1],"y":[1]},"o":{"x":[0],"y":[0]}},{"s":[78.469],"t":35,"i":{"x":[1],"y":[1]},"o":{"x":[0],"y":[0]}},{"s":[82.439],"t":36,"i":{"x":[1],"y":[1]},"o":{"x":[0],"y":[0]}},{"s":[85.801],"t":37,"i":{"x":[1],"y":[1]},"o":{"x":[0],"y":[0]}},{"s":[88.627],"t":38,"i":{"x":[1],"y":[1]},"o":{"x":[0],"y":[0]}},{"s":[90.984],"t":39,"i":{"x":[1],"y":[1]},"o":{"x":[0],"y":[0]}},{"s":[92.933],"t":40,"i":{"x":[1],"y":[1]},"o":{"x":[0],"y":[0]}},{"s":[94.529],"t":41,"i":{"x":[1],"y":[1]},"o":{"x":[0],"y":[0]}},{"s":[95.823],"t":42,"i":{"x":[1],"y":[1]},"o":{"x":[0],"y":[0]}},{"s":[96.86],"t":43,"i":{"x":[1],"y":[1]},"o":{"x":[0],"y":[0]}},{"s":[97.679],"t":44,"i":{"x":[1],"y":[1]},"o":{"x":[0],"y":[0]}},{"s":[98.318],"t":45,"i":{"x":[1],"y":[1]},"o":{"x":[0],"y":[0]}},{"s":[98.808],"t":46,"i":{"x":[1],"y":[1]},"o":{"x":[0],"y":[0]}},{"s":[99.176],"t":47,"i":{"x":[1],"y":[1]},"o":{"x":[0],"y":[0]}},{"s":[99.447],"t":48,"i":{"x":[1],"y":[1]},"o":{"x":[0],"y":[0]}},{"s":[99.642],"t":49,"i":{"x":[1],"y":[1]},"o":{"x":[0],"y":[0]}},{"s":[99.777],"t":50,"i":{"x":[1],"y":[1]},"o":{"x":[0],"y":[0]}},{"s":[99.868],"t":51,"i":{"x":[1],"y":[1]},"o":{"x":[0],"y":[0]}},{"s":[99.962],"t":53,"i":{"x":[1],"y":[1]},"o":{"x":[0],"y":[0]}}]},"r":{"a":0,"k":0,"ix":10},"p":{"k":[{"s":[540,1208,0],"t":26,"i":{"x":1,"y":1},"o":{"x":0,"y":0}},{"s":[540,1204.577,0],"t":27,"i":{"x":1,"y":1},"o":{"x":0,"y":0}},{"s":[540,1201.354,0],"t":28,"i":{"x":1,"y":1},"o":{"x":0,"y":0}},{"s":[540,1198.327,0],"t":29,"i":{"x":1,"y":1},"o":{"x":0,"y":0}},{"s":[540,1195.489,0],"t":30,"i":{"x":1,"y":1},"o":{"x":0,"y":0}},{"s":[540,1192.833,0],"t":31,"i":{"x":1,"y":1},"o":{"x":0,"y":0}},{"s":[540,1190.355,0],"t":32,"i":{"x":1,"y":1},"o":{"x":0,"y":0}},{"s":[540,1188.047,0],"t":33,"i":{"x":1,"y":1},"o":{"x":0,"y":0}},{"s":[540,1185.903,0],"t":34,"i":{"x":1,"y":1},"o":{"x":0,"y":0}},{"s":[540,1183.918,0],"t":35,"i":{"x":1,"y":1},"o":{"x":0,"y":0}},{"s":[540,1182.086,0],"t":36,"i":{"x":1,"y":1},"o":{"x":0,"y":0}},{"s":[540,1180.4,0],"t":37,"i":{"x":1,"y":1},"o":{"x":0,"y":0}},{"s":[540,1178.854,0],"t":38,"i":{"x":1,"y":1},"o":{"x":0,"y":0}},{"s":[540,1177.442,0],"t":39,"i":{"x":1,"y":1},"o":{"x":0,"y":0}},{"s":[540,1176.158,0],"t":40,"i":{"x":1,"y":1},"o":{"x":0,"y":0}},{"s":[540,1174.997,0],"t":41,"i":{"x":1,"y":1},"o":{"x":0,"y":0}},{"s":[540,1173.951,0],"t":42,"i":{"x":1,"y":1},"o":{"x":0,"y":0}},{"s":[540,1173.015,0],"t":43,"i":{"x":1,"y":1},"o":{"x":0,"y":0}},{"s":[540,1172.182,0],"t":44,"i":{"x":1,"y":1},"o":{"x":0,"y":0}},{"s":[540,1171.448,0],"t":45,"i":{"x":1,"y":1},"o":{"x":0,"y":0}},{"s":[540,1170.804,0],"t":46,"i":{"x":1,"y":1},"o":{"x":0,"y":0}},{"s":[540,1169.768,0],"t":48,"i":{"x":1,"y":1},"o":{"x":0,"y":0}},{"s":[540,1168.748,0],"t":51,"i":{"x":1,"y":1},"o":{"x":0,"y":0}}],"l":2},"a":{"a":0,"k":[436,245,0],"ix":1,"l":2},"s":{"a":0,"k":[100,100,100],"ix":6,"l":2}},"ao":0,"ef":[{"ty":5,"nm":"AC IN [XUT] Controls","np":3,"mn":"Pseudo/MHAC PrCtrl XUT 7","ix":1,"en":1,"ef":[{"ty":3,"nm":"Position","mn":"Pseudo/MHAC PrCtrl XUT 7-0001","ix":1,"v":{"a":0,"k":[0,40],"ix":1}}]}],"w":872,"h":490,"ip":26,"op":626,"st":26,"bm":0},{"ddd":0,"ind":9,"ty":4,"nm":"overlay","sr":1,"ks":{"o":{"a":1,"k":[{"i":{"x":[0.05],"y":[1]},"o":{"x":[0.5],"y":[0]},"t":0,"s":[0]},{"t":10,"s":[100]}],"ix":11},"r":{"a":0,"k":0,"ix":10},"p":{"a":0,"k":[540,960,0],"ix":2,"l":2},"a":{"a":0,"k":[0,0,0],"ix":1,"l":2},"s":{"a":0,"k":[100,100,100],"ix":6,"l":2}},"ao":0,"shapes":[{"ty":"gr","it":[{"ty":"rc","d":1,"s":{"a":0,"k":[1080,1920],"ix":2},"p":{"a":0,"k":[0,0],"ix":3},"r":{"a":0,"k":0,"ix":4},"nm":"Rectangle Path 1","mn":"ADBE Vector Shape - Rect","hd":false},{"ty":"fl","c":{"a":0,"k":[1,1,1,1],"ix":4},"o":{"a":0,"k":50,"ix":5},"r":1,"bm":0,"nm":"Fill 1","mn":"ADBE Vector Graphic - Fill","hd":false},{"ty":"tr","p":{"a":0,"k":[0,0],"ix":2},"a":{"a":0,"k":[0,0],"ix":1},"s":{"a":0,"k":[100,100],"ix":3},"r":{"a":0,"k":0,"ix":6},"o":{"a":0,"k":100,"ix":7},"sk":{"a":0,"k":0,"ix":4},"sa":{"a":0,"k":0,"ix":5},"nm":"Transform"}],"nm":"overlay","np":2,"cix":2,"bm":0,"ix":1,"mn":"ADBE Vector Group","hd":false}],"ip":0,"op":600,"st":0,"ct":1,"bm":0},{"ddd":0,"ind":10,"ty":3,"nm":"overlay_bgBlur","parent":9,"sr":1,"ks":{"o":{"a":1,"k":[{"i":{"x":[0.05],"y":[1]},"o":{"x":[0.5],"y":[0]},"t":0,"s":[0]},{"t":10,"s":[100]}],"ix":11},"r":{"a":0,"k":0,"ix":10},"p":{"a":0,"k":[0,0,0],"ix":2,"l":2},"a":{"a":0,"k":[0,0,0],"ix":1,"l":2},"s":{"a":0,"k":[100,100,100],"ix":6,"l":2}},"ao":0,"ef":[{"ty":29,"nm":"Gaussian Blur","np":5,"mn":"ADBE Gaussian Blur 2","ix":1,"en":1,"ef":[{"ty":0,"nm":"Blurriness","mn":"ADBE Gaussian Blur 2-0001","ix":1,"v":{"a":0,"k":60,"ix":1}},{"ty":7,"nm":"Blur Dimensions","mn":"ADBE Gaussian Blur 2-0002","ix":2,"v":{"a":0,"k":1,"ix":2}},{"ty":7,"nm":"Repeat Edge Pixels","mn":"ADBE Gaussian Blur 2-0003","ix":3,"v":{"a":0,"k":0,"ix":3}}]}],"ip":0,"op":600,"st":0,"ct":1,"bm":0},{"ddd":0,"ind":11,"ty":0,"nm":"full_image_slow_zoom_storytelling","refId":"comp_2","sr":1,"ks":{"o":{"a":0,"k":100,"ix":11},"r":{"a":0,"k":0,"ix":10},"p":{"a":0,"k":[540,960,0],"ix":2,"l":2},"a":{"a":0,"k":[540,960,0],"ix":1,"l":2},"s":{"a":0,"k":[100,100,100],"ix":6,"l":2}},"ao":0,"w":1080,"h":1920,"ip":0,"op":600,"st":0,"bm":0}],"markers":[],"props":{}}