{"v":"5.12.1","fr":60,"ip":0,"op":600,"w":1080,"h":1920,"nm":"centred_four_photos_popup","ddd":0,"assets":[{"id":"a_4","w":1920,"h":1920,"u":"images/","p":"a_4.png","e":0},{"id":"a_3","w":1920,"h":1920,"u":"images/","p":"a_3.png","e":0},{"id":"a_2","w":1920,"h":1920,"u":"images/","p":"a_2.png","e":0},{"id":"a_1","w":1920,"h":1920,"u":"images/","p":"a_1.png","e":0},{"id":"comp_0","nm":"a_4","fr":60,"layers":[{"ddd":0,"ind":1,"ty":2,"nm":"a_4","refId":"a_4","sr":1,"ks":{"o":{"a":0,"k":100,"ix":11},"r":{"a":0,"k":0,"ix":10},"p":{"a":0,"k":[270,480,0],"ix":2,"l":2},"a":{"a":0,"k":[960,960,0],"ix":1,"l":2},"s":{"a":0,"k":[50,50,100],"ix":6,"l":2}},"ao":0,"ip":0,"op":600,"st":0,"bm":0}]},{"id":"comp_1","nm":"a_3","fr":60,"layers":[{"ddd":0,"ind":1,"ty":2,"nm":"a_3","refId":"a_3","sr":1,"ks":{"o":{"a":0,"k":100,"ix":11},"r":{"a":0,"k":0,"ix":10},"p":{"a":0,"k":[270,480,0],"ix":2,"l":2},"a":{"a":0,"k":[960,960,0],"ix":1,"l":2},"s":{"a":0,"k":[50,50,100],"ix":6,"l":2}},"ao":0,"ip":0,"op":600,"st":0,"bm":0}]},{"id":"comp_2","nm":"a_2","fr":60,"layers":[{"ddd":0,"ind":1,"ty":2,"nm":"a_2","refId":"a_2","sr":1,"ks":{"o":{"a":0,"k":100,"ix":11},"r":{"a":0,"k":0,"ix":10},"p":{"a":0,"k":[270,480,0],"ix":2,"l":2},"a":{"a":0,"k":[960,960,0],"ix":1,"l":2},"s":{"a":0,"k":[50,50,100],"ix":6,"l":2}},"ao":0,"ip":0,"op":600,"st":0,"bm":0}]},{"id":"comp_3","nm":"a_1","fr":60,"layers":[{"ddd":0,"ind":1,"ty":2,"nm":"a_1","refId":"a_1","sr":1,"ks":{"o":{"a":0,"k":100,"ix":11},"r":{"a":0,"k":0,"ix":10},"p":{"a":0,"k":[270,480,0],"ix":2,"l":2},"a":{"a":0,"k":[960,960,0],"ix":1,"l":2},"s":{"a":0,"k":[50,50,100],"ix":6,"l":2}},"ao":0,"ip":0,"op":600,"st":0,"bm":0}]}],"layers":[{"ddd":0,"ind":1,"ty":0,"nm":"a_4","refId":"comp_0","sr":1,"ks":{"o":{"a":0,"k":100,"ix":11},"r":{"a":0,"k":0,"ix":10},"p":{"a":1,"k":[{"i":{"x":0.05,"y":1},"o":{"x":0.5,"y":0},"t":45,"s":[1370,1440,0],"to":[0,0,0],"ti":[0,0,0]},{"t":65,"s":[810,1440,0]}],"ix":2,"l":2},"a":{"a":0,"k":[270,480,0],"ix":1,"l":2},"s":{"a":0,"k":[100,100,100],"ix":6,"l":2}},"ao":0,"w":540,"h":960,"ip":45,"op":645,"st":45,"bm":0},{"ddd":0,"ind":2,"ty":0,"nm":"a_3","refId":"comp_1","sr":1,"ks":{"o":{"a":0,"k":100,"ix":11},"r":{"a":0,"k":0,"ix":10},"p":{"a":1,"k":[{"i":{"x":0.05,"y":1},"o":{"x":0.5,"y":0},"t":30,"s":[270,2440,0],"to":[0,0,0],"ti":[0,0,0]},{"t":50,"s":[270,1440,0]}],"ix":2,"l":2},"a":{"a":0,"k":[270,480,0],"ix":1,"l":2},"s":{"a":0,"k":[100,100,100],"ix":6,"l":2}},"ao":0,"w":540,"h":960,"ip":30,"op":630,"st":30,"bm":0},{"ddd":0,"ind":3,"ty":0,"nm":"a_2","refId":"comp_2","sr":1,"ks":{"o":{"a":0,"k":100,"ix":11},"r":{"a":0,"k":0,"ix":10},"p":{"a":1,"k":[{"i":{"x":0.05,"y":1},"o":{"x":0.5,"y":0},"t":15,"s":[810,-520,0],"to":[0,0,0],"ti":[0,0,0]},{"t":35,"s":[810,480,0]}],"ix":2,"l":2},"a":{"a":0,"k":[270,480,0],"ix":1,"l":2},"s":{"a":0,"k":[100,100,100],"ix":6,"l":2}},"ao":0,"w":540,"h":960,"ip":15,"op":615,"st":15,"bm":0},{"ddd":0,"ind":4,"ty":0,"nm":"a_1","refId":"comp_3","sr":1,"ks":{"o":{"a":0,"k":100,"ix":11},"r":{"a":0,"k":0,"ix":10},"p":{"a":1,"k":[{"i":{"x":0.05,"y":1},"o":{"x":0.5,"y":0},"t":0,"s":[-290,480,0],"to":[0,0,0],"ti":[0,0,0]},{"t":20,"s":[270,480,0]}],"ix":2,"l":2},"a":{"a":0,"k":[270,480,0],"ix":1,"l":2},"s":{"a":0,"k":[100,100,100],"ix":6,"l":2}},"ao":0,"w":540,"h":960,"ip":0,"op":600,"st":0,"bm":0}],"markers":[],"props":{}}