{"v":"5.12.1","fr":30,"ip":0,"op":301,"w":1080,"h":1920,"nm":"centred_three_photos_popup","ddd":0,"assets":[{"id":"a_3","w":1920,"h":1920,"u":"images/","p":"a_3.png","e":0},{"id":"a_2","w":1920,"h":1920,"u":"images/","p":"a_2.png","e":0},{"id":"a_1","w":1920,"h":1920,"u":"images/","p":"a_1.png","e":0},{"id":"comp_0","nm":"a_3","fr":30,"layers":[{"ddd":0,"ind":2,"ty":2,"nm":"a_3","refId":"a_3","sr":1,"ks":{"o":{"a":0,"k":100,"ix":11},"r":{"a":0,"k":0,"ix":10},"p":{"a":0,"k":[291,364,0],"ix":2,"l":2},"a":{"a":0,"k":[960,960,0],"ix":1,"l":2},"s":{"a":0,"k":[37.917,37.917,100],"ix":6,"l":2}},"ao":0,"ip":0,"op":301,"st":0,"bm":0}]},{"id":"comp_1","nm":"a_2","fr":30,"layers":[{"ddd":0,"ind":2,"ty":2,"nm":"a_2","refId":"a_2","sr":1,"ks":{"o":{"a":0,"k":100,"ix":11},"r":{"a":0,"k":0,"ix":10},"p":{"a":0,"k":[205,256.5,0],"ix":2,"l":2},"a":{"a":0,"k":[960,960,0],"ix":1,"l":2},"s":{"a":0,"k":[26.719,26.719,100],"ix":6,"l":2}},"ao":0,"ip":0,"op":301,"st":0,"bm":0}]},{"id":"comp_2","nm":"a_1","fr":30,"layers":[{"ddd":0,"ind":2,"ty":2,"nm":"a_1","refId":"a_1","sr":1,"ks":{"o":{"a":0,"k":100,"ix":11},"r":{"a":0,"k":0,"ix":10},"p":{"a":0,"k":[291,364,0],"ix":2,"l":2},"a":{"a":0,"k":[960,960,0],"ix":1,"l":2},"s":{"a":0,"k":[37.917,37.917,100],"ix":6,"l":2}},"ao":0,"ip":0,"op":301,"st":0,"bm":0}]}],"layers":[{"ddd":0,"ind":1,"ty":0,"nm":"a_3","refId":"comp_0","sr":1,"ks":{"o":{"k":[{"s":[0],"t":20,"i":{"x":[1],"y":[1]},"o":{"x":[0],"y":[0]}},{"s":[27.557],"t":21,"i":{"x":[1],"y":[1]},"o":{"x":[0],"y":[0]}},{"s":[48.673],"t":22,"i":{"x":[1],"y":[1]},"o":{"x":[0],"y":[0]}},{"s":[64.551],"t":23,"i":{"x":[1],"y":[1]},"o":{"x":[0],"y":[0]}},{"s":[76.231],"t":24,"i":{"x":[1],"y":[1]},"o":{"x":[0],"y":[0]}},{"s":[84.607],"t":25,"i":{"x":[1],"y":[1]},"o":{"x":[0],"y":[0]}},{"s":[90.435],"t":26,"i":{"x":[1],"y":[1]},"o":{"x":[0],"y":[0]}},{"s":[94.347],"t":27,"i":{"x":[1],"y":[1]},"o":{"x":[0],"y":[0]}},{"s":[96.86],"t":28,"i":{"x":[1],"y":[1]},"o":{"x":[0],"y":[0]}},{"s":[98.387],"t":29,"i":{"x":[1],"y":[1]},"o":{"x":[0],"y":[0]}},{"s":[99.252],"t":30,"i":{"x":[1],"y":[1]},"o":{"x":[0],"y":[0]}},{"s":[99.699],"t":31,"i":{"x":[1],"y":[1]},"o":{"x":[0],"y":[0]}},{"s":[99.901],"t":32,"i":{"x":[1],"y":[1]},"o":{"x":[0],"y":[0]}}]},"r":{"a":0,"k":0,"ix":10},"p":{"a":0,"k":[709,1438,0],"ix":2,"l":2},"a":{"a":0,"k":[291,364,0],"ix":1,"l":2},"s":{"k":[{"s":[30,30,100],"t":20,"i":{"x":[1,1,1],"y":[1,1,1]},"o":{"x":[0,0,0],"y":[0,0,0]}},{"s":[58.22,58.22,100],"t":21,"i":{"x":[1,1,1],"y":[1,1,1]},"o":{"x":[0,0,0],"y":[0,0,0]}},{"s":[79.333,79.333,100],"t":22,"i":{"x":[1,1,1],"y":[1,1,1]},"o":{"x":[0,0,0],"y":[0,0,0]}},{"s":[92.761,92.761,100],"t":23,"i":{"x":[1,1,1],"y":[1,1,1]},"o":{"x":[0,0,0],"y":[0,0,0]}},{"s":[99.981,99.981,100],"t":24,"i":{"x":[1,1,1],"y":[1,1,1]},"o":{"x":[0,0,0],"y":[0,0,0]}},{"s":[102.998,102.998,100],"t":25,"i":{"x":[1,1,1],"y":[1,1,1]},"o":{"x":[0,0,0],"y":[0,0,0]}},{"s":[103.587,103.587,100],"t":26,"i":{"x":[1,1,1],"y":[1,1,1]},"o":{"x":[0,0,0],"y":[0,0,0]}},{"s":[103.03,103.03,100],"t":27,"i":{"x":[1,1,1],"y":[1,1,1]},"o":{"x":[0,0,0],"y":[0,0,0]}},{"s":[102.121,102.121,100],"t":28,"i":{"x":[1,1,1],"y":[1,1,1]},"o":{"x":[0,0,0],"y":[0,0,0]}},{"s":[101.268,101.268,100],"t":29,"i":{"x":[1,1,1],"y":[1,1,1]},"o":{"x":[0,0,0],"y":[0,0,0]}},{"s":[100.628,100.628,100],"t":30,"i":{"x":[1,1,1],"y":[1,1,1]},"o":{"x":[0,0,0],"y":[0,0,0]}},{"s":[100.221,100.221,100],"t":31,"i":{"x":[1,1,1],"y":[1,1,1]},"o":{"x":[0,0,0],"y":[0,0,0]}},{"s":[100.002,100.002,100],"t":32,"i":{"x":[1,1,1],"y":[1,1,1]},"o":{"x":[0,0,0],"y":[0,0,0]}}],"l":2}},"ao":0,"ef":[{"ty":5,"nm":"AC IN [IN0] Controls","np":4,"mn":"Pseudo/MHAC PrCtrl IN0 7","ix":1,"en":1,"ef":[{"ty":0,"nm":"Size","mn":"Pseudo/MHAC PrCtrl IN0 7-0001","ix":1,"v":{"a":0,"k":30,"ix":1}},{"ty":0,"nm":"Bounces","mn":"Pseudo/MHAC PrCtrl IN0 7-0002","ix":2,"v":{"a":0,"k":1,"ix":2}}]}],"w":582,"h":728,"ip":20,"op":321,"st":20,"bm":0},{"ddd":0,"ind":2,"ty":0,"nm":"a_2","refId":"comp_1","sr":1,"ks":{"o":{"k":[{"s":[0],"t":10,"i":{"x":[1],"y":[1]},"o":{"x":[0],"y":[0]}},{"s":[27.557],"t":11,"i":{"x":[1],"y":[1]},"o":{"x":[0],"y":[0]}},{"s":[48.673],"t":12,"i":{"x":[1],"y":[1]},"o":{"x":[0],"y":[0]}},{"s":[64.551],"t":13,"i":{"x":[1],"y":[1]},"o":{"x":[0],"y":[0]}},{"s":[76.231],"t":14,"i":{"x":[1],"y":[1]},"o":{"x":[0],"y":[0]}},{"s":[84.607],"t":15,"i":{"x":[1],"y":[1]},"o":{"x":[0],"y":[0]}},{"s":[90.435],"t":16,"i":{"x":[1],"y":[1]},"o":{"x":[0],"y":[0]}},{"s":[94.347],"t":17,"i":{"x":[1],"y":[1]},"o":{"x":[0],"y":[0]}},{"s":[96.86],"t":18,"i":{"x":[1],"y":[1]},"o":{"x":[0],"y":[0]}},{"s":[98.387],"t":19,"i":{"x":[1],"y":[1]},"o":{"x":[0],"y":[0]}},{"s":[99.252],"t":20,"i":{"x":[1],"y":[1]},"o":{"x":[0],"y":[0]}},{"s":[99.699],"t":21,"i":{"x":[1],"y":[1]},"o":{"x":[0],"y":[0]}},{"s":[99.901],"t":22,"i":{"x":[1],"y":[1]},"o":{"x":[0],"y":[0]}}]},"r":{"a":0,"k":0,"ix":10},"p":{"a":0,"k":[258,447.5,0],"ix":2,"l":2},"a":{"a":0,"k":[205,256.5,0],"ix":1,"l":2},"s":{"k":[{"s":[30,30,100],"t":10,"i":{"x":[1,1,1],"y":[1,1,1]},"o":{"x":[0,0,0],"y":[0,0,0]}},{"s":[58.22,58.22,100],"t":11,"i":{"x":[1,1,1],"y":[1,1,1]},"o":{"x":[0,0,0],"y":[0,0,0]}},{"s":[79.333,79.333,100],"t":12,"i":{"x":[1,1,1],"y":[1,1,1]},"o":{"x":[0,0,0],"y":[0,0,0]}},{"s":[92.761,92.761,100],"t":13,"i":{"x":[1,1,1],"y":[1,1,1]},"o":{"x":[0,0,0],"y":[0,0,0]}},{"s":[99.981,99.981,100],"t":14,"i":{"x":[1,1,1],"y":[1,1,1]},"o":{"x":[0,0,0],"y":[0,0,0]}},{"s":[102.998,102.998,100],"t":15,"i":{"x":[1,1,1],"y":[1,1,1]},"o":{"x":[0,0,0],"y":[0,0,0]}},{"s":[103.587,103.587,100],"t":16,"i":{"x":[1,1,1],"y":[1,1,1]},"o":{"x":[0,0,0],"y":[0,0,0]}},{"s":[103.03,103.03,100],"t":17,"i":{"x":[1,1,1],"y":[1,1,1]},"o":{"x":[0,0,0],"y":[0,0,0]}},{"s":[102.121,102.121,100],"t":18,"i":{"x":[1,1,1],"y":[1,1,1]},"o":{"x":[0,0,0],"y":[0,0,0]}},{"s":[101.268,101.268,100],"t":19,"i":{"x":[1,1,1],"y":[1,1,1]},"o":{"x":[0,0,0],"y":[0,0,0]}},{"s":[100.628,100.628,100],"t":20,"i":{"x":[1,1,1],"y":[1,1,1]},"o":{"x":[0,0,0],"y":[0,0,0]}},{"s":[100.221,100.221,100],"t":21,"i":{"x":[1,1,1],"y":[1,1,1]},"o":{"x":[0,0,0],"y":[0,0,0]}},{"s":[100.002,100.002,100],"t":22,"i":{"x":[1,1,1],"y":[1,1,1]},"o":{"x":[0,0,0],"y":[0,0,0]}}],"l":2}},"ao":0,"ef":[{"ty":5,"nm":"AC IN [IN0] Controls","np":4,"mn":"Pseudo/MHAC PrCtrl IN0 7","ix":1,"en":1,"ef":[{"ty":0,"nm":"Size","mn":"Pseudo/MHAC PrCtrl IN0 7-0001","ix":1,"v":{"a":0,"k":30,"ix":1}},{"ty":0,"nm":"Bounces","mn":"Pseudo/MHAC PrCtrl IN0 7-0002","ix":2,"v":{"a":0,"k":1,"ix":2}}]}],"w":410,"h":513,"ip":10,"op":311,"st":10,"bm":0},{"ddd":0,"ind":3,"ty":0,"nm":"a_1","refId":"comp_2","sr":1,"ks":{"o":{"k":[{"s":[0],"t":0,"i":{"x":[1],"y":[1]},"o":{"x":[0],"y":[0]}},{"s":[27.557],"t":1,"i":{"x":[1],"y":[1]},"o":{"x":[0],"y":[0]}},{"s":[48.673],"t":2,"i":{"x":[1],"y":[1]},"o":{"x":[0],"y":[0]}},{"s":[64.551],"t":3,"i":{"x":[1],"y":[1]},"o":{"x":[0],"y":[0]}},{"s":[76.231],"t":4,"i":{"x":[1],"y":[1]},"o":{"x":[0],"y":[0]}},{"s":[84.607],"t":5,"i":{"x":[1],"y":[1]},"o":{"x":[0],"y":[0]}},{"s":[90.435],"t":6,"i":{"x":[1],"y":[1]},"o":{"x":[0],"y":[0]}},{"s":[94.347],"t":7,"i":{"x":[1],"y":[1]},"o":{"x":[0],"y":[0]}},{"s":[96.86],"t":8,"i":{"x":[1],"y":[1]},"o":{"x":[0],"y":[0]}},{"s":[98.387],"t":9,"i":{"x":[1],"y":[1]},"o":{"x":[0],"y":[0]}},{"s":[99.252],"t":10,"i":{"x":[1],"y":[1]},"o":{"x":[0],"y":[0]}},{"s":[99.699],"t":11,"i":{"x":[1],"y":[1]},"o":{"x":[0],"y":[0]}},{"s":[99.901],"t":12,"i":{"x":[1],"y":[1]},"o":{"x":[0],"y":[0]}}]},"r":{"a":0,"k":0,"ix":10},"p":{"a":0,"k":[549,941,0],"ix":2,"l":2},"a":{"a":0,"k":[291,364,0],"ix":1,"l":2},"s":{"k":[{"s":[30,30,100],"t":0,"i":{"x":[1,1,1],"y":[1,1,1]},"o":{"x":[0,0,0],"y":[0,0,0]}},{"s":[58.22,58.22,100],"t":1,"i":{"x":[1,1,1],"y":[1,1,1]},"o":{"x":[0,0,0],"y":[0,0,0]}},{"s":[79.333,79.333,100],"t":2,"i":{"x":[1,1,1],"y":[1,1,1]},"o":{"x":[0,0,0],"y":[0,0,0]}},{"s":[92.761,92.761,100],"t":3,"i":{"x":[1,1,1],"y":[1,1,1]},"o":{"x":[0,0,0],"y":[0,0,0]}},{"s":[99.981,99.981,100],"t":4,"i":{"x":[1,1,1],"y":[1,1,1]},"o":{"x":[0,0,0],"y":[0,0,0]}},{"s":[102.998,102.998,100],"t":5,"i":{"x":[1,1,1],"y":[1,1,1]},"o":{"x":[0,0,0],"y":[0,0,0]}},{"s":[103.587,103.587,100],"t":6,"i":{"x":[1,1,1],"y":[1,1,1]},"o":{"x":[0,0,0],"y":[0,0,0]}},{"s":[103.03,103.03,100],"t":7,"i":{"x":[1,1,1],"y":[1,1,1]},"o":{"x":[0,0,0],"y":[0,0,0]}},{"s":[102.121,102.121,100],"t":8,"i":{"x":[1,1,1],"y":[1,1,1]},"o":{"x":[0,0,0],"y":[0,0,0]}},{"s":[101.268,101.268,100],"t":9,"i":{"x":[1,1,1],"y":[1,1,1]},"o":{"x":[0,0,0],"y":[0,0,0]}},{"s":[100.628,100.628,100],"t":10,"i":{"x":[1,1,1],"y":[1,1,1]},"o":{"x":[0,0,0],"y":[0,0,0]}},{"s":[100.221,100.221,100],"t":11,"i":{"x":[1,1,1],"y":[1,1,1]},"o":{"x":[0,0,0],"y":[0,0,0]}},{"s":[100.002,100.002,100],"t":12,"i":{"x":[1,1,1],"y":[1,1,1]},"o":{"x":[0,0,0],"y":[0,0,0]}}],"l":2}},"ao":0,"ef":[{"ty":5,"nm":"AC IN [IN0] Controls","np":4,"mn":"Pseudo/MHAC PrCtrl IN0 7","ix":1,"en":1,"ef":[{"ty":0,"nm":"Size","mn":"Pseudo/MHAC PrCtrl IN0 7-0001","ix":1,"v":{"a":0,"k":30,"ix":1}},{"ty":0,"nm":"Bounces","mn":"Pseudo/MHAC PrCtrl IN0 7-0002","ix":2,"v":{"a":0,"k":1,"ix":2}}]}],"w":582,"h":728,"ip":0,"op":301,"st":0,"bm":0}],"markers":[],"props":{}}