{"v":"5.12.1","fr":60,"ip":0,"op":600,"w":1080,"h":1920,"nm":"centred_one_sticker_popup_emphasis","ddd":0,"assets":[{"id":"a_1","w":1920,"h":1920,"u":"images/","p":"a_1.png","e":0},{"id":"audio_0","u":"images/","p":"Hollow_Pop_03.wav","e":0,"t":2},{"id":"comp_0","nm":"a_1","fr":60,"layers":[{"ddd":0,"ind":1,"ty":2,"nm":"a_1","refId":"a_1","sr":1,"ks":{"o":{"a":0,"k":100,"ix":11},"r":{"a":0,"k":0,"ix":10},"p":{"a":0,"k":[250,250,0],"ix":2,"l":2},"a":{"a":0,"k":[960,960,0],"ix":1,"l":2},"s":{"a":0,"k":[26.042,26.042,100],"ix":6,"l":2}},"ao":0,"ip":0,"op":600,"st":0,"bm":0}]},{"id":"comp_1","nm":"full_image_slow_zoom_storytelling","fr":60,"layers":[{"ddd":0,"ind":1,"ty":0,"nm":"a_1","refId":"comp_2","sr":1,"ks":{"o":{"a":0,"k":100,"ix":11},"r":{"a":0,"k":0,"ix":10},"p":{"a":1,"k":[{"i":{"x":0.67,"y":1},"o":{"x":0.33,"y":0},"t":0,"s":[540,960,0],"to":[0,0,0],"ti":[0,0,0]},{"t":480,"s":[636,960,0]}],"ix":2,"l":2},"a":{"a":0,"k":[540,960,0],"ix":1,"l":2},"s":{"a":1,"k":[{"i":{"x":[0.67,0.67,0.67],"y":[1,1,1]},"o":{"x":[0.33,0.33,0.33],"y":[0,0,0]},"t":0,"s":[100,100,100]},{"t":480,"s":[120,120,100]}],"ix":6,"l":2}},"ao":0,"w":1080,"h":1920,"ip":0,"op":600,"st":0,"bm":0}]},{"id":"comp_2","nm":"a_1","fr":60,"layers":[{"ddd":0,"ind":1,"ty":2,"nm":"a_1","refId":"a_1","sr":1,"ks":{"o":{"a":0,"k":100,"ix":11},"r":{"a":0,"k":0,"ix":10},"p":{"a":0,"k":[540,960,0],"ix":2,"l":2},"a":{"a":0,"k":[960,960,0],"ix":1,"l":2},"s":{"a":0,"k":[100,100,100],"ix":6,"l":2}},"ao":0,"ip":0,"op":900,"st":0,"bm":0}]}],"fonts":{"list":[{"origin":0,"fPath":"","fClass":"","fFamily":"Alegreya","fWeight":"","fStyle":"Bold","fName":"Alegreya-Bold","ascent":79.8477906733751}]},"layers":[{"ddd":0,"ind":1,"ty":5,"nm":"title","tt":1,"tp":3,"sr":1,"ks":{"o":{"a":0,"k":100,"ix":11},"r":{"a":0,"k":0,"ix":10},"p":{"a":1,"k":[{"i":{"x":0.05,"y":1},"o":{"x":0.5,"y":0},"t":30,"s":[539.5,1320,0],"to":[0,0,0],"ti":[0,0,0]},{"t":60,"s":[539.5,1240,0]}],"ix":2,"l":2},"a":{"a":0,"k":[0.625,-14.545,0],"ix":1,"l":2},"s":{"a":0,"k":[100,100,100],"ix":6,"l":2}},"ao":0,"t":{"d":{"k":[{"s":{"s":40,"f":"Alegreya-Bold","t":"OYSTER","ca":0,"j":2,"tr":0,"lh":52,"ls":0,"fc":[0,0,0]},"t":0}]},"p":{},"m":{"g":1,"a":{"a":0,"k":[0,0],"ix":2}},"a":[]},"ip":30,"op":601,"st":30,"ct":1,"bm":0},{"ddd":0,"ind":2,"ty":4,"nm":"title-w","tt":1,"tp":3,"sr":1,"ks":{"o":{"a":0,"k":100,"ix":11},"r":{"a":0,"k":0,"ix":10},"p":{"a":1,"k":[{"i":{"x":0.05,"y":1},"o":{"x":0.5,"y":0},"t":30,"s":[539.5,1320,0],"to":[0,0,0],"ti":[0,0,0]},{"t":60,"s":[539.5,1240,0]}],"ix":2,"l":2},"a":{"a":0,"k":[0,0,0],"ix":1,"l":2},"s":{"a":0,"k":[100,100,100],"ix":6,"l":2}},"ao":0,"shapes":[{"ty":"gr","it":[{"ty":"rc","d":1,"s":{"a":0,"k":[190,80],"ix":2},"p":{"a":0,"k":[0,0],"ix":3},"r":{"a":0,"k":0,"ix":4},"nm":"Rectangle Path 1","mn":"ADBE Vector Shape - Rect","hd":false},{"ty":"fl","c":{"a":0,"k":[1,1,1,1],"ix":4},"o":{"a":0,"k":100,"ix":5},"r":1,"bm":0,"nm":"Fill 1","mn":"ADBE Vector Graphic - Fill","hd":false},{"ty":"tr","p":{"a":0,"k":[0,0],"ix":2},"a":{"a":0,"k":[0,0],"ix":1},"s":{"a":0,"k":[100,100],"ix":3},"r":{"a":0,"k":0,"ix":6},"o":{"a":0,"k":100,"ix":7},"sk":{"a":0,"k":0,"ix":4},"sa":{"a":0,"k":0,"ix":5},"nm":"Transform"}],"nm":"container","np":2,"cix":2,"bm":0,"ix":1,"mn":"ADBE Vector Group","hd":false}],"ip":30,"op":601,"st":30,"ct":1,"bm":0},{"ddd":0,"ind":3,"ty":4,"nm":"mask","td":1,"sr":1,"ks":{"o":{"a":0,"k":100,"ix":11},"r":{"a":0,"k":0,"ix":10},"p":{"a":0,"k":[540,1070,0],"ix":2,"l":2},"a":{"a":0,"k":[0,0,0],"ix":1,"l":2},"s":{"a":0,"k":[100,100,100],"ix":6,"l":2}},"ao":0,"shapes":[{"ty":"gr","it":[{"ty":"rc","d":1,"s":{"a":0,"k":[1080,420],"ix":2},"p":{"a":0,"k":[0,0],"ix":3},"r":{"a":0,"k":0,"ix":4},"nm":"Rectangle Path 1","mn":"ADBE Vector Shape - Rect","hd":false},{"ty":"fl","c":{"a":0,"k":[0.850980401039,0.850980401039,0.850980401039,1],"ix":4},"o":{"a":0,"k":100,"ix":5},"r":1,"bm":0,"nm":"Fill 1","mn":"ADBE Vector Graphic - Fill","hd":false},{"ty":"tr","p":{"a":0,"k":[0,0],"ix":2},"a":{"a":0,"k":[0,0],"ix":1},"s":{"a":0,"k":[100,100],"ix":3},"r":{"a":0,"k":0,"ix":6},"o":{"a":0,"k":100,"ix":7},"sk":{"a":0,"k":0,"ix":4},"sa":{"a":0,"k":0,"ix":5},"nm":"Transform"}],"nm":"mask","np":2,"cix":2,"bm":0,"ix":1,"mn":"ADBE Vector Group","hd":false}],"ip":0,"op":601,"st":0,"ct":1,"bm":0},{"ddd":0,"ind":4,"ty":0,"nm":"a_1","refId":"comp_0","sr":1,"ks":{"o":{"a":0,"k":100,"ix":11},"r":{"a":0,"k":0,"ix":10},"p":{"k":[{"s":[542.866,1031.663,0],"t":3,"i":{"x":1,"y":1},"o":{"x":0,"y":0}},{"s":[542.476,1032.327,0],"t":6,"i":{"x":1,"y":1},"o":{"x":0,"y":0}},{"s":[542.09,1032.657,0],"t":8,"i":{"x":1,"y":1},"o":{"x":0,"y":0}},{"s":[541.621,1032.881,0],"t":10,"i":{"x":1,"y":1},"o":{"x":0,"y":0}},{"s":[541.087,1032.99,0],"t":12,"i":{"x":1,"y":1},"o":{"x":0,"y":0}},{"s":[540.802,1033,0],"t":13,"i":{"x":1,"y":1},"o":{"x":0,"y":0}},{"s":[540.51,1032.98,0],"t":14,"i":{"x":1,"y":1},"o":{"x":0,"y":0}},{"s":[540.212,1032.93,0],"t":15,"i":{"x":1,"y":1},"o":{"x":0,"y":0}},{"s":[539.912,1032.851,0],"t":16,"i":{"x":1,"y":1},"o":{"x":0,"y":0}},{"s":[539.613,1032.743,0],"t":17,"i":{"x":1,"y":1},"o":{"x":0,"y":0}},{"s":[539.318,1032.608,0],"t":18,"i":{"x":1,"y":1},"o":{"x":0,"y":0}},{"s":[539.03,1032.447,0],"t":19,"i":{"x":1,"y":1},"o":{"x":0,"y":0}},{"s":[538.752,1032.262,0],"t":20,"i":{"x":1,"y":1},"o":{"x":0,"y":0}},{"s":[538.234,1031.825,0],"t":22,"i":{"x":1,"y":1},"o":{"x":0,"y":0}},{"s":[537.788,1031.316,0],"t":24,"i":{"x":1,"y":1},"o":{"x":0,"y":0}},{"s":[537.288,1030.46,0],"t":27,"i":{"x":1,"y":1},"o":{"x":0,"y":0}},{"s":[537.03,1029.563,0],"t":30,"i":{"x":1,"y":1},"o":{"x":0,"y":0}},{"s":[537.038,1028.706,0],"t":33,"i":{"x":1,"y":1},"o":{"x":0,"y":0}},{"s":[537.456,1027.754,0],"t":37,"i":{"x":1,"y":1},"o":{"x":0,"y":0}},{"s":[537.822,1027.404,0],"t":39,"i":{"x":1,"y":1},"o":{"x":0,"y":0}},{"s":[538.276,1027.157,0],"t":41,"i":{"x":1,"y":1},"o":{"x":0,"y":0}},{"s":[538.798,1027.023,0],"t":43,"i":{"x":1,"y":1},"o":{"x":0,"y":0}},{"s":[539.078,1027.001,0],"t":44,"i":{"x":1,"y":1},"o":{"x":0,"y":0}},{"s":[539.368,1027.008,0],"t":45,"i":{"x":1,"y":1},"o":{"x":0,"y":0}},{"s":[539.664,1027.046,0],"t":46,"i":{"x":1,"y":1},"o":{"x":0,"y":0}},{"s":[539.963,1027.113,0],"t":47,"i":{"x":1,"y":1},"o":{"x":0,"y":0}},{"s":[540.262,1027.209,0],"t":48,"i":{"x":1,"y":1},"o":{"x":0,"y":0}},{"s":[540.56,1027.332,0],"t":49,"i":{"x":1,"y":1},"o":{"x":0,"y":0}},{"s":[540.851,1027.483,0],"t":50,"i":{"x":1,"y":1},"o":{"x":0,"y":0}},{"s":[541.134,1027.658,0],"t":51,"i":{"x":1,"y":1},"o":{"x":0,"y":0}},{"s":[541.663,1028.078,0],"t":53,"i":{"x":1,"y":1},"o":{"x":0,"y":0}},{"s":[542.126,1028.573,0],"t":55,"i":{"x":1,"y":1},"o":{"x":0,"y":0}},{"s":[542.657,1029.417,0],"t":58,"i":{"x":1,"y":1},"o":{"x":0,"y":0}},{"s":[542.95,1030.313,0],"t":61,"i":{"x":1,"y":1},"o":{"x":0,"y":0}},{"s":[542.98,1031.18,0],"t":64,"i":{"x":1,"y":1},"o":{"x":0,"y":0}},{"s":[542.608,1032.161,0],"t":68,"i":{"x":1,"y":1},"o":{"x":0,"y":0}},{"s":[542.262,1032.532,0],"t":70,"i":{"x":1,"y":1},"o":{"x":0,"y":0}},{"s":[541.825,1032.801,0],"t":72,"i":{"x":1,"y":1},"o":{"x":0,"y":0}},{"s":[541.316,1032.959,0],"t":74,"i":{"x":1,"y":1},"o":{"x":0,"y":0}},{"s":[541.04,1032.993,0],"t":75,"i":{"x":1,"y":1},"o":{"x":0,"y":0}},{"s":[540.754,1032.998,0],"t":76,"i":{"x":1,"y":1},"o":{"x":0,"y":0}},{"s":[540.46,1032.973,0],"t":77,"i":{"x":1,"y":1},"o":{"x":0,"y":0}},{"s":[540.162,1032.918,0],"t":78,"i":{"x":1,"y":1},"o":{"x":0,"y":0}},{"s":[539.862,1032.835,0],"t":79,"i":{"x":1,"y":1},"o":{"x":0,"y":0}},{"s":[539.563,1032.722,0],"t":80,"i":{"x":1,"y":1},"o":{"x":0,"y":0}},{"s":[539.269,1032.583,0],"t":81,"i":{"x":1,"y":1},"o":{"x":0,"y":0}},{"s":[538.983,1032.418,0],"t":82,"i":{"x":1,"y":1},"o":{"x":0,"y":0}},{"s":[538.706,1032.228,0],"t":83,"i":{"x":1,"y":1},"o":{"x":0,"y":0}},{"s":[538.194,1031.785,0],"t":85,"i":{"x":1,"y":1},"o":{"x":0,"y":0}},{"s":[537.754,1031.27,0],"t":87,"i":{"x":1,"y":1},"o":{"x":0,"y":0}},{"s":[537.267,1030.41,0],"t":90,"i":{"x":1,"y":1},"o":{"x":0,"y":0}},{"s":[537.023,1029.514,0],"t":93,"i":{"x":1,"y":1},"o":{"x":0,"y":0}},{"s":[537.046,1028.661,0],"t":96,"i":{"x":1,"y":1},"o":{"x":0,"y":0}},{"s":[537.483,1027.721,0],"t":100,"i":{"x":1,"y":1},"o":{"x":0,"y":0}},{"s":[537.857,1027.379,0],"t":102,"i":{"x":1,"y":1},"o":{"x":0,"y":0}},{"s":[538.317,1027.141,0],"t":104,"i":{"x":1,"y":1},"o":{"x":0,"y":0}},{"s":[538.844,1027.017,0],"t":106,"i":{"x":1,"y":1},"o":{"x":0,"y":0}},{"s":[539.126,1027,0],"t":107,"i":{"x":1,"y":1},"o":{"x":0,"y":0}},{"s":[539.417,1027.013,0],"t":108,"i":{"x":1,"y":1},"o":{"x":0,"y":0}},{"s":[539.714,1027.055,0],"t":109,"i":{"x":1,"y":1},"o":{"x":0,"y":0}},{"s":[540.013,1027.127,0],"t":110,"i":{"x":1,"y":1},"o":{"x":0,"y":0}},{"s":[540.313,1027.228,0],"t":111,"i":{"x":1,"y":1},"o":{"x":0,"y":0}},{"s":[540.609,1027.356,0],"t":112,"i":{"x":1,"y":1},"o":{"x":0,"y":0}},{"s":[540.899,1027.511,0],"t":113,"i":{"x":1,"y":1},"o":{"x":0,"y":0}},{"s":[541.18,1027.69,0],"t":114,"i":{"x":1,"y":1},"o":{"x":0,"y":0}},{"s":[541.705,1028.117,0],"t":116,"i":{"x":1,"y":1},"o":{"x":0,"y":0}},{"s":[542.161,1028.618,0],"t":118,"i":{"x":1,"y":1},"o":{"x":0,"y":0}},{"s":[542.68,1029.467,0],"t":121,"i":{"x":1,"y":1},"o":{"x":0,"y":0}},{"s":[542.959,1030.363,0],"t":124,"i":{"x":1,"y":1},"o":{"x":0,"y":0}},{"s":[542.973,1031.227,0],"t":127,"i":{"x":1,"y":1},"o":{"x":0,"y":0}},{"s":[542.583,1032.196,0],"t":131,"i":{"x":1,"y":1},"o":{"x":0,"y":0}},{"s":[542.228,1032.558,0],"t":133,"i":{"x":1,"y":1},"o":{"x":0,"y":0}},{"s":[541.785,1032.819,0],"t":135,"i":{"x":1,"y":1},"o":{"x":0,"y":0}},{"s":[541.27,1032.967,0],"t":137,"i":{"x":1,"y":1},"o":{"x":0,"y":0}},{"s":[540.992,1032.996,0],"t":138,"i":{"x":1,"y":1},"o":{"x":0,"y":0}},{"s":[540.705,1032.996,0],"t":139,"i":{"x":1,"y":1},"o":{"x":0,"y":0}},{"s":[540.41,1032.966,0],"t":140,"i":{"x":1,"y":1},"o":{"x":0,"y":0}},{"s":[540.111,1032.906,0],"t":141,"i":{"x":1,"y":1},"o":{"x":0,"y":0}},{"s":[539.812,1032.818,0],"t":142,"i":{"x":1,"y":1},"o":{"x":0,"y":0}},{"s":[539.514,1032.701,0],"t":143,"i":{"x":1,"y":1},"o":{"x":0,"y":0}},{"s":[539.221,1032.557,0],"t":144,"i":{"x":1,"y":1},"o":{"x":0,"y":0}},{"s":[538.935,1032.387,0],"t":145,"i":{"x":1,"y":1},"o":{"x":0,"y":0}},{"s":[538.399,1031.979,0],"t":147,"i":{"x":1,"y":1},"o":{"x":0,"y":0}},{"s":[537.927,1031.492,0],"t":149,"i":{"x":1,"y":1},"o":{"x":0,"y":0}},{"s":[537.538,1030.945,0],"t":151,"i":{"x":1,"y":1},"o":{"x":0,"y":0}},{"s":[537.141,1030.061,0],"t":154,"i":{"x":1,"y":1},"o":{"x":0,"y":0}},{"s":[537,1029.172,0],"t":157,"i":{"x":1,"y":1},"o":{"x":0,"y":0}},{"s":[537.127,1028.357,0],"t":160,"i":{"x":1,"y":1},"o":{"x":0,"y":0}},{"s":[537.511,1027.688,0],"t":163,"i":{"x":1,"y":1},"o":{"x":0,"y":0}},{"s":[537.893,1027.355,0],"t":165,"i":{"x":1,"y":1},"o":{"x":0,"y":0}},{"s":[538.359,1027.126,0],"t":167,"i":{"x":1,"y":1},"o":{"x":0,"y":0}},{"s":[538.891,1027.012,0],"t":169,"i":{"x":1,"y":1},"o":{"x":0,"y":0}},{"s":[539.175,1027,0],"t":170,"i":{"x":1,"y":1},"o":{"x":0,"y":0}},{"s":[539.467,1027.018,0],"t":171,"i":{"x":1,"y":1},"o":{"x":0,"y":0}},{"s":[539.764,1027.065,0],"t":172,"i":{"x":1,"y":1},"o":{"x":0,"y":0}},{"s":[540.064,1027.142,0],"t":173,"i":{"x":1,"y":1},"o":{"x":0,"y":0}},{"s":[540.363,1027.247,0],"t":174,"i":{"x":1,"y":1},"o":{"x":0,"y":0}},{"s":[540.658,1027.38,0],"t":175,"i":{"x":1,"y":1},"o":{"x":0,"y":0}},{"s":[540.947,1027.539,0],"t":176,"i":{"x":1,"y":1},"o":{"x":0,"y":0}},{"s":[541.227,1027.723,0],"t":177,"i":{"x":1,"y":1},"o":{"x":0,"y":0}},{"s":[541.746,1028.156,0],"t":179,"i":{"x":1,"y":1},"o":{"x":0,"y":0}},{"s":[542.196,1028.663,0],"t":181,"i":{"x":1,"y":1},"o":{"x":0,"y":0}},{"s":[542.702,1029.516,0],"t":184,"i":{"x":1,"y":1},"o":{"x":0,"y":0}},{"s":[542.967,1030.413,0],"t":187,"i":{"x":1,"y":1},"o":{"x":0,"y":0}},{"s":[542.966,1031.273,0],"t":190,"i":{"x":1,"y":1},"o":{"x":0,"y":0}},{"s":[542.557,1032.23,0],"t":194,"i":{"x":1,"y":1},"o":{"x":0,"y":0}},{"s":[542.194,1032.584,0],"t":196,"i":{"x":1,"y":1},"o":{"x":0,"y":0}},{"s":[541.744,1032.835,0],"t":198,"i":{"x":1,"y":1},"o":{"x":0,"y":0}},{"s":[541.224,1032.974,0],"t":200,"i":{"x":1,"y":1},"o":{"x":0,"y":0}},{"s":[540.945,1032.998,0],"t":201,"i":{"x":1,"y":1},"o":{"x":0,"y":0}},{"s":[540.656,1032.993,0],"t":202,"i":{"x":1,"y":1},"o":{"x":0,"y":0}},{"s":[540.36,1032.958,0],"t":203,"i":{"x":1,"y":1},"o":{"x":0,"y":0}},{"s":[540.061,1032.893,0],"t":204,"i":{"x":1,"y":1},"o":{"x":0,"y":0}},{"s":[539.761,1032.8,0],"t":205,"i":{"x":1,"y":1},"o":{"x":0,"y":0}},{"s":[539.464,1032.678,0],"t":206,"i":{"x":1,"y":1},"o":{"x":0,"y":0}},{"s":[539.172,1032.53,0],"t":207,"i":{"x":1,"y":1},"o":{"x":0,"y":0}},{"s":[538.888,1032.357,0],"t":208,"i":{"x":1,"y":1},"o":{"x":0,"y":0}},{"s":[538.357,1031.941,0],"t":210,"i":{"x":1,"y":1},"o":{"x":0,"y":0}},{"s":[537.891,1031.448,0],"t":212,"i":{"x":1,"y":1},"o":{"x":0,"y":0}},{"s":[537.355,1030.606,0],"t":215,"i":{"x":1,"y":1},"o":{"x":0,"y":0}},{"s":[537.055,1029.711,0],"t":218,"i":{"x":1,"y":1},"o":{"x":0,"y":0}},{"s":[537.018,1028.842,0],"t":221,"i":{"x":1,"y":1},"o":{"x":0,"y":0}},{"s":[537.38,1027.855,0],"t":225,"i":{"x":1,"y":1},"o":{"x":0,"y":0}},{"s":[537.723,1027.481,0],"t":227,"i":{"x":1,"y":1},"o":{"x":0,"y":0}},{"s":[538.156,1027.208,0],"t":229,"i":{"x":1,"y":1},"o":{"x":0,"y":0}},{"s":[538.663,1027.045,0],"t":231,"i":{"x":1,"y":1},"o":{"x":0,"y":0}},{"s":[538.938,1027.008,0],"t":232,"i":{"x":1,"y":1},"o":{"x":0,"y":0}},{"s":[539.223,1027.001,0],"t":233,"i":{"x":1,"y":1},"o":{"x":0,"y":0}},{"s":[539.516,1027.024,0],"t":234,"i":{"x":1,"y":1},"o":{"x":0,"y":0}},{"s":[539.814,1027.076,0],"t":235,"i":{"x":1,"y":1},"o":{"x":0,"y":0}},{"s":[540.114,1027.158,0],"t":236,"i":{"x":1,"y":1},"o":{"x":0,"y":0}},{"s":[540.413,1027.268,0],"t":237,"i":{"x":1,"y":1},"o":{"x":0,"y":0}},{"s":[540.707,1027.405,0],"t":238,"i":{"x":1,"y":1},"o":{"x":0,"y":0}},{"s":[540.995,1027.568,0],"t":239,"i":{"x":1,"y":1},"o":{"x":0,"y":0}},{"s":[541.273,1027.756,0],"t":240,"i":{"x":1,"y":1},"o":{"x":0,"y":0}},{"s":[541.787,1028.196,0],"t":242,"i":{"x":1,"y":1},"o":{"x":0,"y":0}},{"s":[542.23,1028.708,0],"t":244,"i":{"x":1,"y":1},"o":{"x":0,"y":0}},{"s":[542.723,1029.566,0],"t":247,"i":{"x":1,"y":1},"o":{"x":0,"y":0}},{"s":[542.974,1030.463,0],"t":250,"i":{"x":1,"y":1},"o":{"x":0,"y":0}},{"s":[542.958,1031.318,0],"t":253,"i":{"x":1,"y":1},"o":{"x":0,"y":0}},{"s":[542.53,1032.263,0],"t":257,"i":{"x":1,"y":1},"o":{"x":0,"y":0}},{"s":[542.159,1032.61,0],"t":259,"i":{"x":1,"y":1},"o":{"x":0,"y":0}},{"s":[541.703,1032.852,0],"t":261,"i":{"x":1,"y":1},"o":{"x":0,"y":0}},{"s":[541.178,1032.98,0],"t":263,"i":{"x":1,"y":1},"o":{"x":0,"y":0}},{"s":[540.897,1033,0],"t":264,"i":{"x":1,"y":1},"o":{"x":0,"y":0}},{"s":[540.606,1032.989,0],"t":265,"i":{"x":1,"y":1},"o":{"x":0,"y":0}},{"s":[540.31,1032.949,0],"t":266,"i":{"x":1,"y":1},"o":{"x":0,"y":0}},{"s":[540.011,1032.88,0],"t":267,"i":{"x":1,"y":1},"o":{"x":0,"y":0}},{"s":[539.711,1032.781,0],"t":268,"i":{"x":1,"y":1},"o":{"x":0,"y":0}},{"s":[539.414,1032.655,0],"t":269,"i":{"x":1,"y":1},"o":{"x":0,"y":0}},{"s":[539.124,1032.503,0],"t":270,"i":{"x":1,"y":1},"o":{"x":0,"y":0}},{"s":[538.842,1032.325,0],"t":271,"i":{"x":1,"y":1},"o":{"x":0,"y":0}},{"s":[538.315,1031.902,0],"t":273,"i":{"x":1,"y":1},"o":{"x":0,"y":0}},{"s":[537.855,1031.403,0],"t":275,"i":{"x":1,"y":1},"o":{"x":0,"y":0}},{"s":[537.331,1030.557,0],"t":278,"i":{"x":1,"y":1},"o":{"x":0,"y":0}},{"s":[537.045,1029.661,0],"t":281,"i":{"x":1,"y":1},"o":{"x":0,"y":0}},{"s":[537.024,1028.795,0],"t":284,"i":{"x":1,"y":1},"o":{"x":0,"y":0}},{"s":[537.405,1027.82,0],"t":288,"i":{"x":1,"y":1},"o":{"x":0,"y":0}},{"s":[537.756,1027.454,0],"t":290,"i":{"x":1,"y":1},"o":{"x":0,"y":0}},{"s":[538.196,1027.19,0],"t":292,"i":{"x":1,"y":1},"o":{"x":0,"y":0}},{"s":[538.708,1027.037,0],"t":294,"i":{"x":1,"y":1},"o":{"x":0,"y":0}},{"s":[538.985,1027.005,0],"t":295,"i":{"x":1,"y":1},"o":{"x":0,"y":0}},{"s":[539.272,1027.003,0],"t":296,"i":{"x":1,"y":1},"o":{"x":0,"y":0}},{"s":[539.566,1027.03,0],"t":297,"i":{"x":1,"y":1},"o":{"x":0,"y":0}},{"s":[539.865,1027.088,0],"t":298,"i":{"x":1,"y":1},"o":{"x":0,"y":0}},{"s":[540.165,1027.174,0],"t":299,"i":{"x":1,"y":1},"o":{"x":0,"y":0}},{"s":[540.463,1027.289,0],"t":300,"i":{"x":1,"y":1},"o":{"x":0,"y":0}},{"s":[540.756,1027.431,0],"t":301,"i":{"x":1,"y":1},"o":{"x":0,"y":0}},{"s":[541.042,1027.598,0],"t":302,"i":{"x":1,"y":1},"o":{"x":0,"y":0}},{"s":[541.58,1028.003,0],"t":304,"i":{"x":1,"y":1},"o":{"x":0,"y":0}},{"s":[542.056,1028.488,0],"t":306,"i":{"x":1,"y":1},"o":{"x":0,"y":0}},{"s":[542.449,1029.033,0],"t":308,"i":{"x":1,"y":1},"o":{"x":0,"y":0}},{"s":[542.852,1029.915,0],"t":311,"i":{"x":1,"y":1},"o":{"x":0,"y":0}},{"s":[543,1030.805,0],"t":314,"i":{"x":1,"y":1},"o":{"x":0,"y":0}},{"s":[542.88,1031.623,0],"t":317,"i":{"x":1,"y":1},"o":{"x":0,"y":0}},{"s":[542.503,1032.296,0],"t":320,"i":{"x":1,"y":1},"o":{"x":0,"y":0}},{"s":[542.124,1032.634,0],"t":322,"i":{"x":1,"y":1},"o":{"x":0,"y":0}},{"s":[541.661,1032.867,0],"t":324,"i":{"x":1,"y":1},"o":{"x":0,"y":0}},{"s":[541.131,1032.985,0],"t":326,"i":{"x":1,"y":1},"o":{"x":0,"y":0}},{"s":[540.848,1033,0],"t":327,"i":{"x":1,"y":1},"o":{"x":0,"y":0}},{"s":[540.557,1032.985,0],"t":328,"i":{"x":1,"y":1},"o":{"x":0,"y":0}},{"s":[540.26,1032.94,0],"t":329,"i":{"x":1,"y":1},"o":{"x":0,"y":0}},{"s":[539.96,1032.865,0],"t":330,"i":{"x":1,"y":1},"o":{"x":0,"y":0}},{"s":[539.661,1032.762,0],"t":331,"i":{"x":1,"y":1},"o":{"x":0,"y":0}},{"s":[539.365,1032.631,0],"t":332,"i":{"x":1,"y":1},"o":{"x":0,"y":0}},{"s":[539.075,1032.475,0],"t":333,"i":{"x":1,"y":1},"o":{"x":0,"y":0}},{"s":[538.795,1032.293,0],"t":334,"i":{"x":1,"y":1},"o":{"x":0,"y":0}},{"s":[538.273,1031.863,0],"t":336,"i":{"x":1,"y":1},"o":{"x":0,"y":0}},{"s":[537.82,1031.358,0],"t":338,"i":{"x":1,"y":1},"o":{"x":0,"y":0}},{"s":[537.309,1030.507,0],"t":341,"i":{"x":1,"y":1},"o":{"x":0,"y":0}},{"s":[537.037,1029.611,0],"t":344,"i":{"x":1,"y":1},"o":{"x":0,"y":0}},{"s":[537.03,1028.749,0],"t":347,"i":{"x":1,"y":1},"o":{"x":0,"y":0}},{"s":[537.431,1027.786,0],"t":351,"i":{"x":1,"y":1},"o":{"x":0,"y":0}},{"s":[537.79,1027.428,0],"t":353,"i":{"x":1,"y":1},"o":{"x":0,"y":0}},{"s":[538.237,1027.172,0],"t":355,"i":{"x":1,"y":1},"o":{"x":0,"y":0}},{"s":[538.754,1027.03,0],"t":357,"i":{"x":1,"y":1},"o":{"x":0,"y":0}},{"s":[539.033,1027.002,0],"t":358,"i":{"x":1,"y":1},"o":{"x":0,"y":0}},{"s":[539.321,1027.005,0],"t":359,"i":{"x":1,"y":1},"o":{"x":0,"y":0}},{"s":[539.616,1027.038,0],"t":360,"i":{"x":1,"y":1},"o":{"x":0,"y":0}},{"s":[539.915,1027.1,0],"t":361,"i":{"x":1,"y":1},"o":{"x":0,"y":0}},{"s":[540.215,1027.192,0],"t":362,"i":{"x":1,"y":1},"o":{"x":0,"y":0}},{"s":[540.513,1027.311,0],"t":363,"i":{"x":1,"y":1},"o":{"x":0,"y":0}},{"s":[540.805,1027.457,0],"t":364,"i":{"x":1,"y":1},"o":{"x":0,"y":0}},{"s":[541.09,1027.629,0],"t":365,"i":{"x":1,"y":1},"o":{"x":0,"y":0}},{"s":[541.623,1028.041,0],"t":367,"i":{"x":1,"y":1},"o":{"x":0,"y":0}},{"s":[542.092,1028.532,0],"t":369,"i":{"x":1,"y":1},"o":{"x":0,"y":0}},{"s":[542.634,1029.37,0],"t":372,"i":{"x":1,"y":1},"o":{"x":0,"y":0}},{"s":[542.941,1030.265,0],"t":375,"i":{"x":1,"y":1},"o":{"x":0,"y":0}},{"s":[542.985,1031.136,0],"t":378,"i":{"x":1,"y":1},"o":{"x":0,"y":0}},{"s":[542.631,1032.128,0],"t":382,"i":{"x":1,"y":1},"o":{"x":0,"y":0}},{"s":[542.293,1032.506,0],"t":384,"i":{"x":1,"y":1},"o":{"x":0,"y":0}},{"s":[541.863,1032.783,0],"t":386,"i":{"x":1,"y":1},"o":{"x":0,"y":0}},{"s":[541.358,1032.95,0],"t":388,"i":{"x":1,"y":1},"o":{"x":0,"y":0}},{"s":[541.085,1032.99,0],"t":389,"i":{"x":1,"y":1},"o":{"x":0,"y":0}},{"s":[540.8,1033,0],"t":390,"i":{"x":1,"y":1},"o":{"x":0,"y":0}},{"s":[540.507,1032.979,0],"t":391,"i":{"x":1,"y":1},"o":{"x":0,"y":0}},{"s":[540.21,1032.929,0],"t":392,"i":{"x":1,"y":1},"o":{"x":0,"y":0}},{"s":[539.91,1032.85,0],"t":393,"i":{"x":1,"y":1},"o":{"x":0,"y":0}},{"s":[539.611,1032.742,0],"t":394,"i":{"x":1,"y":1},"o":{"x":0,"y":0}},{"s":[539.316,1032.607,0],"t":395,"i":{"x":1,"y":1},"o":{"x":0,"y":0}},{"s":[539.028,1032.446,0],"t":396,"i":{"x":1,"y":1},"o":{"x":0,"y":0}},{"s":[538.749,1032.26,0],"t":397,"i":{"x":1,"y":1},"o":{"x":0,"y":0}},{"s":[538.232,1031.823,0],"t":399,"i":{"x":1,"y":1},"o":{"x":0,"y":0}},{"s":[537.786,1031.313,0],"t":401,"i":{"x":1,"y":1},"o":{"x":0,"y":0}},{"s":[537.287,1030.457,0],"t":404,"i":{"x":1,"y":1},"o":{"x":0,"y":0}},{"s":[537.03,1029.561,0],"t":407,"i":{"x":1,"y":1},"o":{"x":0,"y":0}},{"s":[537.038,1028.703,0],"t":410,"i":{"x":1,"y":1},"o":{"x":0,"y":0}},{"s":[537.457,1027.752,0],"t":414,"i":{"x":1,"y":1},"o":{"x":0,"y":0}},{"s":[537.824,1027.402,0],"t":416,"i":{"x":1,"y":1},"o":{"x":0,"y":0}},{"s":[538.278,1027.156,0],"t":418,"i":{"x":1,"y":1},"o":{"x":0,"y":0}},{"s":[538.8,1027.023,0],"t":420,"i":{"x":1,"y":1},"o":{"x":0,"y":0}},{"s":[539.081,1027.001,0],"t":421,"i":{"x":1,"y":1},"o":{"x":0,"y":0}},{"s":[539.37,1027.009,0],"t":422,"i":{"x":1,"y":1},"o":{"x":0,"y":0}},{"s":[539.666,1027.046,0],"t":423,"i":{"x":1,"y":1},"o":{"x":0,"y":0}},{"s":[539.965,1027.114,0],"t":424,"i":{"x":1,"y":1},"o":{"x":0,"y":0}},{"s":[540.265,1027.21,0],"t":425,"i":{"x":1,"y":1},"o":{"x":0,"y":0}},{"s":[540.562,1027.334,0],"t":426,"i":{"x":1,"y":1},"o":{"x":0,"y":0}},{"s":[540.854,1027.484,0],"t":427,"i":{"x":1,"y":1},"o":{"x":0,"y":0}},{"s":[541.136,1027.66,0],"t":428,"i":{"x":1,"y":1},"o":{"x":0,"y":0}},{"s":[541.665,1028.08,0],"t":430,"i":{"x":1,"y":1},"o":{"x":0,"y":0}},{"s":[542.128,1028.576,0],"t":432,"i":{"x":1,"y":1},"o":{"x":0,"y":0}},{"s":[542.658,1029.42,0],"t":435,"i":{"x":1,"y":1},"o":{"x":0,"y":0}},{"s":[542.95,1030.315,0],"t":438,"i":{"x":1,"y":1},"o":{"x":0,"y":0}},{"s":[542.979,1031.183,0],"t":441,"i":{"x":1,"y":1},"o":{"x":0,"y":0}},{"s":[542.607,1032.163,0],"t":445,"i":{"x":1,"y":1},"o":{"x":0,"y":0}},{"s":[542.26,1032.533,0],"t":447,"i":{"x":1,"y":1},"o":{"x":0,"y":0}},{"s":[541.823,1032.802,0],"t":449,"i":{"x":1,"y":1},"o":{"x":0,"y":0}},{"s":[541.313,1032.959,0],"t":451,"i":{"x":1,"y":1},"o":{"x":0,"y":0}},{"s":[541.037,1032.994,0],"t":452,"i":{"x":1,"y":1},"o":{"x":0,"y":0}},{"s":[540.751,1032.998,0],"t":453,"i":{"x":1,"y":1},"o":{"x":0,"y":0}},{"s":[540.457,1032.973,0],"t":454,"i":{"x":1,"y":1},"o":{"x":0,"y":0}},{"s":[540.159,1032.918,0],"t":455,"i":{"x":1,"y":1},"o":{"x":0,"y":0}},{"s":[539.859,1032.834,0],"t":456,"i":{"x":1,"y":1},"o":{"x":0,"y":0}},{"s":[539.561,1032.721,0],"t":457,"i":{"x":1,"y":1},"o":{"x":0,"y":0}},{"s":[539.267,1032.582,0],"t":458,"i":{"x":1,"y":1},"o":{"x":0,"y":0}},{"s":[538.98,1032.416,0],"t":459,"i":{"x":1,"y":1},"o":{"x":0,"y":0}},{"s":[538.703,1032.226,0],"t":460,"i":{"x":1,"y":1},"o":{"x":0,"y":0}},{"s":[538.192,1031.783,0],"t":462,"i":{"x":1,"y":1},"o":{"x":0,"y":0}},{"s":[537.752,1031.268,0],"t":464,"i":{"x":1,"y":1},"o":{"x":0,"y":0}},{"s":[537.266,1030.408,0],"t":467,"i":{"x":1,"y":1},"o":{"x":0,"y":0}},{"s":[537.023,1029.511,0],"t":470,"i":{"x":1,"y":1},"o":{"x":0,"y":0}},{"s":[537.046,1028.658,0],"t":473,"i":{"x":1,"y":1},"o":{"x":0,"y":0}},{"s":[537.484,1027.719,0],"t":477,"i":{"x":1,"y":1},"o":{"x":0,"y":0}},{"s":[537.859,1027.377,0],"t":479,"i":{"x":1,"y":1},"o":{"x":0,"y":0}},{"s":[538.319,1027.14,0],"t":481,"i":{"x":1,"y":1},"o":{"x":0,"y":0}},{"s":[538.846,1027.017,0],"t":483,"i":{"x":1,"y":1},"o":{"x":0,"y":0}},{"s":[539.129,1027,0],"t":484,"i":{"x":1,"y":1},"o":{"x":0,"y":0}},{"s":[539.42,1027.013,0],"t":485,"i":{"x":1,"y":1},"o":{"x":0,"y":0}},{"s":[539.716,1027.056,0],"t":486,"i":{"x":1,"y":1},"o":{"x":0,"y":0}},{"s":[540.016,1027.128,0],"t":487,"i":{"x":1,"y":1},"o":{"x":0,"y":0}},{"s":[540.315,1027.229,0],"t":488,"i":{"x":1,"y":1},"o":{"x":0,"y":0}},{"s":[540.612,1027.357,0],"t":489,"i":{"x":1,"y":1},"o":{"x":0,"y":0}},{"s":[540.902,1027.512,0],"t":490,"i":{"x":1,"y":1},"o":{"x":0,"y":0}},{"s":[541.183,1027.692,0],"t":491,"i":{"x":1,"y":1},"o":{"x":0,"y":0}},{"s":[541.707,1028.119,0],"t":493,"i":{"x":1,"y":1},"o":{"x":0,"y":0}},{"s":[542.163,1028.62,0],"t":495,"i":{"x":1,"y":1},"o":{"x":0,"y":0}},{"s":[542.681,1029.469,0],"t":498,"i":{"x":1,"y":1},"o":{"x":0,"y":0}},{"s":[542.959,1030.365,0],"t":501,"i":{"x":1,"y":1},"o":{"x":0,"y":0}},{"s":[542.973,1031.229,0],"t":504,"i":{"x":1,"y":1},"o":{"x":0,"y":0}},{"s":[542.582,1032.198,0],"t":508,"i":{"x":1,"y":1},"o":{"x":0,"y":0}},{"s":[542.226,1032.56,0],"t":510,"i":{"x":1,"y":1},"o":{"x":0,"y":0}},{"s":[541.783,1032.819,0],"t":512,"i":{"x":1,"y":1},"o":{"x":0,"y":0}},{"s":[541.268,1032.967,0],"t":514,"i":{"x":1,"y":1},"o":{"x":0,"y":0}},{"s":[540.99,1032.996,0],"t":515,"i":{"x":1,"y":1},"o":{"x":0,"y":0}},{"s":[540.702,1032.996,0],"t":516,"i":{"x":1,"y":1},"o":{"x":0,"y":0}},{"s":[540.408,1032.966,0],"t":517,"i":{"x":1,"y":1},"o":{"x":0,"y":0}},{"s":[540.109,1032.906,0],"t":518,"i":{"x":1,"y":1},"o":{"x":0,"y":0}},{"s":[539.809,1032.817,0],"t":519,"i":{"x":1,"y":1},"o":{"x":0,"y":0}},{"s":[539.511,1032.7,0],"t":520,"i":{"x":1,"y":1},"o":{"x":0,"y":0}},{"s":[539.218,1032.555,0],"t":521,"i":{"x":1,"y":1},"o":{"x":0,"y":0}},{"s":[538.933,1032.386,0],"t":522,"i":{"x":1,"y":1},"o":{"x":0,"y":0}},{"s":[538.397,1031.977,0],"t":524,"i":{"x":1,"y":1},"o":{"x":0,"y":0}},{"s":[537.925,1031.489,0],"t":526,"i":{"x":1,"y":1},"o":{"x":0,"y":0}},{"s":[537.536,1030.942,0],"t":528,"i":{"x":1,"y":1},"o":{"x":0,"y":0}},{"s":[537.14,1030.058,0],"t":531,"i":{"x":1,"y":1},"o":{"x":0,"y":0}},{"s":[537,1029.169,0],"t":534,"i":{"x":1,"y":1},"o":{"x":0,"y":0}},{"s":[537.128,1028.355,0],"t":537,"i":{"x":1,"y":1},"o":{"x":0,"y":0}},{"s":[537.512,1027.687,0],"t":540,"i":{"x":1,"y":1},"o":{"x":0,"y":0}},{"s":[537.895,1027.353,0],"t":542,"i":{"x":1,"y":1},"o":{"x":0,"y":0}},{"s":[538.361,1027.125,0],"t":544,"i":{"x":1,"y":1},"o":{"x":0,"y":0}},{"s":[538.893,1027.012,0],"t":546,"i":{"x":1,"y":1},"o":{"x":0,"y":0}},{"s":[539.177,1027,0],"t":547,"i":{"x":1,"y":1},"o":{"x":0,"y":0}},{"s":[539.469,1027.018,0],"t":548,"i":{"x":1,"y":1},"o":{"x":0,"y":0}},{"s":[539.767,1027.066,0],"t":549,"i":{"x":1,"y":1},"o":{"x":0,"y":0}},{"s":[540.066,1027.143,0],"t":550,"i":{"x":1,"y":1},"o":{"x":0,"y":0}},{"s":[540.365,1027.248,0],"t":551,"i":{"x":1,"y":1},"o":{"x":0,"y":0}},{"s":[540.661,1027.381,0],"t":552,"i":{"x":1,"y":1},"o":{"x":0,"y":0}},{"s":[540.95,1027.541,0],"t":553,"i":{"x":1,"y":1},"o":{"x":0,"y":0}},{"s":[541.229,1027.724,0],"t":554,"i":{"x":1,"y":1},"o":{"x":0,"y":0}},{"s":[541.748,1028.158,0],"t":556,"i":{"x":1,"y":1},"o":{"x":0,"y":0}},{"s":[542.198,1028.665,0],"t":558,"i":{"x":1,"y":1},"o":{"x":0,"y":0}},{"s":[542.703,1029.519,0],"t":561,"i":{"x":1,"y":1},"o":{"x":0,"y":0}},{"s":[542.967,1030.415,0],"t":564,"i":{"x":1,"y":1},"o":{"x":0,"y":0}},{"s":[542.966,1031.275,0],"t":567,"i":{"x":1,"y":1},"o":{"x":0,"y":0}},{"s":[542.555,1032.232,0],"t":571,"i":{"x":1,"y":1},"o":{"x":0,"y":0}},{"s":[542.192,1032.586,0],"t":573,"i":{"x":1,"y":1},"o":{"x":0,"y":0}},{"s":[541.742,1032.836,0],"t":575,"i":{"x":1,"y":1},"o":{"x":0,"y":0}},{"s":[541.222,1032.974,0],"t":577,"i":{"x":1,"y":1},"o":{"x":0,"y":0}},{"s":[540.942,1032.998,0],"t":578,"i":{"x":1,"y":1},"o":{"x":0,"y":0}},{"s":[540.653,1032.993,0],"t":579,"i":{"x":1,"y":1},"o":{"x":0,"y":0}},{"s":[540.358,1032.958,0],"t":580,"i":{"x":1,"y":1},"o":{"x":0,"y":0}},{"s":[540.058,1032.893,0],"t":581,"i":{"x":1,"y":1},"o":{"x":0,"y":0}},{"s":[539.759,1032.799,0],"t":582,"i":{"x":1,"y":1},"o":{"x":0,"y":0}},{"s":[539.461,1032.677,0],"t":583,"i":{"x":1,"y":1},"o":{"x":0,"y":0}},{"s":[539.169,1032.529,0],"t":584,"i":{"x":1,"y":1},"o":{"x":0,"y":0}},{"s":[538.886,1032.355,0],"t":585,"i":{"x":1,"y":1},"o":{"x":0,"y":0}},{"s":[538.355,1031.939,0],"t":587,"i":{"x":1,"y":1},"o":{"x":0,"y":0}},{"s":[537.889,1031.445,0],"t":589,"i":{"x":1,"y":1},"o":{"x":0,"y":0}},{"s":[537.353,1030.604,0],"t":592,"i":{"x":1,"y":1},"o":{"x":0,"y":0}},{"s":[537.054,1029.708,0],"t":595,"i":{"x":1,"y":1},"o":{"x":0,"y":0}},{"s":[537.018,1028.839,0],"t":598,"i":{"x":1,"y":1},"o":{"x":0,"y":0}}],"l":2},"a":{"a":0,"k":[250,250,0],"ix":1,"l":2},"s":{"k":[{"s":[0,0,100],"t":0,"i":{"x":[1,1,1],"y":[1,1,1]},"o":{"x":[0,0,0],"y":[0,0,0]}},{"s":[19.091,19.091,100],"t":1,"i":{"x":[1,1,1],"y":[1,1,1]},"o":{"x":[0,0,0],"y":[0,0,0]}},{"s":[40.753,40.753,100],"t":2,"i":{"x":[1,1,1],"y":[1,1,1]},"o":{"x":[0,0,0],"y":[0,0,0]}},{"s":[62.121,62.121,100],"t":3,"i":{"x":[1,1,1],"y":[1,1,1]},"o":{"x":[0,0,0],"y":[0,0,0]}},{"s":[81.171,81.171,100],"t":4,"i":{"x":[1,1,1],"y":[1,1,1]},"o":{"x":[0,0,0],"y":[0,0,0]}},{"s":[96.683,96.683,100],"t":5,"i":{"x":[1,1,1],"y":[1,1,1]},"o":{"x":[0,0,0],"y":[0,0,0]}},{"s":[108.129,108.129,100],"t":6,"i":{"x":[1,1,1],"y":[1,1,1]},"o":{"x":[0,0,0],"y":[0,0,0]}},{"s":[115.531,115.531,100],"t":7,"i":{"x":[1,1,1],"y":[1,1,1]},"o":{"x":[0,0,0],"y":[0,0,0]}},{"s":[119.305,119.305,100],"t":8,"i":{"x":[1,1,1],"y":[1,1,1]},"o":{"x":[0,0,0],"y":[0,0,0]}},{"s":[120.107,120.107,100],"t":9,"i":{"x":[1,1,1],"y":[1,1,1]},"o":{"x":[0,0,0],"y":[0,0,0]}},{"s":[118.7,118.7,100],"t":10,"i":{"x":[1,1,1],"y":[1,1,1]},"o":{"x":[0,0,0],"y":[0,0,0]}},{"s":[115.847,115.847,100],"t":11,"i":{"x":[1,1,1],"y":[1,1,1]},"o":{"x":[0,0,0],"y":[0,0,0]}},{"s":[112.24,112.24,100],"t":12,"i":{"x":[1,1,1],"y":[1,1,1]},"o":{"x":[0,0,0],"y":[0,0,0]}},{"s":[108.447,108.447,100],"t":13,"i":{"x":[1,1,1],"y":[1,1,1]},"o":{"x":[0,0,0],"y":[0,0,0]}},{"s":[104.896,104.896,100],"t":14,"i":{"x":[1,1,1],"y":[1,1,1]},"o":{"x":[0,0,0],"y":[0,0,0]}},{"s":[101.868,101.868,100],"t":15,"i":{"x":[1,1,1],"y":[1,1,1]},"o":{"x":[0,0,0],"y":[0,0,0]}},{"s":[99.513,99.513,100],"t":16,"i":{"x":[1,1,1],"y":[1,1,1]},"o":{"x":[0,0,0],"y":[0,0,0]}},{"s":[97.874,97.874,100],"t":17,"i":{"x":[1,1,1],"y":[1,1,1]},"o":{"x":[0,0,0],"y":[0,0,0]}},{"s":[96.908,96.908,100],"t":18,"i":{"x":[1,1,1],"y":[1,1,1]},"o":{"x":[0,0,0],"y":[0,0,0]}},{"s":[96.521,96.521,100],"t":19,"i":{"x":[1,1,1],"y":[1,1,1]},"o":{"x":[0,0,0],"y":[0,0,0]}},{"s":[96.586,96.586,100],"t":20,"i":{"x":[1,1,1],"y":[1,1,1]},"o":{"x":[0,0,0],"y":[0,0,0]}},{"s":[96.97,96.97,100],"t":21,"i":{"x":[1,1,1],"y":[1,1,1]},"o":{"x":[0,0,0],"y":[0,0,0]}},{"s":[97.543,97.543,100],"t":22,"i":{"x":[1,1,1],"y":[1,1,1]},"o":{"x":[0,0,0],"y":[0,0,0]}},{"s":[98.197,98.197,100],"t":23,"i":{"x":[1,1,1],"y":[1,1,1]},"o":{"x":[0,0,0],"y":[0,0,0]}},{"s":[98.843,98.843,100],"t":24,"i":{"x":[1,1,1],"y":[1,1,1]},"o":{"x":[0,0,0],"y":[0,0,0]}},{"s":[99.42,99.42,100],"t":25,"i":{"x":[1,1,1],"y":[1,1,1]},"o":{"x":[0,0,0],"y":[0,0,0]}},{"s":[99.891,99.891,100],"t":26,"i":{"x":[1,1,1],"y":[1,1,1]},"o":{"x":[0,0,0],"y":[0,0,0]}},{"s":[100.239,100.239,100],"t":27,"i":{"x":[1,1,1],"y":[1,1,1]},"o":{"x":[0,0,0],"y":[0,0,0]}},{"s":[100.465,100.465,100],"t":28,"i":{"x":[1,1,1],"y":[1,1,1]},"o":{"x":[0,0,0],"y":[0,0,0]}},{"s":[100.582,100.582,100],"t":29,"i":{"x":[1,1,1],"y":[1,1,1]},"o":{"x":[0,0,0],"y":[0,0,0]}},{"s":[100.566,100.566,100],"t":31,"i":{"x":[1,1,1],"y":[1,1,1]},"o":{"x":[0,0,0],"y":[0,0,0]}},{"s":[100.481,100.481,100],"t":32,"i":{"x":[1,1,1],"y":[1,1,1]},"o":{"x":[0,0,0],"y":[0,0,0]}},{"s":[100.372,100.372,100],"t":33,"i":{"x":[1,1,1],"y":[1,1,1]},"o":{"x":[0,0,0],"y":[0,0,0]}},{"s":[100.246,100.246,100],"t":34,"i":{"x":[1,1,1],"y":[1,1,1]},"o":{"x":[0,0,0],"y":[0,0,0]}},{"s":[100.126,100.126,100],"t":35,"i":{"x":[1,1,1],"y":[1,1,1]},"o":{"x":[0,0,0],"y":[0,0,0]}},{"s":[100.042,100.042,100],"t":36,"i":{"x":[1,1,1],"y":[1,1,1]},"o":{"x":[0,0,0],"y":[0,0,0]}}],"l":2}},"ao":0,"ef":[{"ty":5,"nm":"AC IN [NWX] Controls","np":4,"mn":"Pseudo/MHAC PrCtrl NWX 10","ix":1,"en":1,"ef":[{"ty":0,"nm":"Number of bounces","mn":"Pseudo/MHAC PrCtrl NWX 10-0001","ix":1,"v":{"a":0,"k":2,"ix":1}},{"ty":0,"nm":"Scale","mn":"Pseudo/MHAC PrCtrl NWX 10-0002","ix":2,"v":{"a":0,"k":0,"ix":2}}]},{"ty":5,"nm":"AC FX [QJF] Controls","np":8,"mn":"Pseudo/MHAC PrCtrl QJF 9","ix":2,"en":1,"ef":[{"ty":0,"nm":"Intensity","mn":"Pseudo/MHAC PrCtrl QJF 9-0001","ix":1,"v":{"a":0,"k":2,"ix":1}},{"ty":3,"nm":"XY Motion Range","mn":"Pseudo/MHAC PrCtrl QJF 9-0002","ix":2,"v":{"a":0,"k":[150,150],"ix":2}},{"ty":0,"nm":"X Frequency","mn":"Pseudo/MHAC PrCtrl QJF 9-0003","ix":3,"v":{"a":0,"k":6,"ix":3}},{"ty":0,"nm":"Y Frequency","mn":"Pseudo/MHAC PrCtrl QJF 9-0004","ix":4,"v":{"a":0,"k":6,"ix":4}},{"ty":0,"nm":"X Time Offset","mn":"Pseudo/MHAC PrCtrl QJF 9-0005","ix":5,"v":{"a":0,"k":0,"ix":5}},{"ty":0,"nm":"Y Time Offset","mn":"Pseudo/MHAC PrCtrl QJF 9-0006","ix":6,"v":{"a":0,"k":5,"ix":6}}]}],"w":500,"h":500,"ip":0,"op":600,"st":0,"bm":0},{"ddd":0,"ind":5,"ty":6,"nm":"Hollow_Pop_03.wav","cl":"wav","refId":"audio_0","sr":1,"ip":3,"op":11.645625,"st":3,"bm":0},{"ddd":0,"ind":7,"ty":0,"nm":"full_image_slow_zoom_storytelling","refId":"comp_1","sr":1,"ks":{"o":{"a":0,"k":100,"ix":11},"r":{"a":0,"k":0,"ix":10},"p":{"a":0,"k":[540,960,0],"ix":2,"l":2},"a":{"a":0,"k":[540,960,0],"ix":1,"l":2},"s":{"a":0,"k":[100,100,100],"ix":6,"l":2}},"ao":0,"w":1080,"h":1920,"ip":0,"op":600,"st":0,"bm":0}],"markers":[],"props":{}}