{"v":"5.12.1","fr":60,"ip":0,"op":600,"w":1080,"h":1920,"nm":"centered_number_blur_background_data","ddd":0,"assets":[{"id":"image_0","w":1920,"h":1920,"u":"images/","p":"a_1.png","e":0},{"id":"comp_0","nm":"Counter Basic 1","fr":29.9700012207031,"layers":[{"ddd":0,"ind":1,"ty":3,"nm":"Transforms - Controls for Premiere","sr":1,"ks":{"o":{"a":0,"k":100,"ix":11},"r":{"k":[{"s":[0],"t":0,"i":{"x":[1],"y":[1]},"o":{"x":[0],"y":[0]}},{"s":[0],"t":589,"i":{"x":[1],"y":[1]},"o":{"x":[0],"y":[0]}}]},"p":{"k":[{"s":[540,960,0],"t":0,"i":{"x":1,"y":1},"o":{"x":0,"y":0}},{"s":[540,960,0],"t":589,"i":{"x":1,"y":1},"o":{"x":0,"y":0}}],"l":2},"a":{"a":0,"k":[0,0,0],"ix":1,"l":2},"s":{"k":[{"s":[100,100,100],"t":0,"i":{"x":[1,1,1],"y":[1,1,1]},"o":{"x":[0,0,0],"y":[0,0,0]}},{"s":[100,100,100],"t":589,"i":{"x":[1,1,1],"y":[1,1,1]},"o":{"x":[0,0,0],"y":[0,0,0]}}],"l":2}},"ao":0,"ef":[{"ty":5,"nm":"Transform : Position","np":3,"mn":"ADBE Point Control","ix":1,"en":1,"ef":[{"ty":3,"nm":"Point","mn":"ADBE Point Control-0001","ix":1,"v":{"a":0,"k":[540,960],"ix":1}}]},{"ty":5,"nm":"Transform : Scale","np":3,"mn":"ADBE Slider Control","ix":2,"en":1,"ef":[{"ty":0,"nm":"Slider","mn":"ADBE Slider Control-0001","ix":1,"v":{"a":0,"k":100,"ix":1}}]},{"ty":5,"nm":"Transform : Rotation","np":3,"mn":"ADBE Angle Control","ix":3,"en":1,"ef":[{"ty":0,"nm":"Angle","mn":"ADBE Angle Control-0001","ix":1,"v":{"a":0,"k":0,"ix":1}}]}],"ip":0,"op":216610.610610611,"st":0,"ct":1,"bm":0},{"ddd":0,"ind":3,"ty":3,"nm":"Autoscale","parent":1,"sr":1,"ks":{"o":{"a":0,"k":100,"ix":11},"r":{"a":0,"k":0,"ix":10},"p":{"a":0,"k":[0,0,0],"ix":2,"l":2},"a":{"a":0,"k":[0,0,0],"ix":1,"l":2},"s":{"k":[{"s":[56.25,56.25,100],"t":0,"i":{"x":[1,1,1],"y":[1,1,1]},"o":{"x":[0,0,0],"y":[0,0,0]}},{"s":[56.25,56.25,100],"t":589,"i":{"x":[1,1,1],"y":[1,1,1]},"o":{"x":[0,0,0],"y":[0,0,0]}}],"l":2}},"ao":0,"ef":[{"ty":5,"nm":"Comp Size","np":3,"mn":"ADBE Point Control","ix":1,"en":1,"ef":[{"ty":3,"nm":"Point","mn":"ADBE Point Control-0001","ix":1,"v":{"k":[{"s":[1080,1920],"t":0,"i":{"x":1,"y":1},"o":{"x":0,"y":0}},{"s":[1080,1920],"t":589,"i":{"x":1,"y":1},"o":{"x":0,"y":0}}]}}]},{"ty":5,"nm":"Scale Mode","np":3,"mn":"ADBE Slider Control","ix":2,"en":1,"ef":[{"ty":0,"nm":"Slider","mn":"ADBE Slider Control-0001","ix":1,"v":{"a":0,"k":2,"ix":1}}]}],"ip":0,"op":216610.610610611,"st":0,"ct":1,"bm":0},{"ddd":0,"ind":4,"ty":3,"nm":"Position Handle","parent":3,"sr":1,"ks":{"o":{"a":0,"k":100,"ix":11},"r":{"a":0,"k":0,"ix":10},"p":{"a":0,"k":[0,0,0],"ix":2,"l":2},"a":{"a":0,"k":[0,0,0],"ix":1,"l":2},"s":{"a":0,"k":[100,100,100],"ix":6,"l":2}},"ao":0,"ip":0,"op":216610.610610611,"st":0,"ct":1,"bm":0},{"ddd":0,"ind":5,"ty":3,"nm":"Animation In / Out","parent":3,"sr":1,"ks":{"o":{"a":0,"k":100,"ix":11},"r":{"a":0,"k":0,"ix":10},"p":{"s":true,"x":{"a":0,"k":0,"ix":3},"y":{"k":[{"s":[400],"t":0,"i":{"x":[1],"y":[1]},"o":{"x":[0],"y":[0]}},{"s":[307.96],"t":1,"i":{"x":[1],"y":[1]},"o":{"x":[0],"y":[0]}},{"s":[262.383],"t":2,"i":{"x":[1],"y":[1]},"o":{"x":[0],"y":[0]}},{"s":[229.696],"t":3,"i":{"x":[1],"y":[1]},"o":{"x":[0],"y":[0]}},{"s":[203.761],"t":4,"i":{"x":[1],"y":[1]},"o":{"x":[0],"y":[0]}},{"s":[182.039],"t":5,"i":{"x":[1],"y":[1]},"o":{"x":[0],"y":[0]}},{"s":[163.372],"t":6,"i":{"x":[1],"y":[1]},"o":{"x":[0],"y":[0]}},{"s":[147.07],"t":7,"i":{"x":[1],"y":[1]},"o":{"x":[0],"y":[0]}},{"s":[132.578],"t":8,"i":{"x":[1],"y":[1]},"o":{"x":[0],"y":[0]}},{"s":[119.639],"t":9,"i":{"x":[1],"y":[1]},"o":{"x":[0],"y":[0]}},{"s":[107.947],"t":10,"i":{"x":[1],"y":[1]},"o":{"x":[0],"y":[0]}},{"s":[97.355],"t":11,"i":{"x":[1],"y":[1]},"o":{"x":[0],"y":[0]}},{"s":[87.744],"t":12,"i":{"x":[1],"y":[1]},"o":{"x":[0],"y":[0]}},{"s":[78.952],"t":13,"i":{"x":[1],"y":[1]},"o":{"x":[0],"y":[0]}},{"s":[70.932],"t":14,"i":{"x":[1],"y":[1]},"o":{"x":[0],"y":[0]}},{"s":[63.567],"t":15,"i":{"x":[1],"y":[1]},"o":{"x":[0],"y":[0]}},{"s":[56.814],"t":16,"i":{"x":[1],"y":[1]},"o":{"x":[0],"y":[0]}},{"s":[50.634],"t":17,"i":{"x":[1],"y":[1]},"o":{"x":[0],"y":[0]}},{"s":[44.95],"t":18,"i":{"x":[1],"y":[1]},"o":{"x":[0],"y":[0]}},{"s":[39.751],"t":19,"i":{"x":[1],"y":[1]},"o":{"x":[0],"y":[0]}},{"s":[34.974],"t":20,"i":{"x":[1],"y":[1]},"o":{"x":[0],"y":[0]}},{"s":[30.604],"t":21,"i":{"x":[1],"y":[1]},"o":{"x":[0],"y":[0]}},{"s":[26.621],"t":22,"i":{"x":[1],"y":[1]},"o":{"x":[0],"y":[0]}},{"s":[22.983],"t":23,"i":{"x":[1],"y":[1]},"o":{"x":[0],"y":[0]}},{"s":[19.685],"t":24,"i":{"x":[1],"y":[1]},"o":{"x":[0],"y":[0]}},{"s":[16.691],"t":25,"i":{"x":[1],"y":[1]},"o":{"x":[0],"y":[0]}},{"s":[13.994],"t":26,"i":{"x":[1],"y":[1]},"o":{"x":[0],"y":[0]}},{"s":[11.581],"t":27,"i":{"x":[1],"y":[1]},"o":{"x":[0],"y":[0]}},{"s":[9.427],"t":28,"i":{"x":[1],"y":[1]},"o":{"x":[0],"y":[0]}},{"s":[7.529],"t":29,"i":{"x":[1],"y":[1]},"o":{"x":[0],"y":[0]}},{"s":[5.866],"t":30,"i":{"x":[1],"y":[1]},"o":{"x":[0],"y":[0]}},{"s":[4.431],"t":31,"i":{"x":[1],"y":[1]},"o":{"x":[0],"y":[0]}},{"s":[3.217],"t":32,"i":{"x":[1],"y":[1]},"o":{"x":[0],"y":[0]}},{"s":[2.208],"t":33,"i":{"x":[1],"y":[1]},"o":{"x":[0],"y":[0]}},{"s":[1.4],"t":34,"i":{"x":[1],"y":[1]},"o":{"x":[0],"y":[0]}},{"s":[0.782],"t":35,"i":{"x":[1],"y":[1]},"o":{"x":[0],"y":[0]}},{"s":[0.347],"t":36,"i":{"x":[1],"y":[1]},"o":{"x":[0],"y":[0]}},{"s":[0.089],"t":37,"i":{"x":[1],"y":[1]},"o":{"x":[0],"y":[0]}},{"s":[0],"t":38,"i":{"x":[1],"y":[1]},"o":{"x":[0],"y":[0]}},{"s":[0],"t":39,"i":{"x":[1],"y":[1]},"o":{"x":[0],"y":[0]}},{"s":[0],"t":560,"i":{"x":[1],"y":[1]},"o":{"x":[0],"y":[0]}},{"s":[0.016],"t":561,"i":{"x":[1],"y":[1]},"o":{"x":[0],"y":[0]}},{"s":[0.172],"t":562,"i":{"x":[1],"y":[1]},"o":{"x":[0],"y":[0]}},{"s":[0.5],"t":563,"i":{"x":[1],"y":[1]},"o":{"x":[0],"y":[0]}},{"s":[1.007],"t":564,"i":{"x":[1],"y":[1]},"o":{"x":[0],"y":[0]}},{"s":[1.701],"t":565,"i":{"x":[1],"y":[1]},"o":{"x":[0],"y":[0]}},{"s":[2.59],"t":566,"i":{"x":[1],"y":[1]},"o":{"x":[0],"y":[0]}},{"s":[3.679],"t":567,"i":{"x":[1],"y":[1]},"o":{"x":[0],"y":[0]}},{"s":[4.982],"t":568,"i":{"x":[1],"y":[1]},"o":{"x":[0],"y":[0]}},{"s":[6.504],"t":569,"i":{"x":[1],"y":[1]},"o":{"x":[0],"y":[0]}},{"s":[8.261],"t":570,"i":{"x":[1],"y":[1]},"o":{"x":[0],"y":[0]}},{"s":[10.263],"t":571,"i":{"x":[1],"y":[1]},"o":{"x":[0],"y":[0]}},{"s":[12.516],"t":572,"i":{"x":[1],"y":[1]},"o":{"x":[0],"y":[0]}},{"s":[15.045],"t":573,"i":{"x":[1],"y":[1]},"o":{"x":[0],"y":[0]}},{"s":[17.852],"t":574,"i":{"x":[1],"y":[1]},"o":{"x":[0],"y":[0]}},{"s":[20.969],"t":575,"i":{"x":[1],"y":[1]},"o":{"x":[0],"y":[0]}},{"s":[24.406],"t":576,"i":{"x":[1],"y":[1]},"o":{"x":[0],"y":[0]}},{"s":[28.175],"t":577,"i":{"x":[1],"y":[1]},"o":{"x":[0],"y":[0]}},{"s":[32.316],"t":578,"i":{"x":[1],"y":[1]},"o":{"x":[0],"y":[0]}},{"s":[36.835],"t":579,"i":{"x":[1],"y":[1]},"o":{"x":[0],"y":[0]}},{"s":[41.782],"t":580,"i":{"x":[1],"y":[1]},"o":{"x":[0],"y":[0]}},{"s":[47.179],"t":581,"i":{"x":[1],"y":[1]},"o":{"x":[0],"y":[0]}},{"s":[53.049],"t":582,"i":{"x":[1],"y":[1]},"o":{"x":[0],"y":[0]}},{"s":[59.462],"t":583,"i":{"x":[1],"y":[1]},"o":{"x":[0],"y":[0]}},{"s":[66.436],"t":584,"i":{"x":[1],"y":[1]},"o":{"x":[0],"y":[0]}},{"s":[74.063],"t":585,"i":{"x":[1],"y":[1]},"o":{"x":[0],"y":[0]}},{"s":[82.396],"t":586,"i":{"x":[1],"y":[1]},"o":{"x":[0],"y":[0]}},{"s":[91.492],"t":587,"i":{"x":[1],"y":[1]},"o":{"x":[0],"y":[0]}},{"s":[101.496],"t":588,"i":{"x":[1],"y":[1]},"o":{"x":[0],"y":[0]}},{"s":[112.483],"t":589,"i":{"x":[1],"y":[1]},"o":{"x":[0],"y":[0]}}]}},"a":{"a":0,"k":[0,0,0],"ix":1,"l":2},"s":{"a":0,"k":[100,100,100],"ix":6,"l":2}},"ao":0,"ef":[{"ty":5,"nm":"Animation","np":3,"mn":"ADBE Slider Control","ix":1,"en":1,"ef":[{"ty":0,"nm":"Slider","mn":"ADBE Slider Control-0001","ix":1,"v":{"k":[{"s":[0],"t":0,"i":{"x":[1],"y":[1]},"o":{"x":[0],"y":[0]}},{"s":[0.23],"t":1,"i":{"x":[1],"y":[1]},"o":{"x":[0],"y":[0]}},{"s":[0.344],"t":2,"i":{"x":[1],"y":[1]},"o":{"x":[0],"y":[0]}},{"s":[0.426],"t":3,"i":{"x":[1],"y":[1]},"o":{"x":[0],"y":[0]}},{"s":[0.491],"t":4,"i":{"x":[1],"y":[1]},"o":{"x":[0],"y":[0]}},{"s":[0.545],"t":5,"i":{"x":[1],"y":[1]},"o":{"x":[0],"y":[0]}},{"s":[0.592],"t":6,"i":{"x":[1],"y":[1]},"o":{"x":[0],"y":[0]}},{"s":[0.632],"t":7,"i":{"x":[1],"y":[1]},"o":{"x":[0],"y":[0]}},{"s":[0.669],"t":8,"i":{"x":[1],"y":[1]},"o":{"x":[0],"y":[0]}},{"s":[0.701],"t":9,"i":{"x":[1],"y":[1]},"o":{"x":[0],"y":[0]}},{"s":[0.73],"t":10,"i":{"x":[1],"y":[1]},"o":{"x":[0],"y":[0]}},{"s":[0.757],"t":11,"i":{"x":[1],"y":[1]},"o":{"x":[0],"y":[0]}},{"s":[0.781],"t":12,"i":{"x":[1],"y":[1]},"o":{"x":[0],"y":[0]}},{"s":[0.803],"t":13,"i":{"x":[1],"y":[1]},"o":{"x":[0],"y":[0]}},{"s":[0.823],"t":14,"i":{"x":[1],"y":[1]},"o":{"x":[0],"y":[0]}},{"s":[0.841],"t":15,"i":{"x":[1],"y":[1]},"o":{"x":[0],"y":[0]}},{"s":[0.858],"t":16,"i":{"x":[1],"y":[1]},"o":{"x":[0],"y":[0]}},{"s":[0.873],"t":17,"i":{"x":[1],"y":[1]},"o":{"x":[0],"y":[0]}},{"s":[0.888],"t":18,"i":{"x":[1],"y":[1]},"o":{"x":[0],"y":[0]}},{"s":[0.901],"t":19,"i":{"x":[1],"y":[1]},"o":{"x":[0],"y":[0]}},{"s":[0.913],"t":20,"i":{"x":[1],"y":[1]},"o":{"x":[0],"y":[0]}},{"s":[0.923],"t":21,"i":{"x":[1],"y":[1]},"o":{"x":[0],"y":[0]}},{"s":[0.933],"t":22,"i":{"x":[1],"y":[1]},"o":{"x":[0],"y":[0]}},{"s":[0.943],"t":23,"i":{"x":[1],"y":[1]},"o":{"x":[0],"y":[0]}},{"s":[0.951],"t":24,"i":{"x":[1],"y":[1]},"o":{"x":[0],"y":[0]}},{"s":[0.958],"t":25,"i":{"x":[1],"y":[1]},"o":{"x":[0],"y":[0]}},{"s":[0.965],"t":26,"i":{"x":[1],"y":[1]},"o":{"x":[0],"y":[0]}},{"s":[0.971],"t":27,"i":{"x":[1],"y":[1]},"o":{"x":[0],"y":[0]}},{"s":[0.976],"t":28,"i":{"x":[1],"y":[1]},"o":{"x":[0],"y":[0]}},{"s":[0.981],"t":29,"i":{"x":[1],"y":[1]},"o":{"x":[0],"y":[0]}},{"s":[0.985],"t":30,"i":{"x":[1],"y":[1]},"o":{"x":[0],"y":[0]}},{"s":[0.989],"t":31,"i":{"x":[1],"y":[1]},"o":{"x":[0],"y":[0]}},{"s":[0.992],"t":32,"i":{"x":[1],"y":[1]},"o":{"x":[0],"y":[0]}},{"s":[0.994],"t":33,"i":{"x":[1],"y":[1]},"o":{"x":[0],"y":[0]}},{"s":[0.996],"t":34,"i":{"x":[1],"y":[1]},"o":{"x":[0],"y":[0]}},{"s":[0.998],"t":35,"i":{"x":[1],"y":[1]},"o":{"x":[0],"y":[0]}},{"s":[0.999],"t":36,"i":{"x":[1],"y":[1]},"o":{"x":[0],"y":[0]}},{"s":[0.999],"t":563,"i":{"x":[1],"y":[1]},"o":{"x":[0],"y":[0]}},{"s":[0.997],"t":564,"i":{"x":[1],"y":[1]},"o":{"x":[0],"y":[0]}},{"s":[0.996],"t":565,"i":{"x":[1],"y":[1]},"o":{"x":[0],"y":[0]}},{"s":[0.994],"t":566,"i":{"x":[1],"y":[1]},"o":{"x":[0],"y":[0]}},{"s":[0.991],"t":567,"i":{"x":[1],"y":[1]},"o":{"x":[0],"y":[0]}},{"s":[0.988],"t":568,"i":{"x":[1],"y":[1]},"o":{"x":[0],"y":[0]}},{"s":[0.984],"t":569,"i":{"x":[1],"y":[1]},"o":{"x":[0],"y":[0]}},{"s":[0.979],"t":570,"i":{"x":[1],"y":[1]},"o":{"x":[0],"y":[0]}},{"s":[0.974],"t":571,"i":{"x":[1],"y":[1]},"o":{"x":[0],"y":[0]}},{"s":[0.969],"t":572,"i":{"x":[1],"y":[1]},"o":{"x":[0],"y":[0]}},{"s":[0.962],"t":573,"i":{"x":[1],"y":[1]},"o":{"x":[0],"y":[0]}},{"s":[0.955],"t":574,"i":{"x":[1],"y":[1]},"o":{"x":[0],"y":[0]}},{"s":[0.948],"t":575,"i":{"x":[1],"y":[1]},"o":{"x":[0],"y":[0]}},{"s":[0.939],"t":576,"i":{"x":[1],"y":[1]},"o":{"x":[0],"y":[0]}},{"s":[0.93],"t":577,"i":{"x":[1],"y":[1]},"o":{"x":[0],"y":[0]}},{"s":[0.919],"t":578,"i":{"x":[1],"y":[1]},"o":{"x":[0],"y":[0]}},{"s":[0.908],"t":579,"i":{"x":[1],"y":[1]},"o":{"x":[0],"y":[0]}},{"s":[0.896],"t":580,"i":{"x":[1],"y":[1]},"o":{"x":[0],"y":[0]}},{"s":[0.882],"t":581,"i":{"x":[1],"y":[1]},"o":{"x":[0],"y":[0]}},{"s":[0.867],"t":582,"i":{"x":[1],"y":[1]},"o":{"x":[0],"y":[0]}},{"s":[0.851],"t":583,"i":{"x":[1],"y":[1]},"o":{"x":[0],"y":[0]}},{"s":[0.834],"t":584,"i":{"x":[1],"y":[1]},"o":{"x":[0],"y":[0]}},{"s":[0.815],"t":585,"i":{"x":[1],"y":[1]},"o":{"x":[0],"y":[0]}},{"s":[0.794],"t":586,"i":{"x":[1],"y":[1]},"o":{"x":[0],"y":[0]}},{"s":[0.771],"t":587,"i":{"x":[1],"y":[1]},"o":{"x":[0],"y":[0]}},{"s":[0.746],"t":588,"i":{"x":[1],"y":[1]},"o":{"x":[0],"y":[0]}},{"s":[0.719],"t":589,"i":{"x":[1],"y":[1]},"o":{"x":[0],"y":[0]}}]}}]}],"ip":0,"op":602.602602602603,"st":0,"ct":1,"bm":0},{"ddd":0,"ind":7,"ty":4,"nm":"Matte Mask","parent":4,"td":1,"sr":1,"ks":{"o":{"a":0,"k":100,"ix":11},"r":{"a":0,"k":0,"ix":10},"p":{"a":0,"k":[54.5,-553,0],"ix":2,"l":2},"a":{"a":0,"k":[0,0,0],"ix":1,"l":2},"s":{"a":0,"k":[100,100,100],"ix":6,"l":2}},"ao":0,"shapes":[{"ty":"gr","it":[{"ty":"rc","d":1,"s":{"a":0,"k":[3000,2000],"ix":2},"p":{"a":0,"k":[0,0],"ix":3},"r":{"a":0,"k":0,"ix":4},"nm":"Rectangle Path 1","mn":"ADBE Vector Shape - Rect","hd":false},{"ty":"fl","c":{"a":0,"k":[0.763266026974,0.763266026974,0.763266026974,1],"ix":4},"o":{"a":0,"k":100,"ix":5},"r":1,"bm":0,"nm":"Fill 1","mn":"ADBE Vector Graphic - Fill","hd":false},{"ty":"tr","p":{"a":0,"k":[-3.758,-363.016],"ix":2},"a":{"a":0,"k":[0,0],"ix":1},"s":{"a":0,"k":[100,100],"ix":3},"r":{"a":0,"k":0,"ix":6},"o":{"a":0,"k":100,"ix":7},"sk":{"a":0,"k":0,"ix":4},"sa":{"a":0,"k":0,"ix":5},"nm":"Transform"}],"nm":"Rectangle 1","np":3,"cix":2,"bm":0,"ix":1,"mn":"ADBE Vector Group","hd":false}],"ip":0,"op":216610.610610611,"st":0,"ct":1,"bm":0},{"ddd":0,"ind":11,"ty":3,"nm":"Counter Transforms","parent":5,"sr":1,"ks":{"o":{"a":0,"k":100,"ix":11},"r":{"a":0,"k":0,"ix":10},"p":{"k":[{"s":[1,-2.501,0],"t":0,"i":{"x":1,"y":1},"o":{"x":0,"y":0}},{"s":[1,-2.501,0],"t":589,"i":{"x":1,"y":1},"o":{"x":0,"y":0}}],"l":2},"a":{"a":0,"k":[-30,132,0],"ix":1,"l":2},"s":{"a":0,"k":[100,100,100],"ix":6,"l":2}},"ao":0,"ip":0,"op":216610.610610611,"st":0,"ct":1,"bm":0},{"ddd":0,"ind":12,"ty":5,"nm":"Text : Prefix","parent":11,"tt":1,"tp":7,"sr":1,"ks":{"o":{"a":0,"k":100,"ix":11},"r":{"a":0,"k":0,"ix":10},"p":{"k":[{"s":[-227,172.4,0],"t":0,"i":{"x":1,"y":1},"o":{"x":0,"y":0}},{"s":[-227,172.4,0],"t":589,"i":{"x":1,"y":1},"o":{"x":0,"y":0}}],"l":2},"a":{"a":0,"k":[0,0,0],"ix":1,"l":2},"s":{"a":0,"k":[100,100,100],"ix":6,"l":2}},"ao":0,"t":{"d":{"k":[{"s":{"s":120,"f":"FaricyNew-Bold","t":"","ca":0,"j":1,"tr":0,"lh":174,"ls":0,"fc":[1,1,1],"sc":[0,0,0],"sw":0.00999999977648,"of":true},"t":0}]},"p":{},"m":{"g":1,"a":{"a":0,"k":[0,0],"ix":2}},"a":[]},"ip":0,"op":216610.610610611,"st":0,"ct":1,"bm":0},{"ddd":0,"ind":13,"ty":5,"nm":"Text : Suffix","parent":11,"tt":1,"tp":7,"sr":1,"ks":{"o":{"a":0,"k":100,"ix":11},"r":{"a":0,"k":0,"ix":10},"p":{"k":[{"s":[163,172.4,0],"t":0,"i":{"x":1,"y":1},"o":{"x":0,"y":0}},{"s":[163,172.4,0],"t":589,"i":{"x":1,"y":1},"o":{"x":0,"y":0}}],"l":2},"a":{"a":0,"k":[0,0,0],"ix":1,"l":2},"s":{"a":0,"k":[100,100,100],"ix":6,"l":2}},"ao":0,"ef":[{"ty":21,"nm":"Fill","np":9,"mn":"ADBE Fill","ix":1,"en":1,"ef":[{"ty":10,"nm":"Fill Mask","mn":"ADBE Fill-0001","ix":1,"v":{"a":0,"k":0,"ix":1}},{"ty":7,"nm":"All Masks","mn":"ADBE Fill-0007","ix":2,"v":{"a":0,"k":0,"ix":2}},{"ty":2,"nm":"Color","mn":"ADBE Fill-0002","ix":3,"v":{"k":[{"s":[1,1,1,1],"t":0,"i":{"x":[1],"y":[1]},"o":{"x":[0],"y":[0]}},{"s":[1,1,1,1],"t":589,"i":{"x":[1],"y":[1]},"o":{"x":[0],"y":[0]}}]}},{"ty":7,"nm":"Invert","mn":"ADBE Fill-0006","ix":4,"v":{"a":0,"k":0,"ix":4}},{"ty":0,"nm":"Horizontal Feather","mn":"ADBE Fill-0003","ix":5,"v":{"a":0,"k":0,"ix":5}},{"ty":0,"nm":"Vertical Feather","mn":"ADBE Fill-0004","ix":6,"v":{"a":0,"k":0,"ix":6}},{"ty":0,"nm":"Opacity","mn":"ADBE Fill-0005","ix":7,"v":{"a":0,"k":1,"ix":7}}]}],"t":{"d":{"k":[{"s":{"s":120,"f":"FaricyNew-Bold","t":"","ca":0,"j":0,"tr":0,"lh":174,"ls":0,"fc":[1,1,1],"sc":[0,0,0],"sw":0.00999999977648,"of":true},"t":0}]},"p":{},"m":{"g":1,"a":{"a":0,"k":[0,0],"ix":2}},"a":[]},"ip":0,"op":216610.610610611,"st":0,"ct":1,"bm":0},{"ddd":0,"ind":15,"ty":5,"nm":"Decimal 3","parent":11,"tt":1,"tp":7,"sr":1,"ks":{"o":{"k":[{"s":[0],"t":0,"i":{"x":[1],"y":[1]},"o":{"x":[0],"y":[0]}},{"s":[0],"t":589,"i":{"x":[1],"y":[1]},"o":{"x":[0],"y":[0]}}]},"r":{"a":0,"k":0,"ix":10},"p":{"k":[{"s":[121,172.4,0],"t":0,"i":{"x":1,"y":1},"o":{"x":0,"y":0}},{"s":[121,172.4,0],"t":589,"i":{"x":1,"y":1},"o":{"x":0,"y":0}}],"l":2},"a":{"a":0,"k":[0,0,0],"ix":1,"l":2},"s":{"a":0,"k":[100,100,100],"ix":6,"l":2}},"ao":0,"ef":[{"ty":5,"nm":"My Dec","np":3,"mn":"ADBE Slider Control","ix":1,"en":1,"ef":[{"ty":0,"nm":"Slider","mn":"ADBE Slider Control-0001","ix":1,"v":{"a":0,"k":-3,"ix":1}}]},{"ty":5,"nm":"Y Position","np":3,"mn":"ADBE Slider Control","ix":2,"en":1,"ef":[{"ty":0,"nm":"Slider","mn":"ADBE Slider Control-0001","ix":1,"v":{"a":0,"k":0,"ix":1}}]},{"ty":5,"nm":"Type","np":3,"mn":"Pseudo/@@m+YdUNQdT2alb26Uk2dzWQ","ix":3,"en":1,"ef":[{"ty":7,"nm":"Menu","mn":"Pseudo/@@m+YdUNQdT2alb26Uk2dzWQ-0001","ix":1,"v":{"a":0,"k":1,"ix":1}}]}],"t":{"d":{"k":[{"s":{"s":100,"f":"FaricyNew-Bold","t":"You can change font for the timer here","ca":0,"j":2,"tr":0,"lh":120.000007629395,"ls":0,"fc":[1,1,1],"sc":[0,0,0],"sw":0.00999999977648,"of":false},"t":0}],"x":"var $bm_rt;\nvar calculationsLayer, fontLayer, fillEnabled, fillColor, strokeWidth, strokeColor, strokeEnabled;\ncalculationsLayer = thisComp.layer('Calculations');\nfontLayer = thisComp.layer('Text : Font for the counter');\nfillEnabled = thisComp.layer('Controller').effect('Color : Counter Enabled')(1).value == 1;\nfillColor = thisComp.layer('Controller').effect('Color : Counter')(1);\nstrokeWidth = thisComp.layer('Controller').effect('Color : Counter Stroke Width')(1);\nstrokeColor = thisComp.layer('Controller').effect('Color : Counter Stroke')(1);\nstrokeEnabled = thisComp.layer('Controller').effect('Color : Counter Stroke Enabled')(1).value == 1;\nlet SMALL_DOUBLE = 1e-17;\nfunction divideThenFloor(number, division) {\n    return Math.floor($bm_div(number, $bm_sub(division, SMALL_DOUBLE)));\n}\nfunction precisionRounding(num) {\n    var myPrecision = 1000;\n    return $bm_div(Math.round($bm_mul(num, myPrecision)), myPrecision);\n}\nfunction getSourceText(calculationsLayer, fontLayer) {\n    if (transform.opacity == 0) {\n        return '';\n    }\n    let myDec = Math.pow(10, effect('My Dec')(1));\n    let currentDigit = precisionRounding(calculationsLayer.effect('Start, End, Current Number')(1)[2]);\n    currentDigit = $bm_mod(divideThenFloor(currentDigit, myDec), 10);\n    let customStyle = fontLayer.text.sourceText.style;\n    customStyle = customStyle.setText(currentDigit).setStrokeWidth(strokeWidth).setStrokeColor(strokeColor).setApplyStroke(strokeEnabled).setApplyFill(fillEnabled).setFillColor(fillColor);\n    return customStyle;\n}\n$bm_rt = getSourceText(calculationsLayer, fontLayer);"},"p":{},"m":{"g":1,"a":{"a":0,"k":[0,-50],"ix":2}},"a":[]},"ip":0,"op":216610.610610611,"st":0,"ct":1,"bm":0},{"ddd":0,"ind":16,"ty":5,"nm":"Decimal 2","parent":11,"tt":1,"tp":7,"sr":1,"ks":{"o":{"k":[{"s":[0],"t":0,"i":{"x":[1],"y":[1]},"o":{"x":[0],"y":[0]}},{"s":[0],"t":589,"i":{"x":[1],"y":[1]},"o":{"x":[0],"y":[0]}}]},"r":{"a":0,"k":0,"ix":10},"p":{"k":[{"s":[121,172.4,0],"t":0,"i":{"x":1,"y":1},"o":{"x":0,"y":0}},{"s":[121,172.4,0],"t":589,"i":{"x":1,"y":1},"o":{"x":0,"y":0}}],"l":2},"a":{"a":0,"k":[0,0,0],"ix":1,"l":2},"s":{"a":0,"k":[100,100,100],"ix":6,"l":2}},"ao":0,"ef":[{"ty":5,"nm":"My Dec","np":3,"mn":"ADBE Slider Control","ix":1,"en":1,"ef":[{"ty":0,"nm":"Slider","mn":"ADBE Slider Control-0001","ix":1,"v":{"a":0,"k":-2,"ix":1}}]},{"ty":5,"nm":"Y Position","np":3,"mn":"ADBE Slider Control","ix":2,"en":1,"ef":[{"ty":0,"nm":"Slider","mn":"ADBE Slider Control-0001","ix":1,"v":{"a":0,"k":0,"ix":1}}]},{"ty":5,"nm":"Type","np":3,"mn":"Pseudo/@@jiNL0GWNQoeRwUwkI5mSHA","ix":3,"en":1,"ef":[{"ty":7,"nm":"Menu","mn":"Pseudo/@@jiNL0GWNQoeRwUwkI5mSHA-0001","ix":1,"v":{"a":0,"k":1,"ix":1}}]}],"t":{"d":{"k":[{"s":{"s":100,"f":"FaricyNew-Bold","t":"You can change font for the timer here","ca":0,"j":2,"tr":0,"lh":120.000007629395,"ls":0,"fc":[1,1,1],"sc":[0,0,0],"sw":0.00999999977648,"of":false},"t":0}],"x":"var $bm_rt;\nvar calculationsLayer, fontLayer, fillEnabled, fillColor, strokeWidth, strokeColor, strokeEnabled;\ncalculationsLayer = thisComp.layer('Calculations');\nfontLayer = thisComp.layer('Text : Font for the counter');\nfillEnabled = thisComp.layer('Controller').effect('Color : Counter Enabled')(1).value == 1;\nfillColor = thisComp.layer('Controller').effect('Color : Counter')(1);\nstrokeWidth = thisComp.layer('Controller').effect('Color : Counter Stroke Width')(1);\nstrokeColor = thisComp.layer('Controller').effect('Color : Counter Stroke')(1);\nstrokeEnabled = thisComp.layer('Controller').effect('Color : Counter Stroke Enabled')(1).value == 1;\nlet SMALL_DOUBLE = 1e-17;\nfunction divideThenFloor(number, division) {\n    return Math.floor($bm_div(number, $bm_sub(division, SMALL_DOUBLE)));\n}\nfunction precisionRounding(num) {\n    var myPrecision = 1000;\n    return $bm_div(Math.round($bm_mul(num, myPrecision)), myPrecision);\n}\nfunction getSourceText(calculationsLayer, fontLayer) {\n    if (transform.opacity == 0) {\n        return '';\n    }\n    let myDec = Math.pow(10, effect('My Dec')(1));\n    let currentDigit = precisionRounding(calculationsLayer.effect('Start, End, Current Number')(1)[2]);\n    currentDigit = $bm_mod(divideThenFloor(currentDigit, myDec), 10);\n    let customStyle = fontLayer.text.sourceText.style;\n    customStyle = customStyle.setText(currentDigit).setStrokeWidth(strokeWidth).setStrokeColor(strokeColor).setApplyStroke(strokeEnabled).setApplyFill(fillEnabled).setFillColor(fillColor);\n    return customStyle;\n}\n$bm_rt = getSourceText(calculationsLayer, fontLayer);"},"p":{},"m":{"g":1,"a":{"a":0,"k":[0,-50],"ix":2}},"a":[]},"ip":0,"op":216610.610610611,"st":0,"ct":1,"bm":0},{"ddd":0,"ind":17,"ty":5,"nm":"Decimal 1","parent":11,"tt":1,"tp":7,"sr":1,"ks":{"o":{"k":[{"s":[0],"t":0,"i":{"x":[1],"y":[1]},"o":{"x":[0],"y":[0]}},{"s":[0],"t":589,"i":{"x":[1],"y":[1]},"o":{"x":[0],"y":[0]}}]},"r":{"a":0,"k":0,"ix":10},"p":{"k":[{"s":[121,172.4,0],"t":0,"i":{"x":1,"y":1},"o":{"x":0,"y":0}},{"s":[121,172.4,0],"t":589,"i":{"x":1,"y":1},"o":{"x":0,"y":0}}],"l":2},"a":{"a":0,"k":[0,0,0],"ix":1,"l":2},"s":{"a":0,"k":[100,100,100],"ix":6,"l":2}},"ao":0,"ef":[{"ty":5,"nm":"My Dec","np":3,"mn":"ADBE Slider Control","ix":1,"en":1,"ef":[{"ty":0,"nm":"Slider","mn":"ADBE Slider Control-0001","ix":1,"v":{"a":0,"k":-1,"ix":1}}]},{"ty":5,"nm":"Y Position","np":3,"mn":"ADBE Slider Control","ix":2,"en":1,"ef":[{"ty":0,"nm":"Slider","mn":"ADBE Slider Control-0001","ix":1,"v":{"a":0,"k":0,"ix":1}}]},{"ty":5,"nm":"Type","np":3,"mn":"Pseudo/@@S0+r2slBS4Ouf9hH9zHsrg","ix":3,"en":1,"ef":[{"ty":7,"nm":"Menu","mn":"Pseudo/@@S0+r2slBS4Ouf9hH9zHsrg-0001","ix":1,"v":{"a":0,"k":1,"ix":1}}]}],"t":{"d":{"k":[{"s":{"s":100,"f":"FaricyNew-Bold","t":"You can change font for the timer here","ca":0,"j":2,"tr":0,"lh":120.000007629395,"ls":0,"fc":[1,1,1],"sc":[0,0,0],"sw":0.00999999977648,"of":false},"t":0}],"x":"var $bm_rt;\nvar calculationsLayer, fontLayer, fillEnabled, fillColor, strokeWidth, strokeColor, strokeEnabled;\ncalculationsLayer = thisComp.layer('Calculations');\nfontLayer = thisComp.layer('Text : Font for the counter');\nfillEnabled = thisComp.layer('Controller').effect('Color : Counter Enabled')(1).value == 1;\nfillColor = thisComp.layer('Controller').effect('Color : Counter')(1);\nstrokeWidth = thisComp.layer('Controller').effect('Color : Counter Stroke Width')(1);\nstrokeColor = thisComp.layer('Controller').effect('Color : Counter Stroke')(1);\nstrokeEnabled = thisComp.layer('Controller').effect('Color : Counter Stroke Enabled')(1).value == 1;\nlet SMALL_DOUBLE = 1e-17;\nfunction divideThenFloor(number, division) {\n    return Math.floor($bm_div(number, $bm_sub(division, SMALL_DOUBLE)));\n}\nfunction precisionRounding(num) {\n    var myPrecision = 1000;\n    return $bm_div(Math.round($bm_mul(num, myPrecision)), myPrecision);\n}\nfunction getSourceText(calculationsLayer, fontLayer) {\n    if (transform.opacity == 0) {\n        return '';\n    }\n    let myDec = Math.pow(10, effect('My Dec')(1));\n    let currentDigit = precisionRounding(calculationsLayer.effect('Start, End, Current Number')(1)[2]);\n    currentDigit = $bm_mod(divideThenFloor(currentDigit, myDec), 10);\n    let customStyle = fontLayer.text.sourceText.style;\n    customStyle = customStyle.setText(currentDigit).setStrokeWidth(strokeWidth).setStrokeColor(strokeColor).setApplyStroke(strokeEnabled).setApplyFill(fillEnabled).setFillColor(fillColor);\n    return customStyle;\n}\n$bm_rt = getSourceText(calculationsLayer, fontLayer);"},"p":{},"m":{"g":1,"a":{"a":0,"k":[0,-50],"ix":2}},"a":[]},"ip":0,"op":216610.610610611,"st":0,"ct":1,"bm":0},{"ddd":0,"ind":18,"ty":5,"nm":"Separator Decimal 1","parent":11,"tt":1,"tp":7,"sr":1,"ks":{"o":{"k":[{"s":[0],"t":0,"i":{"x":[1],"y":[1]},"o":{"x":[0],"y":[0]}},{"s":[0],"t":589,"i":{"x":[1],"y":[1]},"o":{"x":[0],"y":[0]}}]},"r":{"a":0,"k":0,"ix":10},"p":{"k":[{"s":[121,172.4,0],"t":0,"i":{"x":1,"y":1},"o":{"x":0,"y":0}},{"s":[121,172.4,0],"t":589,"i":{"x":1,"y":1},"o":{"x":0,"y":0}}],"l":2},"a":{"a":0,"k":[0,0,0],"ix":1,"l":2},"s":{"a":0,"k":[100,100,100],"ix":6,"l":2}},"ao":0,"ef":[{"ty":5,"nm":"My Dec","np":3,"mn":"ADBE Slider Control","ix":1,"en":1,"ef":[{"ty":0,"nm":"Slider","mn":"ADBE Slider Control-0001","ix":1,"v":{"a":0,"k":-1,"ix":1}}]},{"ty":5,"nm":"Y Position","np":3,"mn":"ADBE Slider Control","ix":2,"en":1,"ef":[{"ty":0,"nm":"Slider","mn":"ADBE Slider Control-0001","ix":1,"v":{"k":[{"s":[0],"t":0,"i":{"x":[1],"y":[1]},"o":{"x":[0],"y":[0]}},{"s":[0],"t":589,"i":{"x":[1],"y":[1]},"o":{"x":[0],"y":[0]}}]}}]},{"ty":5,"nm":"Type","np":3,"mn":"Pseudo/@@2oMDmpOjSAK9XlVZrqxBvQ","ix":3,"en":1,"ef":[{"ty":7,"nm":"Menu","mn":"Pseudo/@@2oMDmpOjSAK9XlVZrqxBvQ-0001","ix":1,"v":{"a":0,"k":2,"ix":1}}]}],"t":{"d":{"k":[{"s":{"s":120,"f":"FaricyNew-Bold","t":".","ca":0,"j":2,"tr":0,"lh":174,"ls":0,"fc":[1,1,1],"sc":[0,0,0],"sw":0.00999999977648,"of":true},"t":0}],"x":"var $bm_rt;\nvar fontLayer, txtLayer, customStyle, customStyle;\nfontLayer = thisComp.layer('Text : Font for the counter');\ntxtLayer = thisComp.layer('Text : Separator Decimal');\ncustomStyle = fontLayer.text.sourceText.style;\ncustomStyle = customStyle.setText(txtLayer.text.sourceText);\n$bm_rt = customStyle;"},"p":{},"m":{"g":1,"a":{"a":0,"k":[0,-50],"ix":2}},"a":[]},"ip":0,"op":216610.610610611,"st":0,"ct":1,"bm":0},{"ddd":0,"ind":19,"ty":5,"nm":"Digit 1","parent":11,"tt":1,"tp":7,"sr":1,"ks":{"o":{"k":[{"s":[100],"t":0,"i":{"x":[1],"y":[1]},"o":{"x":[0],"y":[0]}},{"s":[100],"t":589,"i":{"x":[1],"y":[1]},"o":{"x":[0],"y":[0]}}]},"r":{"a":0,"k":0,"ix":10},"p":{"k":[{"s":[121,172.4,0],"t":0,"i":{"x":1,"y":1},"o":{"x":0,"y":0}},{"s":[121,172.4,0],"t":589,"i":{"x":1,"y":1},"o":{"x":0,"y":0}}],"l":2},"a":{"a":0,"k":[0,0,0],"ix":1,"l":2},"s":{"a":0,"k":[100,100,100],"ix":6,"l":2}},"ao":0,"ef":[{"ty":5,"nm":"My Dec","np":3,"mn":"ADBE Slider Control","ix":1,"en":1,"ef":[{"ty":0,"nm":"Slider","mn":"ADBE Slider Control-0001","ix":1,"v":{"a":0,"k":0,"ix":1}}]},{"ty":5,"nm":"Y Position","np":3,"mn":"ADBE Slider Control","ix":2,"en":1,"ef":[{"ty":0,"nm":"Slider","mn":"ADBE Slider Control-0001","ix":1,"v":{"a":0,"k":0,"ix":1}}]},{"ty":5,"nm":"Type","np":3,"mn":"Pseudo/@@2mx6xzp8S5i22S99zZNozQ","ix":3,"en":1,"ef":[{"ty":7,"nm":"Menu","mn":"Pseudo/@@2mx6xzp8S5i22S99zZNozQ-0001","ix":1,"v":{"a":0,"k":1,"ix":1}}]}],"t":{"d":{"k":[{"s":{"s":120,"f":"FaricyNew-Bold","t":"You can change font for the timer here","ca":0,"j":2,"tr":0,"lh":174,"ls":0,"fc":[1,1,1]},"t":0}],"x":"var $bm_rt;\nvar calculationsLayer, fontLayer, fillEnabled, fillColor, strokeWidth, strokeColor, strokeEnabled;\ncalculationsLayer = thisComp.layer('Calculations');\nfontLayer = thisComp.layer('Text : Font for the counter');\nfillEnabled = thisComp.layer('Controller').effect('Color : Counter Enabled')(1).value == 1;\nfillColor = thisComp.layer('Controller').effect('Color : Counter')(1);\nstrokeWidth = thisComp.layer('Controller').effect('Color : Counter Stroke Width')(1);\nstrokeColor = thisComp.layer('Controller').effect('Color : Counter Stroke')(1);\nstrokeEnabled = thisComp.layer('Controller').effect('Color : Counter Stroke Enabled')(1).value == 1;\nlet SMALL_DOUBLE = 1e-17;\nfunction divideThenFloor(number, division) {\n    return Math.floor($bm_div(number, $bm_sub(division, SMALL_DOUBLE)));\n}\nfunction precisionRounding(num) {\n    var myPrecision = 1000;\n    return $bm_div(Math.round($bm_mul(num, myPrecision)), myPrecision);\n}\nfunction getSourceText(calculationsLayer, fontLayer) {\n    if (transform.opacity == 0) {\n        return '';\n    }\n    let myDec = Math.pow(10, effect('My Dec')(1));\n    let currentDigit = precisionRounding(calculationsLayer.effect('Start, End, Current Number')(1)[2]);\n    currentDigit = $bm_mod(divideThenFloor(currentDigit, myDec), 10);\n    let customStyle = fontLayer.text.sourceText.style;\n    customStyle = customStyle.setText(currentDigit).setStrokeWidth(strokeWidth).setStrokeColor(strokeColor).setApplyStroke(strokeEnabled).setApplyFill(fillEnabled).setFillColor(fillColor);\n    return customStyle;\n}\n$bm_rt = getSourceText(calculationsLayer, fontLayer);"},"p":{},"m":{"g":1,"a":{"a":0,"k":[0,-50],"ix":2}},"a":[]},"ip":0,"op":216610.610610611,"st":0,"ct":1,"bm":0},{"ddd":0,"ind":20,"ty":5,"nm":"Digit 2","parent":11,"tt":1,"tp":7,"sr":1,"ks":{"o":{"k":[{"s":[100],"t":0,"i":{"x":[1],"y":[1]},"o":{"x":[0],"y":[0]}},{"s":[100],"t":589,"i":{"x":[1],"y":[1]},"o":{"x":[0],"y":[0]}}]},"r":{"a":0,"k":0,"ix":10},"p":{"k":[{"s":[49,172.4,0],"t":0,"i":{"x":1,"y":1},"o":{"x":0,"y":0}},{"s":[49,172.4,0],"t":589,"i":{"x":1,"y":1},"o":{"x":0,"y":0}}],"l":2},"a":{"a":0,"k":[0,0,0],"ix":1,"l":2},"s":{"a":0,"k":[100,100,100],"ix":6,"l":2}},"ao":0,"ef":[{"ty":5,"nm":"My Dec","np":3,"mn":"ADBE Slider Control","ix":1,"en":1,"ef":[{"ty":0,"nm":"Slider","mn":"ADBE Slider Control-0001","ix":1,"v":{"a":0,"k":1,"ix":1}}]},{"ty":5,"nm":"Y Position","np":3,"mn":"ADBE Slider Control","ix":2,"en":1,"ef":[{"ty":0,"nm":"Slider","mn":"ADBE Slider Control-0001","ix":1,"v":{"a":0,"k":0,"ix":1}}]},{"ty":5,"nm":"Type","np":3,"mn":"Pseudo/@@as4wrR7kTQO0ijYfThIlUw","ix":3,"en":1,"ef":[{"ty":7,"nm":"Menu","mn":"Pseudo/@@as4wrR7kTQO0ijYfThIlUw-0001","ix":1,"v":{"a":0,"k":1,"ix":1}}]}],"t":{"d":{"k":[{"s":{"s":120,"f":"FaricyNew-Bold","t":"You can change font for the timer here","ca":0,"j":2,"tr":0,"lh":174,"ls":0,"fc":[1,1,1]},"t":0}],"x":"var $bm_rt;\nvar calculationsLayer, fontLayer, fillEnabled, fillColor, strokeWidth, strokeColor, strokeEnabled;\ncalculationsLayer = thisComp.layer('Calculations');\nfontLayer = thisComp.layer('Text : Font for the counter');\nfillEnabled = thisComp.layer('Controller').effect('Color : Counter Enabled')(1).value == 1;\nfillColor = thisComp.layer('Controller').effect('Color : Counter')(1);\nstrokeWidth = thisComp.layer('Controller').effect('Color : Counter Stroke Width')(1);\nstrokeColor = thisComp.layer('Controller').effect('Color : Counter Stroke')(1);\nstrokeEnabled = thisComp.layer('Controller').effect('Color : Counter Stroke Enabled')(1).value == 1;\nlet SMALL_DOUBLE = 1e-17;\nfunction divideThenFloor(number, division) {\n    return Math.floor($bm_div(number, $bm_sub(division, SMALL_DOUBLE)));\n}\nfunction precisionRounding(num) {\n    var myPrecision = 1000;\n    return $bm_div(Math.round($bm_mul(num, myPrecision)), myPrecision);\n}\nfunction getSourceText(calculationsLayer, fontLayer) {\n    if (transform.opacity == 0) {\n        return '';\n    }\n    let myDec = Math.pow(10, effect('My Dec')(1));\n    let currentDigit = precisionRounding(calculationsLayer.effect('Start, End, Current Number')(1)[2]);\n    currentDigit = $bm_mod(divideThenFloor(currentDigit, myDec), 10);\n    let customStyle = fontLayer.text.sourceText.style;\n    customStyle = customStyle.setText(currentDigit).setStrokeWidth(strokeWidth).setStrokeColor(strokeColor).setApplyStroke(strokeEnabled).setApplyFill(fillEnabled).setFillColor(fillColor);\n    return customStyle;\n}\n$bm_rt = getSourceText(calculationsLayer, fontLayer);"},"p":{},"m":{"g":1,"a":{"a":0,"k":[0,-50],"ix":2}},"a":[]},"ip":0,"op":216610.610610611,"st":0,"ct":1,"bm":0},{"ddd":0,"ind":21,"ty":5,"nm":"Digit 3","parent":11,"tt":1,"tp":7,"sr":1,"ks":{"o":{"k":[{"s":[100],"t":0,"i":{"x":[1],"y":[1]},"o":{"x":[0],"y":[0]}},{"s":[100],"t":589,"i":{"x":[1],"y":[1]},"o":{"x":[0],"y":[0]}}]},"r":{"a":0,"k":0,"ix":10},"p":{"k":[{"s":[-23,172.4,0],"t":0,"i":{"x":1,"y":1},"o":{"x":0,"y":0}},{"s":[-23,172.4,0],"t":589,"i":{"x":1,"y":1},"o":{"x":0,"y":0}}],"l":2},"a":{"a":0,"k":[0,0,0],"ix":1,"l":2},"s":{"a":0,"k":[100,100,100],"ix":6,"l":2}},"ao":0,"ef":[{"ty":5,"nm":"My Dec","np":3,"mn":"ADBE Slider Control","ix":1,"en":1,"ef":[{"ty":0,"nm":"Slider","mn":"ADBE Slider Control-0001","ix":1,"v":{"a":0,"k":2,"ix":1}}]},{"ty":5,"nm":"Y Position","np":3,"mn":"ADBE Slider Control","ix":2,"en":1,"ef":[{"ty":0,"nm":"Slider","mn":"ADBE Slider Control-0001","ix":1,"v":{"a":0,"k":0,"ix":1}}]},{"ty":5,"nm":"Type","np":3,"mn":"Pseudo/@@mLYbT1s2Q4OlTZXEC59GMQ","ix":3,"en":1,"ef":[{"ty":7,"nm":"Menu","mn":"Pseudo/@@mLYbT1s2Q4OlTZXEC59GMQ-0001","ix":1,"v":{"a":0,"k":1,"ix":1}}]}],"t":{"d":{"k":[{"s":{"s":120,"f":"FaricyNew-Bold","t":"You can change font for the timer here","ca":0,"j":2,"tr":0,"lh":174,"ls":0,"fc":[1,1,1]},"t":0}],"x":"var $bm_rt;\nvar calculationsLayer, fontLayer, fillEnabled, fillColor, strokeWidth, strokeColor, strokeEnabled;\ncalculationsLayer = thisComp.layer('Calculations');\nfontLayer = thisComp.layer('Text : Font for the counter');\nfillEnabled = thisComp.layer('Controller').effect('Color : Counter Enabled')(1).value == 1;\nfillColor = thisComp.layer('Controller').effect('Color : Counter')(1);\nstrokeWidth = thisComp.layer('Controller').effect('Color : Counter Stroke Width')(1);\nstrokeColor = thisComp.layer('Controller').effect('Color : Counter Stroke')(1);\nstrokeEnabled = thisComp.layer('Controller').effect('Color : Counter Stroke Enabled')(1).value == 1;\nlet SMALL_DOUBLE = 1e-17;\nfunction divideThenFloor(number, division) {\n    return Math.floor($bm_div(number, $bm_sub(division, SMALL_DOUBLE)));\n}\nfunction precisionRounding(num) {\n    var myPrecision = 1000;\n    return $bm_div(Math.round($bm_mul(num, myPrecision)), myPrecision);\n}\nfunction getSourceText(calculationsLayer, fontLayer) {\n    if (transform.opacity == 0) {\n        return '';\n    }\n    let myDec = Math.pow(10, effect('My Dec')(1));\n    let currentDigit = precisionRounding(calculationsLayer.effect('Start, End, Current Number')(1)[2]);\n    currentDigit = $bm_mod(divideThenFloor(currentDigit, myDec), 10);\n    let customStyle = fontLayer.text.sourceText.style;\n    customStyle = customStyle.setText(currentDigit).setStrokeWidth(strokeWidth).setStrokeColor(strokeColor).setApplyStroke(strokeEnabled).setApplyFill(fillEnabled).setFillColor(fillColor);\n    return customStyle;\n}\n$bm_rt = getSourceText(calculationsLayer, fontLayer);"},"p":{},"m":{"g":1,"a":{"a":0,"k":[0,-50],"ix":2}},"a":[]},"ip":0,"op":216610.610610611,"st":0,"ct":1,"bm":0},{"ddd":0,"ind":22,"ty":5,"nm":"Separator Thousands 1","parent":11,"tt":1,"tp":7,"sr":1,"ks":{"o":{"k":[{"s":[100],"t":0,"i":{"x":[1],"y":[1]},"o":{"x":[0],"y":[0]}},{"s":[100],"t":589,"i":{"x":[1],"y":[1]},"o":{"x":[0],"y":[0]}}]},"r":{"a":0,"k":0,"ix":10},"p":{"k":[{"s":[-68,172.4,0],"t":0,"i":{"x":1,"y":1},"o":{"x":0,"y":0}},{"s":[-68,172.4,0],"t":589,"i":{"x":1,"y":1},"o":{"x":0,"y":0}}],"l":2},"a":{"a":0,"k":[0,0,0],"ix":1,"l":2},"s":{"a":0,"k":[100,100,100],"ix":6,"l":2}},"ao":0,"ef":[{"ty":5,"nm":"My Dec","np":3,"mn":"ADBE Slider Control","ix":1,"en":1,"ef":[{"ty":0,"nm":"Slider","mn":"ADBE Slider Control-0001","ix":1,"v":{"a":0,"k":3,"ix":1}}]},{"ty":5,"nm":"Y Position","np":3,"mn":"ADBE Slider Control","ix":2,"en":1,"ef":[{"ty":0,"nm":"Slider","mn":"ADBE Slider Control-0001","ix":1,"v":{"k":[{"s":[0],"t":0,"i":{"x":[1],"y":[1]},"o":{"x":[0],"y":[0]}},{"s":[0],"t":589,"i":{"x":[1],"y":[1]},"o":{"x":[0],"y":[0]}}]}}]},{"ty":5,"nm":"Type","np":3,"mn":"Pseudo/@@vZADOh4ATsup3aJE3NG6OA","ix":3,"en":1,"ef":[{"ty":7,"nm":"Menu","mn":"Pseudo/@@vZADOh4ATsup3aJE3NG6OA-0001","ix":1,"v":{"a":0,"k":3,"ix":1}}]}],"t":{"d":{"k":[{"s":{"s":120,"f":"FaricyNew-Bold","t":"","ca":0,"j":2,"tr":0,"lh":174,"ls":0,"fc":[1,1,1],"sc":[0,0,0],"sw":0.00999999977648,"of":true},"t":0}],"x":"var $bm_rt;\nvar fontLayer, txtLayer, customStyle, customStyle;\nfontLayer = thisComp.layer('Text : Font for the counter');\ntxtLayer = thisComp.layer('Text : Separator Thousands');\ncustomStyle = fontLayer.text.sourceText.style;\ncustomStyle = customStyle.setText(txtLayer.text.sourceText);\n$bm_rt = customStyle;"},"p":{},"m":{"g":1,"a":{"a":0,"k":[0,-50],"ix":2}},"a":[]},"ip":0,"op":216610.610610611,"st":0,"ct":1,"bm":0},{"ddd":0,"ind":23,"ty":5,"nm":"Digit 4","parent":11,"tt":1,"tp":7,"sr":1,"ks":{"o":{"k":[{"s":[100],"t":0,"i":{"x":[1],"y":[1]},"o":{"x":[0],"y":[0]}},{"s":[100],"t":589,"i":{"x":[1],"y":[1]},"o":{"x":[0],"y":[0]}}]},"r":{"a":0,"k":0,"ix":10},"p":{"k":[{"s":[-113,172.4,0],"t":0,"i":{"x":1,"y":1},"o":{"x":0,"y":0}},{"s":[-113,172.4,0],"t":589,"i":{"x":1,"y":1},"o":{"x":0,"y":0}}],"l":2},"a":{"a":0,"k":[0,0,0],"ix":1,"l":2},"s":{"a":0,"k":[100,100,100],"ix":6,"l":2}},"ao":0,"ef":[{"ty":5,"nm":"My Dec","np":3,"mn":"ADBE Slider Control","ix":1,"en":1,"ef":[{"ty":0,"nm":"Slider","mn":"ADBE Slider Control-0001","ix":1,"v":{"a":0,"k":3,"ix":1}}]},{"ty":5,"nm":"Y Position","np":3,"mn":"ADBE Slider Control","ix":2,"en":1,"ef":[{"ty":0,"nm":"Slider","mn":"ADBE Slider Control-0001","ix":1,"v":{"a":0,"k":0,"ix":1}}]},{"ty":5,"nm":"Type","np":3,"mn":"Pseudo/@@zKY7jF4pSTOme+eoHMmNVg","ix":3,"en":1,"ef":[{"ty":7,"nm":"Menu","mn":"Pseudo/@@zKY7jF4pSTOme+eoHMmNVg-0001","ix":1,"v":{"a":0,"k":1,"ix":1}}]}],"t":{"d":{"k":[{"s":{"s":120,"f":"FaricyNew-Bold","t":"You can change font for the timer here","ca":0,"j":2,"tr":0,"lh":174,"ls":0,"fc":[1,1,1]},"t":0}],"x":"var $bm_rt;\nvar calculationsLayer, fontLayer, fillEnabled, fillColor, strokeWidth, strokeColor, strokeEnabled;\ncalculationsLayer = thisComp.layer('Calculations');\nfontLayer = thisComp.layer('Text : Font for the counter');\nfillEnabled = thisComp.layer('Controller').effect('Color : Counter Enabled')(1).value == 1;\nfillColor = thisComp.layer('Controller').effect('Color : Counter')(1);\nstrokeWidth = thisComp.layer('Controller').effect('Color : Counter Stroke Width')(1);\nstrokeColor = thisComp.layer('Controller').effect('Color : Counter Stroke')(1);\nstrokeEnabled = thisComp.layer('Controller').effect('Color : Counter Stroke Enabled')(1).value == 1;\nlet SMALL_DOUBLE = 1e-17;\nfunction divideThenFloor(number, division) {\n    return Math.floor($bm_div(number, $bm_sub(division, SMALL_DOUBLE)));\n}\nfunction precisionRounding(num) {\n    var myPrecision = 1000;\n    return $bm_div(Math.round($bm_mul(num, myPrecision)), myPrecision);\n}\nfunction getSourceText(calculationsLayer, fontLayer) {\n    if (transform.opacity == 0) {\n        return '';\n    }\n    let myDec = Math.pow(10, effect('My Dec')(1));\n    let currentDigit = precisionRounding(calculationsLayer.effect('Start, End, Current Number')(1)[2]);\n    currentDigit = $bm_mod(divideThenFloor(currentDigit, myDec), 10);\n    let customStyle = fontLayer.text.sourceText.style;\n    customStyle = customStyle.setText(currentDigit).setStrokeWidth(strokeWidth).setStrokeColor(strokeColor).setApplyStroke(strokeEnabled).setApplyFill(fillEnabled).setFillColor(fillColor);\n    return customStyle;\n}\n$bm_rt = getSourceText(calculationsLayer, fontLayer);"},"p":{},"m":{"g":1,"a":{"a":0,"k":[0,-50],"ix":2}},"a":[]},"ip":0,"op":216610.610610611,"st":0,"ct":1,"bm":0},{"ddd":0,"ind":24,"ty":5,"nm":"Digit 5","parent":11,"tt":1,"tp":7,"sr":1,"ks":{"o":{"k":[{"s":[100],"t":0,"i":{"x":[1],"y":[1]},"o":{"x":[0],"y":[0]}},{"s":[100],"t":589,"i":{"x":[1],"y":[1]},"o":{"x":[0],"y":[0]}}]},"r":{"a":0,"k":0,"ix":10},"p":{"k":[{"s":[-185,172.4,0],"t":0,"i":{"x":1,"y":1},"o":{"x":0,"y":0}},{"s":[-185,172.4,0],"t":589,"i":{"x":1,"y":1},"o":{"x":0,"y":0}}],"l":2},"a":{"a":0,"k":[0,0,0],"ix":1,"l":2},"s":{"a":0,"k":[100,100,100],"ix":6,"l":2}},"ao":0,"ef":[{"ty":5,"nm":"My Dec","np":3,"mn":"ADBE Slider Control","ix":1,"en":1,"ef":[{"ty":0,"nm":"Slider","mn":"ADBE Slider Control-0001","ix":1,"v":{"a":0,"k":4,"ix":1}}]},{"ty":5,"nm":"Y Position","np":3,"mn":"ADBE Slider Control","ix":2,"en":1,"ef":[{"ty":0,"nm":"Slider","mn":"ADBE Slider Control-0001","ix":1,"v":{"a":0,"k":0,"ix":1}}]},{"ty":5,"nm":"Type","np":3,"mn":"Pseudo/@@1K0Ik4POQxOckjb1sUisiA","ix":3,"en":1,"ef":[{"ty":7,"nm":"Menu","mn":"Pseudo/@@1K0Ik4POQxOckjb1sUisiA-0001","ix":1,"v":{"a":0,"k":1,"ix":1}}]}],"t":{"d":{"k":[{"s":{"s":120,"f":"FaricyNew-Bold","t":"You can change font for the timer here","ca":0,"j":2,"tr":0,"lh":174,"ls":0,"fc":[1,1,1]},"t":0}],"x":"var $bm_rt;\nvar calculationsLayer, fontLayer, fillEnabled, fillColor, strokeWidth, strokeColor, strokeEnabled;\ncalculationsLayer = thisComp.layer('Calculations');\nfontLayer = thisComp.layer('Text : Font for the counter');\nfillEnabled = thisComp.layer('Controller').effect('Color : Counter Enabled')(1).value == 1;\nfillColor = thisComp.layer('Controller').effect('Color : Counter')(1);\nstrokeWidth = thisComp.layer('Controller').effect('Color : Counter Stroke Width')(1);\nstrokeColor = thisComp.layer('Controller').effect('Color : Counter Stroke')(1);\nstrokeEnabled = thisComp.layer('Controller').effect('Color : Counter Stroke Enabled')(1).value == 1;\nlet SMALL_DOUBLE = 1e-17;\nfunction divideThenFloor(number, division) {\n    return Math.floor($bm_div(number, $bm_sub(division, SMALL_DOUBLE)));\n}\nfunction precisionRounding(num) {\n    var myPrecision = 1000;\n    return $bm_div(Math.round($bm_mul(num, myPrecision)), myPrecision);\n}\nfunction getSourceText(calculationsLayer, fontLayer) {\n    if (transform.opacity == 0) {\n        return '';\n    }\n    let myDec = Math.pow(10, effect('My Dec')(1));\n    let currentDigit = precisionRounding(calculationsLayer.effect('Start, End, Current Number')(1)[2]);\n    currentDigit = $bm_mod(divideThenFloor(currentDigit, myDec), 10);\n    let customStyle = fontLayer.text.sourceText.style;\n    customStyle = customStyle.setText(currentDigit).setStrokeWidth(strokeWidth).setStrokeColor(strokeColor).setApplyStroke(strokeEnabled).setApplyFill(fillEnabled).setFillColor(fillColor);\n    return customStyle;\n}\n$bm_rt = getSourceText(calculationsLayer, fontLayer);"},"p":{},"m":{"g":1,"a":{"a":0,"k":[0,-50],"ix":2}},"a":[]},"ip":0,"op":216610.610610611,"st":0,"ct":1,"bm":0},{"ddd":0,"ind":25,"ty":5,"nm":"Digit 6","parent":11,"tt":1,"tp":7,"sr":1,"ks":{"o":{"k":[{"s":[0],"t":0,"i":{"x":[1],"y":[1]},"o":{"x":[0],"y":[0]}},{"s":[0],"t":589,"i":{"x":[1],"y":[1]},"o":{"x":[0],"y":[0]}}]},"r":{"a":0,"k":0,"ix":10},"p":{"k":[{"s":[-185,172.4,0],"t":0,"i":{"x":1,"y":1},"o":{"x":0,"y":0}},{"s":[-185,172.4,0],"t":589,"i":{"x":1,"y":1},"o":{"x":0,"y":0}}],"l":2},"a":{"a":0,"k":[0,0,0],"ix":1,"l":2},"s":{"a":0,"k":[100,100,100],"ix":6,"l":2}},"ao":0,"ef":[{"ty":5,"nm":"My Dec","np":3,"mn":"ADBE Slider Control","ix":1,"en":1,"ef":[{"ty":0,"nm":"Slider","mn":"ADBE Slider Control-0001","ix":1,"v":{"a":0,"k":5,"ix":1}}]},{"ty":5,"nm":"Y Position","np":3,"mn":"ADBE Slider Control","ix":2,"en":1,"ef":[{"ty":0,"nm":"Slider","mn":"ADBE Slider Control-0001","ix":1,"v":{"a":0,"k":0,"ix":1}}]},{"ty":5,"nm":"Type","np":3,"mn":"Pseudo/@@M+05I4V0QC6DWt4uaOXRLg","ix":3,"en":1,"ef":[{"ty":7,"nm":"Menu","mn":"Pseudo/@@M+05I4V0QC6DWt4uaOXRLg-0001","ix":1,"v":{"a":0,"k":1,"ix":1}}]}],"t":{"d":{"k":[{"s":{"s":100,"f":"FaricyNew-Bold","t":"You can change font for the timer here","ca":0,"j":2,"tr":0,"lh":120.000007629395,"ls":0,"fc":[1,1,1],"sc":[0,0,0],"sw":0.00999999977648,"of":false},"t":0}],"x":"var $bm_rt;\nvar calculationsLayer, fontLayer, fillEnabled, fillColor, strokeWidth, strokeColor, strokeEnabled;\ncalculationsLayer = thisComp.layer('Calculations');\nfontLayer = thisComp.layer('Text : Font for the counter');\nfillEnabled = thisComp.layer('Controller').effect('Color : Counter Enabled')(1).value == 1;\nfillColor = thisComp.layer('Controller').effect('Color : Counter')(1);\nstrokeWidth = thisComp.layer('Controller').effect('Color : Counter Stroke Width')(1);\nstrokeColor = thisComp.layer('Controller').effect('Color : Counter Stroke')(1);\nstrokeEnabled = thisComp.layer('Controller').effect('Color : Counter Stroke Enabled')(1).value == 1;\nlet SMALL_DOUBLE = 1e-17;\nfunction divideThenFloor(number, division) {\n    return Math.floor($bm_div(number, $bm_sub(division, SMALL_DOUBLE)));\n}\nfunction precisionRounding(num) {\n    var myPrecision = 1000;\n    return $bm_div(Math.round($bm_mul(num, myPrecision)), myPrecision);\n}\nfunction getSourceText(calculationsLayer, fontLayer) {\n    if (transform.opacity == 0) {\n        return '';\n    }\n    let myDec = Math.pow(10, effect('My Dec')(1));\n    let currentDigit = precisionRounding(calculationsLayer.effect('Start, End, Current Number')(1)[2]);\n    currentDigit = $bm_mod(divideThenFloor(currentDigit, myDec), 10);\n    let customStyle = fontLayer.text.sourceText.style;\n    customStyle = customStyle.setText(currentDigit).setStrokeWidth(strokeWidth).setStrokeColor(strokeColor).setApplyStroke(strokeEnabled).setApplyFill(fillEnabled).setFillColor(fillColor);\n    return customStyle;\n}\n$bm_rt = getSourceText(calculationsLayer, fontLayer);"},"p":{},"m":{"g":1,"a":{"a":0,"k":[0,-50],"ix":2}},"a":[]},"ip":0,"op":216610.610610611,"st":0,"ct":1,"bm":0},{"ddd":0,"ind":26,"ty":5,"nm":"Separator Thousands 2","parent":11,"tt":1,"tp":7,"sr":1,"ks":{"o":{"k":[{"s":[0],"t":0,"i":{"x":[1],"y":[1]},"o":{"x":[0],"y":[0]}},{"s":[0],"t":589,"i":{"x":[1],"y":[1]},"o":{"x":[0],"y":[0]}}]},"r":{"a":0,"k":0,"ix":10},"p":{"k":[{"s":[-185,172.4,0],"t":0,"i":{"x":1,"y":1},"o":{"x":0,"y":0}},{"s":[-185,172.4,0],"t":589,"i":{"x":1,"y":1},"o":{"x":0,"y":0}}],"l":2},"a":{"a":0,"k":[0,0,0],"ix":1,"l":2},"s":{"a":0,"k":[100,100,100],"ix":6,"l":2}},"ao":0,"ef":[{"ty":5,"nm":"My Dec","np":3,"mn":"ADBE Slider Control","ix":1,"en":1,"ef":[{"ty":0,"nm":"Slider","mn":"ADBE Slider Control-0001","ix":1,"v":{"a":0,"k":6,"ix":1}}]},{"ty":5,"nm":"Y Position","np":3,"mn":"ADBE Slider Control","ix":2,"en":1,"ef":[{"ty":0,"nm":"Slider","mn":"ADBE Slider Control-0001","ix":1,"v":{"k":[{"s":[0],"t":0,"i":{"x":[1],"y":[1]},"o":{"x":[0],"y":[0]}},{"s":[0],"t":589,"i":{"x":[1],"y":[1]},"o":{"x":[0],"y":[0]}}]}}]},{"ty":5,"nm":"Type","np":3,"mn":"Pseudo/@@qvWYJ3cSSSKpBCWQ1tiOXA","ix":3,"en":1,"ef":[{"ty":7,"nm":"Menu","mn":"Pseudo/@@qvWYJ3cSSSKpBCWQ1tiOXA-0001","ix":1,"v":{"a":0,"k":3,"ix":1}}]}],"t":{"d":{"k":[{"s":{"s":120,"f":"FaricyNew-Bold","t":"","ca":0,"j":2,"tr":0,"lh":174,"ls":0,"fc":[1,1,1],"sc":[0,0,0],"sw":0.00999999977648,"of":true},"t":0}],"x":"var $bm_rt;\nvar fontLayer, txtLayer, customStyle, customStyle;\nfontLayer = thisComp.layer('Text : Font for the counter');\ntxtLayer = thisComp.layer('Text : Separator Thousands');\ncustomStyle = fontLayer.text.sourceText.style;\ncustomStyle = customStyle.setText(txtLayer.text.sourceText);\n$bm_rt = customStyle;"},"p":{},"m":{"g":1,"a":{"a":0,"k":[0,-50],"ix":2}},"a":[]},"ip":0,"op":216610.610610611,"st":0,"ct":1,"bm":0},{"ddd":0,"ind":27,"ty":5,"nm":"Digit 7","parent":11,"tt":1,"tp":7,"sr":1,"ks":{"o":{"k":[{"s":[0],"t":0,"i":{"x":[1],"y":[1]},"o":{"x":[0],"y":[0]}},{"s":[0],"t":589,"i":{"x":[1],"y":[1]},"o":{"x":[0],"y":[0]}}]},"r":{"a":0,"k":0,"ix":10},"p":{"k":[{"s":[-185,172.4,0],"t":0,"i":{"x":1,"y":1},"o":{"x":0,"y":0}},{"s":[-185,172.4,0],"t":589,"i":{"x":1,"y":1},"o":{"x":0,"y":0}}],"l":2},"a":{"a":0,"k":[0,0,0],"ix":1,"l":2},"s":{"a":0,"k":[100,100,100],"ix":6,"l":2}},"ao":0,"ef":[{"ty":5,"nm":"My Dec","np":3,"mn":"ADBE Slider Control","ix":1,"en":1,"ef":[{"ty":0,"nm":"Slider","mn":"ADBE Slider Control-0001","ix":1,"v":{"a":0,"k":6,"ix":1}}]},{"ty":5,"nm":"Y Position","np":3,"mn":"ADBE Slider Control","ix":2,"en":1,"ef":[{"ty":0,"nm":"Slider","mn":"ADBE Slider Control-0001","ix":1,"v":{"a":0,"k":0,"ix":1}}]},{"ty":5,"nm":"Type","np":3,"mn":"Pseudo/@@MW5VrS/hRwSVbeF09g7C8Q","ix":3,"en":1,"ef":[{"ty":7,"nm":"Menu","mn":"Pseudo/@@MW5VrS/hRwSVbeF09g7C8Q-0001","ix":1,"v":{"a":0,"k":1,"ix":1}}]}],"t":{"d":{"k":[{"s":{"s":100,"f":"FaricyNew-Bold","t":"You can change font for the timer here","ca":0,"j":2,"tr":0,"lh":120.000007629395,"ls":0,"fc":[1,1,1],"sc":[0,0,0],"sw":0.00999999977648,"of":false},"t":0}],"x":"var $bm_rt;\nvar calculationsLayer, fontLayer, fillEnabled, fillColor, strokeWidth, strokeColor, strokeEnabled;\ncalculationsLayer = thisComp.layer('Calculations');\nfontLayer = thisComp.layer('Text : Font for the counter');\nfillEnabled = thisComp.layer('Controller').effect('Color : Counter Enabled')(1).value == 1;\nfillColor = thisComp.layer('Controller').effect('Color : Counter')(1);\nstrokeWidth = thisComp.layer('Controller').effect('Color : Counter Stroke Width')(1);\nstrokeColor = thisComp.layer('Controller').effect('Color : Counter Stroke')(1);\nstrokeEnabled = thisComp.layer('Controller').effect('Color : Counter Stroke Enabled')(1).value == 1;\nlet SMALL_DOUBLE = 1e-17;\nfunction divideThenFloor(number, division) {\n    return Math.floor($bm_div(number, $bm_sub(division, SMALL_DOUBLE)));\n}\nfunction precisionRounding(num) {\n    var myPrecision = 1000;\n    return $bm_div(Math.round($bm_mul(num, myPrecision)), myPrecision);\n}\nfunction getSourceText(calculationsLayer, fontLayer) {\n    if (transform.opacity == 0) {\n        return '';\n    }\n    let myDec = Math.pow(10, effect('My Dec')(1));\n    let currentDigit = precisionRounding(calculationsLayer.effect('Start, End, Current Number')(1)[2]);\n    currentDigit = $bm_mod(divideThenFloor(currentDigit, myDec), 10);\n    let customStyle = fontLayer.text.sourceText.style;\n    customStyle = customStyle.setText(currentDigit).setStrokeWidth(strokeWidth).setStrokeColor(strokeColor).setApplyStroke(strokeEnabled).setApplyFill(fillEnabled).setFillColor(fillColor);\n    return customStyle;\n}\n$bm_rt = getSourceText(calculationsLayer, fontLayer);"},"p":{},"m":{"g":1,"a":{"a":0,"k":[0,-50],"ix":2}},"a":[]},"ip":0,"op":216610.610610611,"st":0,"ct":1,"bm":0},{"ddd":0,"ind":28,"ty":5,"nm":"Digit 8","parent":11,"tt":1,"tp":7,"sr":1,"ks":{"o":{"k":[{"s":[0],"t":0,"i":{"x":[1],"y":[1]},"o":{"x":[0],"y":[0]}},{"s":[0],"t":589,"i":{"x":[1],"y":[1]},"o":{"x":[0],"y":[0]}}]},"r":{"a":0,"k":0,"ix":10},"p":{"k":[{"s":[-185,172.4,0],"t":0,"i":{"x":1,"y":1},"o":{"x":0,"y":0}},{"s":[-185,172.4,0],"t":589,"i":{"x":1,"y":1},"o":{"x":0,"y":0}}],"l":2},"a":{"a":0,"k":[0,0,0],"ix":1,"l":2},"s":{"a":0,"k":[100,100,100],"ix":6,"l":2}},"ao":0,"ef":[{"ty":5,"nm":"My Dec","np":3,"mn":"ADBE Slider Control","ix":1,"en":1,"ef":[{"ty":0,"nm":"Slider","mn":"ADBE Slider Control-0001","ix":1,"v":{"a":0,"k":7,"ix":1}}]},{"ty":5,"nm":"Y Position","np":3,"mn":"ADBE Slider Control","ix":2,"en":1,"ef":[{"ty":0,"nm":"Slider","mn":"ADBE Slider Control-0001","ix":1,"v":{"a":0,"k":0,"ix":1}}]},{"ty":5,"nm":"Type","np":3,"mn":"Pseudo/@@OY+uIHSGR52z+cJWNrdotg","ix":3,"en":1,"ef":[{"ty":7,"nm":"Menu","mn":"Pseudo/@@OY+uIHSGR52z+cJWNrdotg-0001","ix":1,"v":{"a":0,"k":1,"ix":1}}]}],"t":{"d":{"k":[{"s":{"s":100,"f":"FaricyNew-Bold","t":"You can change font for the timer here","ca":0,"j":2,"tr":0,"lh":120.000007629395,"ls":0,"fc":[1,1,1],"sc":[0,0,0],"sw":0.00999999977648,"of":false},"t":0}],"x":"var $bm_rt;\nvar calculationsLayer, fontLayer, fillEnabled, fillColor, strokeWidth, strokeColor, strokeEnabled;\ncalculationsLayer = thisComp.layer('Calculations');\nfontLayer = thisComp.layer('Text : Font for the counter');\nfillEnabled = thisComp.layer('Controller').effect('Color : Counter Enabled')(1).value == 1;\nfillColor = thisComp.layer('Controller').effect('Color : Counter')(1);\nstrokeWidth = thisComp.layer('Controller').effect('Color : Counter Stroke Width')(1);\nstrokeColor = thisComp.layer('Controller').effect('Color : Counter Stroke')(1);\nstrokeEnabled = thisComp.layer('Controller').effect('Color : Counter Stroke Enabled')(1).value == 1;\nlet SMALL_DOUBLE = 1e-17;\nfunction divideThenFloor(number, division) {\n    return Math.floor($bm_div(number, $bm_sub(division, SMALL_DOUBLE)));\n}\nfunction precisionRounding(num) {\n    var myPrecision = 1000;\n    return $bm_div(Math.round($bm_mul(num, myPrecision)), myPrecision);\n}\nfunction getSourceText(calculationsLayer, fontLayer) {\n    if (transform.opacity == 0) {\n        return '';\n    }\n    let myDec = Math.pow(10, effect('My Dec')(1));\n    let currentDigit = precisionRounding(calculationsLayer.effect('Start, End, Current Number')(1)[2]);\n    currentDigit = $bm_mod(divideThenFloor(currentDigit, myDec), 10);\n    let customStyle = fontLayer.text.sourceText.style;\n    customStyle = customStyle.setText(currentDigit).setStrokeWidth(strokeWidth).setStrokeColor(strokeColor).setApplyStroke(strokeEnabled).setApplyFill(fillEnabled).setFillColor(fillColor);\n    return customStyle;\n}\n$bm_rt = getSourceText(calculationsLayer, fontLayer);"},"p":{},"m":{"g":1,"a":{"a":0,"k":[0,-50],"ix":2}},"a":[]},"ip":0,"op":216610.610610611,"st":0,"ct":1,"bm":0},{"ddd":0,"ind":29,"ty":5,"nm":"Digit 9","parent":11,"tt":1,"tp":7,"sr":1,"ks":{"o":{"k":[{"s":[0],"t":0,"i":{"x":[1],"y":[1]},"o":{"x":[0],"y":[0]}},{"s":[0],"t":589,"i":{"x":[1],"y":[1]},"o":{"x":[0],"y":[0]}}]},"r":{"a":0,"k":0,"ix":10},"p":{"k":[{"s":[-185,172.4,0],"t":0,"i":{"x":1,"y":1},"o":{"x":0,"y":0}},{"s":[-185,172.4,0],"t":589,"i":{"x":1,"y":1},"o":{"x":0,"y":0}}],"l":2},"a":{"a":0,"k":[0,0,0],"ix":1,"l":2},"s":{"a":0,"k":[100,100,100],"ix":6,"l":2}},"ao":0,"ef":[{"ty":5,"nm":"My Dec","np":3,"mn":"ADBE Slider Control","ix":1,"en":1,"ef":[{"ty":0,"nm":"Slider","mn":"ADBE Slider Control-0001","ix":1,"v":{"a":0,"k":8,"ix":1}}]},{"ty":5,"nm":"Y Position","np":3,"mn":"ADBE Slider Control","ix":2,"en":1,"ef":[{"ty":0,"nm":"Slider","mn":"ADBE Slider Control-0001","ix":1,"v":{"a":0,"k":0,"ix":1}}]},{"ty":5,"nm":"Type","np":3,"mn":"Pseudo/@@+Jg/jp9FQwSsHjn2wPYwiQ","ix":3,"en":1,"ef":[{"ty":7,"nm":"Menu","mn":"Pseudo/@@+Jg/jp9FQwSsHjn2wPYwiQ-0001","ix":1,"v":{"a":0,"k":1,"ix":1}}]}],"t":{"d":{"k":[{"s":{"s":100,"f":"FaricyNew-Bold","t":"You can change font for the timer here","ca":0,"j":2,"tr":0,"lh":120.000007629395,"ls":0,"fc":[1,1,1],"sc":[0,0,0],"sw":0.00999999977648,"of":false},"t":0}],"x":"var $bm_rt;\nvar calculationsLayer, fontLayer, fillEnabled, fillColor, strokeWidth, strokeColor, strokeEnabled;\ncalculationsLayer = thisComp.layer('Calculations');\nfontLayer = thisComp.layer('Text : Font for the counter');\nfillEnabled = thisComp.layer('Controller').effect('Color : Counter Enabled')(1).value == 1;\nfillColor = thisComp.layer('Controller').effect('Color : Counter')(1);\nstrokeWidth = thisComp.layer('Controller').effect('Color : Counter Stroke Width')(1);\nstrokeColor = thisComp.layer('Controller').effect('Color : Counter Stroke')(1);\nstrokeEnabled = thisComp.layer('Controller').effect('Color : Counter Stroke Enabled')(1).value == 1;\nlet SMALL_DOUBLE = 1e-17;\nfunction divideThenFloor(number, division) {\n    return Math.floor($bm_div(number, $bm_sub(division, SMALL_DOUBLE)));\n}\nfunction precisionRounding(num) {\n    var myPrecision = 1000;\n    return $bm_div(Math.round($bm_mul(num, myPrecision)), myPrecision);\n}\nfunction getSourceText(calculationsLayer, fontLayer) {\n    if (transform.opacity == 0) {\n        return '';\n    }\n    let myDec = Math.pow(10, effect('My Dec')(1));\n    let currentDigit = precisionRounding(calculationsLayer.effect('Start, End, Current Number')(1)[2]);\n    currentDigit = $bm_mod(divideThenFloor(currentDigit, myDec), 10);\n    let customStyle = fontLayer.text.sourceText.style;\n    customStyle = customStyle.setText(currentDigit).setStrokeWidth(strokeWidth).setStrokeColor(strokeColor).setApplyStroke(strokeEnabled).setApplyFill(fillEnabled).setFillColor(fillColor);\n    return customStyle;\n}\n$bm_rt = getSourceText(calculationsLayer, fontLayer);"},"p":{},"m":{"g":1,"a":{"a":0,"k":[0,-50],"ix":2}},"a":[]},"ip":0,"op":216610.610610611,"st":0,"ct":1,"bm":0},{"ddd":0,"ind":30,"ty":5,"nm":"Cache Fix  - ignore this layer","parent":4,"sr":1,"ks":{"o":{"a":0,"k":100,"ix":11},"r":{"a":0,"k":0,"ix":10},"p":{"a":0,"k":[0,0,0],"ix":2,"l":2},"a":{"a":0,"k":[0,0,0],"ix":1,"l":2},"s":{"a":0,"k":[0,0,100],"ix":6,"l":2}},"ao":0,"t":{"d":{"k":[{"s":{"s":73,"f":"Arial-BoldMT","t":"t","ca":0,"j":2,"tr":0,"lh":87.6000061035156,"ls":0,"fc":[0,0.889,1],"sc":[0,0,0],"sw":0.00999999977648,"of":true},"t":0}],"x":"var $bm_rt;\n$bm_rt = time;"},"p":{},"m":{"g":1,"a":{"a":0,"k":[0,0],"ix":2}},"a":[]},"ip":0,"op":216610.610610611,"st":0,"ct":1,"bm":0}]},{"id":"comp_1","nm":"full_image_slow_zoom_storytelling","fr":60,"layers":[{"ddd":0,"ind":1,"ty":0,"nm":"a_1","refId":"comp_2","sr":1,"ks":{"o":{"a":0,"k":100,"ix":11},"r":{"a":0,"k":0,"ix":10},"p":{"a":1,"k":[{"i":{"x":0.67,"y":1},"o":{"x":0.33,"y":0},"t":0,"s":[540,960,0],"to":[0,0,0],"ti":[0,0,0]},{"t":480,"s":[636,960,0]}],"ix":2,"l":2},"a":{"a":0,"k":[540,960,0],"ix":1,"l":2},"s":{"a":1,"k":[{"i":{"x":[0.67,0.67,0.67],"y":[1,1,1]},"o":{"x":[0.33,0.33,0.33],"y":[0,0,0]},"t":0,"s":[100,100,100]},{"t":480,"s":[120,120,100]}],"ix":6,"l":2}},"ao":0,"w":1080,"h":1920,"ip":0,"op":600,"st":0,"bm":0}]},{"id":"comp_2","nm":"a_1","fr":60,"layers":[{"ddd":0,"ind":1,"ty":2,"nm":"a_1","refId":"image_0","sr":1,"ks":{"o":{"a":0,"k":100,"ix":11},"r":{"a":0,"k":0,"ix":10},"p":{"a":0,"k":[540,960,0],"ix":2,"l":2},"a":{"a":0,"k":[960,960,0],"ix":1,"l":2},"s":{"a":0,"k":[100,100,100],"ix":6,"l":2}},"ao":0,"ip":0,"op":900,"st":0,"bm":0}]}],"fonts":{"list":[{"origin":0,"fPath":"","fClass":"","fFamily":"Arial","fWeight":"","fStyle":"Bold","fName":"Arial-BoldMT","ascent":71.5988159179688},{"origin":0,"fPath":"","fClass":"","fFamily":"Faricy New","fWeight":"","fStyle":"Bold","fName":"FaricyNew-Bold","ascent":72.7996826171875},{"origin":0,"fPath":"","fClass":"","fFamily":"Alegreya","fWeight":"","fStyle":"Bold","fName":"Alegreya-Bold","ascent":74.9989136122167}]},"layers":[{"ddd":0,"ind":1,"ty":0,"nm":"Counter Basic 1","refId":"comp_0","sr":1,"ks":{"o":{"a":0,"k":100,"ix":11},"r":{"a":0,"k":0,"ix":10},"p":{"a":0,"k":[540,820,0],"ix":2,"l":2},"a":{"a":0,"k":[540,960,0],"ix":1,"l":2},"s":{"a":0,"k":[100,100,100],"ix":6,"l":2}},"ao":0,"w":1080,"h":1920,"ip":10,"op":610.600600600601,"st":10,"ct":1,"bm":0},{"ddd":0,"ind":2,"ty":5,"nm":"description","tt":1,"tp":4,"sr":1,"ks":{"o":{"a":0,"k":100,"ix":11},"r":{"a":0,"k":0,"ix":10},"p":{"a":1,"k":[{"i":{"x":0.05,"y":1},"o":{"x":0.5,"y":0},"t":30,"s":[540,1051,0],"to":[0,0,0],"ti":[0,0,0]},{"t":60,"s":[540,951,0]}],"ix":2,"l":2},"a":{"a":0,"k":[-0.398,-14.545,0],"ix":1,"l":2},"s":{"a":0,"k":[100,100,100],"ix":6,"l":2}},"ao":0,"t":{"d":{"k":[{"s":{"s":40,"f":"Alegreya-Bold","t":"THIS IS A DESCRIPTION","ca":0,"j":2,"tr":0,"lh":52,"ls":0,"fc":[0,0,0]},"t":0}]},"p":{},"m":{"g":1,"a":{"a":0,"k":[0,0],"ix":2}},"a":[]},"ip":30,"op":630,"st":30,"ct":1,"bm":0},{"ddd":0,"ind":3,"ty":4,"nm":"description-w","tt":1,"tp":4,"sr":1,"ks":{"o":{"a":0,"k":100,"ix":11},"r":{"a":0,"k":0,"ix":10},"p":{"a":1,"k":[{"i":{"x":0.05,"y":1},"o":{"x":0.5,"y":0},"t":30,"s":[540,1051,0],"to":[0,0,0],"ti":[0,0,0]},{"t":60,"s":[540,951,0]}],"ix":2,"l":2},"a":{"a":0,"k":[0,0,0],"ix":1,"l":2},"s":{"a":0,"k":[100,100,100],"ix":6,"l":2}},"ao":0,"shapes":[{"ty":"gr","it":[{"ty":"rc","d":1,"s":{"a":0,"k":[500,80],"ix":2},"p":{"a":0,"k":[0,0],"ix":3},"r":{"a":0,"k":0,"ix":4},"nm":"Rectangle Path 1","mn":"ADBE Vector Shape - Rect","hd":false},{"ty":"fl","c":{"a":0,"k":[1,1,1,1],"ix":4},"o":{"a":0,"k":100,"ix":5},"r":1,"bm":0,"nm":"Fill 1","mn":"ADBE Vector Graphic - Fill","hd":false},{"ty":"tr","p":{"a":0,"k":[0,0],"ix":2},"a":{"a":0,"k":[0,0],"ix":1},"s":{"a":0,"k":[100,100],"ix":3},"r":{"a":0,"k":0,"ix":6},"o":{"a":0,"k":100,"ix":7},"sk":{"a":0,"k":0,"ix":4},"sa":{"a":0,"k":0,"ix":5},"nm":"Transform"}],"nm":"t-1-w","np":2,"cix":2,"bm":0,"ix":1,"mn":"ADBE Vector Group","hd":false}],"ip":30,"op":630,"st":30,"ct":1,"bm":0},{"ddd":0,"ind":4,"ty":4,"nm":"mask","td":1,"sr":1,"ks":{"o":{"a":0,"k":100,"ix":11},"r":{"a":0,"k":0,"ix":10},"p":{"a":0,"k":[540,790,0],"ix":2,"l":2},"a":{"a":0,"k":[0,0,0],"ix":1,"l":2},"s":{"a":0,"k":[100,100,100],"ix":6,"l":2}},"ao":0,"shapes":[{"ty":"gr","it":[{"ty":"rc","d":1,"s":{"a":0,"k":[1080,420],"ix":2},"p":{"a":0,"k":[0,0],"ix":3},"r":{"a":0,"k":0,"ix":4},"nm":"Rectangle Path 1","mn":"ADBE Vector Shape - Rect","hd":false},{"ty":"fl","c":{"a":0,"k":[0.850980401039,0.850980401039,0.850980401039,1],"ix":4},"o":{"a":0,"k":100,"ix":5},"r":1,"bm":0,"nm":"Fill 1","mn":"ADBE Vector Graphic - Fill","hd":false},{"ty":"tr","p":{"a":0,"k":[0,0],"ix":2},"a":{"a":0,"k":[0,0],"ix":1},"s":{"a":0,"k":[100,100],"ix":3},"r":{"a":0,"k":0,"ix":6},"o":{"a":0,"k":100,"ix":7},"sk":{"a":0,"k":0,"ix":4},"sa":{"a":0,"k":0,"ix":5},"nm":"Transform"}],"nm":"mask","np":2,"cix":2,"bm":0,"ix":1,"mn":"ADBE Vector Group","hd":false}],"ip":0,"op":601,"st":0,"ct":1,"bm":0},{"ddd":0,"ind":5,"ty":3,"nm":"overlay_bgBlur","parent":6,"sr":1,"ks":{"o":{"a":1,"k":[{"i":{"x":[0.05],"y":[1]},"o":{"x":[0.5],"y":[0]},"t":0,"s":[0]},{"t":10,"s":[100]}],"ix":11},"r":{"a":0,"k":0,"ix":10},"p":{"a":0,"k":[0,0,0],"ix":2,"l":2},"a":{"a":0,"k":[0,0,0],"ix":1,"l":2},"s":{"a":0,"k":[100,100,100],"ix":6,"l":2}},"ao":0,"ef":[{"ty":29,"nm":"Gaussian Blur","np":5,"mn":"ADBE Gaussian Blur 2","ix":1,"en":1,"ef":[{"ty":0,"nm":"Blurriness","mn":"ADBE Gaussian Blur 2-0001","ix":1,"v":{"a":0,"k":60,"ix":1}},{"ty":7,"nm":"Blur Dimensions","mn":"ADBE Gaussian Blur 2-0002","ix":2,"v":{"a":0,"k":1,"ix":2}},{"ty":7,"nm":"Repeat Edge Pixels","mn":"ADBE Gaussian Blur 2-0003","ix":3,"v":{"a":0,"k":0,"ix":3}}]}],"ip":0,"op":600,"st":0,"ct":1,"bm":0},{"ddd":0,"ind":6,"ty":4,"nm":"overlay","sr":1,"ks":{"o":{"a":1,"k":[{"i":{"x":[0.05],"y":[1]},"o":{"x":[0.5],"y":[0]},"t":0,"s":[0]},{"t":10,"s":[100]}],"ix":11},"r":{"a":0,"k":0,"ix":10},"p":{"a":0,"k":[540,960,0],"ix":2,"l":2},"a":{"a":0,"k":[0,0,0],"ix":1,"l":2},"s":{"a":0,"k":[100,100,100],"ix":6,"l":2}},"ao":0,"shapes":[{"ty":"gr","it":[{"ty":"rc","d":1,"s":{"a":0,"k":[1080,1920],"ix":2},"p":{"a":0,"k":[0,0],"ix":3},"r":{"a":0,"k":0,"ix":4},"nm":"Rectangle Path 1","mn":"ADBE Vector Shape - Rect","hd":false},{"ty":"fl","c":{"a":0,"k":[0,0,0,1],"ix":4},"o":{"a":0,"k":20,"ix":5},"r":1,"bm":0,"nm":"Fill 1","mn":"ADBE Vector Graphic - Fill","hd":false},{"ty":"tr","p":{"a":0,"k":[0,0],"ix":2},"a":{"a":0,"k":[0,0],"ix":1},"s":{"a":0,"k":[100,100],"ix":3},"r":{"a":0,"k":0,"ix":6},"o":{"a":0,"k":100,"ix":7},"sk":{"a":0,"k":0,"ix":4},"sa":{"a":0,"k":0,"ix":5},"nm":"Transform"}],"nm":"overlay","np":2,"cix":2,"bm":0,"ix":1,"mn":"ADBE Vector Group","hd":false}],"ip":0,"op":600,"st":0,"ct":1,"bm":0},{"ddd":0,"ind":7,"ty":0,"nm":"full_image_slow_zoom_storytelling","refId":"comp_1","sr":1,"ks":{"o":{"a":0,"k":100,"ix":11},"r":{"a":0,"k":0,"ix":10},"p":{"a":0,"k":[540,960,0],"ix":2,"l":2},"a":{"a":0,"k":[540,960,0],"ix":1,"l":2},"s":{"a":0,"k":[100,100,100],"ix":6,"l":2}},"ao":0,"w":1080,"h":1920,"ip":0,"op":600,"st":0,"bm":0}],"markers":[],"props":{}}