{"v":"5.12.1","fr":60,"ip":0,"op":600,"w":1080,"h":1920,"nm":"centred_two_sticker_popup_compare_a2","ddd":0,"assets":[{"id":"a_1","w":1920,"h":1920,"u":"images/","p":"a_1.png","e":0},{"id":"audio_0","u":"images/","p":"Hollow_Pop_03.wav","e":0,"t":2},{"id":"comp_0","nm":"a_2","fr":60,"layers":[{"ddd":0,"ind":2,"ty":2,"nm":"a_1","refId":"a_1","sr":1,"ks":{"o":{"a":0,"k":100,"ix":11},"r":{"a":0,"k":0,"ix":10},"p":{"a":0,"k":[400,400,0],"ix":2,"l":2},"a":{"a":0,"k":[960,960,0],"ix":1,"l":2},"s":{"a":0,"k":[100,100,100],"ix":6,"l":2}},"ao":0,"ip":0,"op":600,"st":0,"bm":0}]}],"layers":[{"ddd":0,"ind":1,"ty":0,"nm":"a_2","refId":"comp_0","sr":1,"ks":{"o":{"a":0,"k":100,"ix":11},"r":{"a":0,"k":0,"ix":10},"p":{"k":[{"s":[542.633,1370.126,0],"t":5,"i":{"x":1,"y":1},"o":{"x":0,"y":0}},{"s":[542.09,1370.657,0],"t":8,"i":{"x":1,"y":1},"o":{"x":0,"y":0}},{"s":[541.621,1370.881,0],"t":10,"i":{"x":1,"y":1},"o":{"x":0,"y":0}},{"s":[541.087,1370.99,0],"t":12,"i":{"x":1,"y":1},"o":{"x":0,"y":0}},{"s":[540.802,1371,0],"t":13,"i":{"x":1,"y":1},"o":{"x":0,"y":0}},{"s":[540.51,1370.98,0],"t":14,"i":{"x":1,"y":1},"o":{"x":0,"y":0}},{"s":[540.212,1370.93,0],"t":15,"i":{"x":1,"y":1},"o":{"x":0,"y":0}},{"s":[539.912,1370.851,0],"t":16,"i":{"x":1,"y":1},"o":{"x":0,"y":0}},{"s":[539.613,1370.743,0],"t":17,"i":{"x":1,"y":1},"o":{"x":0,"y":0}},{"s":[539.318,1370.608,0],"t":18,"i":{"x":1,"y":1},"o":{"x":0,"y":0}},{"s":[539.03,1370.447,0],"t":19,"i":{"x":1,"y":1},"o":{"x":0,"y":0}},{"s":[538.752,1370.262,0],"t":20,"i":{"x":1,"y":1},"o":{"x":0,"y":0}},{"s":[538.234,1369.825,0],"t":22,"i":{"x":1,"y":1},"o":{"x":0,"y":0}},{"s":[537.788,1369.316,0],"t":24,"i":{"x":1,"y":1},"o":{"x":0,"y":0}},{"s":[537.288,1368.46,0],"t":27,"i":{"x":1,"y":1},"o":{"x":0,"y":0}},{"s":[537.003,1367.269,0],"t":31,"i":{"x":1,"y":1},"o":{"x":0,"y":0}},{"s":[537.31,1365.964,0],"t":36,"i":{"x":1,"y":1},"o":{"x":0,"y":0}},{"s":[537.822,1365.404,0],"t":39,"i":{"x":1,"y":1},"o":{"x":0,"y":0}},{"s":[538.276,1365.157,0],"t":41,"i":{"x":1,"y":1},"o":{"x":0,"y":0}},{"s":[538.798,1365.023,0],"t":43,"i":{"x":1,"y":1},"o":{"x":0,"y":0}},{"s":[539.078,1365.001,0],"t":44,"i":{"x":1,"y":1},"o":{"x":0,"y":0}},{"s":[539.368,1365.008,0],"t":45,"i":{"x":1,"y":1},"o":{"x":0,"y":0}},{"s":[539.664,1365.046,0],"t":46,"i":{"x":1,"y":1},"o":{"x":0,"y":0}},{"s":[539.963,1365.113,0],"t":47,"i":{"x":1,"y":1},"o":{"x":0,"y":0}},{"s":[540.262,1365.209,0],"t":48,"i":{"x":1,"y":1},"o":{"x":0,"y":0}},{"s":[540.56,1365.332,0],"t":49,"i":{"x":1,"y":1},"o":{"x":0,"y":0}},{"s":[540.851,1365.483,0],"t":50,"i":{"x":1,"y":1},"o":{"x":0,"y":0}},{"s":[541.134,1365.658,0],"t":51,"i":{"x":1,"y":1},"o":{"x":0,"y":0}},{"s":[541.663,1366.078,0],"t":53,"i":{"x":1,"y":1},"o":{"x":0,"y":0}},{"s":[542.126,1366.573,0],"t":55,"i":{"x":1,"y":1},"o":{"x":0,"y":0}},{"s":[542.657,1367.417,0],"t":58,"i":{"x":1,"y":1},"o":{"x":0,"y":0}},{"s":[542.99,1368.609,0],"t":62,"i":{"x":1,"y":1},"o":{"x":0,"y":0}},{"s":[542.743,1369.943,0],"t":67,"i":{"x":1,"y":1},"o":{"x":0,"y":0}},{"s":[542.262,1370.532,0],"t":70,"i":{"x":1,"y":1},"o":{"x":0,"y":0}},{"s":[541.825,1370.801,0],"t":72,"i":{"x":1,"y":1},"o":{"x":0,"y":0}},{"s":[541.316,1370.959,0],"t":74,"i":{"x":1,"y":1},"o":{"x":0,"y":0}},{"s":[541.04,1370.993,0],"t":75,"i":{"x":1,"y":1},"o":{"x":0,"y":0}},{"s":[540.754,1370.998,0],"t":76,"i":{"x":1,"y":1},"o":{"x":0,"y":0}},{"s":[540.46,1370.973,0],"t":77,"i":{"x":1,"y":1},"o":{"x":0,"y":0}},{"s":[540.162,1370.918,0],"t":78,"i":{"x":1,"y":1},"o":{"x":0,"y":0}},{"s":[539.862,1370.835,0],"t":79,"i":{"x":1,"y":1},"o":{"x":0,"y":0}},{"s":[539.563,1370.722,0],"t":80,"i":{"x":1,"y":1},"o":{"x":0,"y":0}},{"s":[539.269,1370.583,0],"t":81,"i":{"x":1,"y":1},"o":{"x":0,"y":0}},{"s":[538.983,1370.418,0],"t":82,"i":{"x":1,"y":1},"o":{"x":0,"y":0}},{"s":[538.706,1370.228,0],"t":83,"i":{"x":1,"y":1},"o":{"x":0,"y":0}},{"s":[538.194,1369.785,0],"t":85,"i":{"x":1,"y":1},"o":{"x":0,"y":0}},{"s":[537.754,1369.27,0],"t":87,"i":{"x":1,"y":1},"o":{"x":0,"y":0}},{"s":[537.267,1368.41,0],"t":90,"i":{"x":1,"y":1},"o":{"x":0,"y":0}},{"s":[537.001,1367.221,0],"t":94,"i":{"x":1,"y":1},"o":{"x":0,"y":0}},{"s":[537.332,1365.927,0],"t":99,"i":{"x":1,"y":1},"o":{"x":0,"y":0}},{"s":[537.857,1365.379,0],"t":102,"i":{"x":1,"y":1},"o":{"x":0,"y":0}},{"s":[538.317,1365.141,0],"t":104,"i":{"x":1,"y":1},"o":{"x":0,"y":0}},{"s":[538.844,1365.017,0],"t":106,"i":{"x":1,"y":1},"o":{"x":0,"y":0}},{"s":[539.126,1365,0],"t":107,"i":{"x":1,"y":1},"o":{"x":0,"y":0}},{"s":[539.417,1365.013,0],"t":108,"i":{"x":1,"y":1},"o":{"x":0,"y":0}},{"s":[539.714,1365.055,0],"t":109,"i":{"x":1,"y":1},"o":{"x":0,"y":0}},{"s":[540.013,1365.127,0],"t":110,"i":{"x":1,"y":1},"o":{"x":0,"y":0}},{"s":[540.313,1365.228,0],"t":111,"i":{"x":1,"y":1},"o":{"x":0,"y":0}},{"s":[540.609,1365.356,0],"t":112,"i":{"x":1,"y":1},"o":{"x":0,"y":0}},{"s":[540.899,1365.511,0],"t":113,"i":{"x":1,"y":1},"o":{"x":0,"y":0}},{"s":[541.18,1365.69,0],"t":114,"i":{"x":1,"y":1},"o":{"x":0,"y":0}},{"s":[541.705,1366.117,0],"t":116,"i":{"x":1,"y":1},"o":{"x":0,"y":0}},{"s":[542.161,1366.618,0],"t":118,"i":{"x":1,"y":1},"o":{"x":0,"y":0}},{"s":[542.68,1367.467,0],"t":121,"i":{"x":1,"y":1},"o":{"x":0,"y":0}},{"s":[542.993,1368.658,0],"t":125,"i":{"x":1,"y":1},"o":{"x":0,"y":0}},{"s":[542.722,1369.981,0],"t":130,"i":{"x":1,"y":1},"o":{"x":0,"y":0}},{"s":[542.228,1370.558,0],"t":133,"i":{"x":1,"y":1},"o":{"x":0,"y":0}},{"s":[541.785,1370.819,0],"t":135,"i":{"x":1,"y":1},"o":{"x":0,"y":0}},{"s":[541.27,1370.967,0],"t":137,"i":{"x":1,"y":1},"o":{"x":0,"y":0}},{"s":[540.992,1370.996,0],"t":138,"i":{"x":1,"y":1},"o":{"x":0,"y":0}},{"s":[540.705,1370.996,0],"t":139,"i":{"x":1,"y":1},"o":{"x":0,"y":0}},{"s":[540.41,1370.966,0],"t":140,"i":{"x":1,"y":1},"o":{"x":0,"y":0}},{"s":[540.111,1370.906,0],"t":141,"i":{"x":1,"y":1},"o":{"x":0,"y":0}},{"s":[539.812,1370.818,0],"t":142,"i":{"x":1,"y":1},"o":{"x":0,"y":0}},{"s":[539.514,1370.701,0],"t":143,"i":{"x":1,"y":1},"o":{"x":0,"y":0}},{"s":[539.221,1370.557,0],"t":144,"i":{"x":1,"y":1},"o":{"x":0,"y":0}},{"s":[538.935,1370.387,0],"t":145,"i":{"x":1,"y":1},"o":{"x":0,"y":0}},{"s":[538.399,1369.979,0],"t":147,"i":{"x":1,"y":1},"o":{"x":0,"y":0}},{"s":[537.927,1369.492,0],"t":149,"i":{"x":1,"y":1},"o":{"x":0,"y":0}},{"s":[537.538,1368.945,0],"t":151,"i":{"x":1,"y":1},"o":{"x":0,"y":0}},{"s":[537.065,1367.761,0],"t":155,"i":{"x":1,"y":1},"o":{"x":0,"y":0}},{"s":[537.055,1366.616,0],"t":159,"i":{"x":1,"y":1},"o":{"x":0,"y":0}},{"s":[537.511,1365.688,0],"t":163,"i":{"x":1,"y":1},"o":{"x":0,"y":0}},{"s":[537.893,1365.355,0],"t":165,"i":{"x":1,"y":1},"o":{"x":0,"y":0}},{"s":[538.359,1365.126,0],"t":167,"i":{"x":1,"y":1},"o":{"x":0,"y":0}},{"s":[538.891,1365.012,0],"t":169,"i":{"x":1,"y":1},"o":{"x":0,"y":0}},{"s":[539.175,1365,0],"t":170,"i":{"x":1,"y":1},"o":{"x":0,"y":0}},{"s":[539.467,1365.018,0],"t":171,"i":{"x":1,"y":1},"o":{"x":0,"y":0}},{"s":[539.764,1365.065,0],"t":172,"i":{"x":1,"y":1},"o":{"x":0,"y":0}},{"s":[540.064,1365.142,0],"t":173,"i":{"x":1,"y":1},"o":{"x":0,"y":0}},{"s":[540.363,1365.247,0],"t":174,"i":{"x":1,"y":1},"o":{"x":0,"y":0}},{"s":[540.658,1365.38,0],"t":175,"i":{"x":1,"y":1},"o":{"x":0,"y":0}},{"s":[540.947,1365.539,0],"t":176,"i":{"x":1,"y":1},"o":{"x":0,"y":0}},{"s":[541.227,1365.723,0],"t":177,"i":{"x":1,"y":1},"o":{"x":0,"y":0}},{"s":[541.746,1366.156,0],"t":179,"i":{"x":1,"y":1},"o":{"x":0,"y":0}},{"s":[542.196,1366.663,0],"t":181,"i":{"x":1,"y":1},"o":{"x":0,"y":0}},{"s":[542.702,1367.516,0],"t":184,"i":{"x":1,"y":1},"o":{"x":0,"y":0}},{"s":[542.996,1368.707,0],"t":188,"i":{"x":1,"y":1},"o":{"x":0,"y":0}},{"s":[542.701,1370.019,0],"t":193,"i":{"x":1,"y":1},"o":{"x":0,"y":0}},{"s":[542.194,1370.584,0],"t":196,"i":{"x":1,"y":1},"o":{"x":0,"y":0}},{"s":[541.744,1370.835,0],"t":198,"i":{"x":1,"y":1},"o":{"x":0,"y":0}},{"s":[541.224,1370.974,0],"t":200,"i":{"x":1,"y":1},"o":{"x":0,"y":0}},{"s":[540.945,1370.998,0],"t":201,"i":{"x":1,"y":1},"o":{"x":0,"y":0}},{"s":[540.656,1370.993,0],"t":202,"i":{"x":1,"y":1},"o":{"x":0,"y":0}},{"s":[540.36,1370.958,0],"t":203,"i":{"x":1,"y":1},"o":{"x":0,"y":0}},{"s":[540.061,1370.893,0],"t":204,"i":{"x":1,"y":1},"o":{"x":0,"y":0}},{"s":[539.761,1370.8,0],"t":205,"i":{"x":1,"y":1},"o":{"x":0,"y":0}},{"s":[539.464,1370.678,0],"t":206,"i":{"x":1,"y":1},"o":{"x":0,"y":0}},{"s":[539.172,1370.53,0],"t":207,"i":{"x":1,"y":1},"o":{"x":0,"y":0}},{"s":[538.888,1370.357,0],"t":208,"i":{"x":1,"y":1},"o":{"x":0,"y":0}},{"s":[538.357,1369.941,0],"t":210,"i":{"x":1,"y":1},"o":{"x":0,"y":0}},{"s":[537.891,1369.448,0],"t":212,"i":{"x":1,"y":1},"o":{"x":0,"y":0}},{"s":[537.355,1368.606,0],"t":215,"i":{"x":1,"y":1},"o":{"x":0,"y":0}},{"s":[537.012,1367.414,0],"t":219,"i":{"x":1,"y":1},"o":{"x":0,"y":0}},{"s":[537.247,1366.075,0],"t":224,"i":{"x":1,"y":1},"o":{"x":0,"y":0}},{"s":[537.723,1365.481,0],"t":227,"i":{"x":1,"y":1},"o":{"x":0,"y":0}},{"s":[538.156,1365.208,0],"t":229,"i":{"x":1,"y":1},"o":{"x":0,"y":0}},{"s":[538.663,1365.045,0],"t":231,"i":{"x":1,"y":1},"o":{"x":0,"y":0}},{"s":[538.938,1365.008,0],"t":232,"i":{"x":1,"y":1},"o":{"x":0,"y":0}},{"s":[539.223,1365.001,0],"t":233,"i":{"x":1,"y":1},"o":{"x":0,"y":0}},{"s":[539.516,1365.024,0],"t":234,"i":{"x":1,"y":1},"o":{"x":0,"y":0}},{"s":[539.814,1365.076,0],"t":235,"i":{"x":1,"y":1},"o":{"x":0,"y":0}},{"s":[540.114,1365.158,0],"t":236,"i":{"x":1,"y":1},"o":{"x":0,"y":0}},{"s":[540.413,1365.268,0],"t":237,"i":{"x":1,"y":1},"o":{"x":0,"y":0}},{"s":[540.707,1365.405,0],"t":238,"i":{"x":1,"y":1},"o":{"x":0,"y":0}},{"s":[540.995,1365.568,0],"t":239,"i":{"x":1,"y":1},"o":{"x":0,"y":0}},{"s":[541.273,1365.756,0],"t":240,"i":{"x":1,"y":1},"o":{"x":0,"y":0}},{"s":[541.787,1366.196,0],"t":242,"i":{"x":1,"y":1},"o":{"x":0,"y":0}},{"s":[542.23,1366.708,0],"t":244,"i":{"x":1,"y":1},"o":{"x":0,"y":0}},{"s":[542.723,1367.566,0],"t":247,"i":{"x":1,"y":1},"o":{"x":0,"y":0}},{"s":[542.998,1368.756,0],"t":251,"i":{"x":1,"y":1},"o":{"x":0,"y":0}},{"s":[542.678,1370.056,0],"t":256,"i":{"x":1,"y":1},"o":{"x":0,"y":0}},{"s":[542.159,1370.61,0],"t":259,"i":{"x":1,"y":1},"o":{"x":0,"y":0}},{"s":[541.703,1370.852,0],"t":261,"i":{"x":1,"y":1},"o":{"x":0,"y":0}},{"s":[541.178,1370.98,0],"t":263,"i":{"x":1,"y":1},"o":{"x":0,"y":0}},{"s":[540.897,1371,0],"t":264,"i":{"x":1,"y":1},"o":{"x":0,"y":0}},{"s":[540.606,1370.989,0],"t":265,"i":{"x":1,"y":1},"o":{"x":0,"y":0}},{"s":[540.31,1370.949,0],"t":266,"i":{"x":1,"y":1},"o":{"x":0,"y":0}},{"s":[540.011,1370.88,0],"t":267,"i":{"x":1,"y":1},"o":{"x":0,"y":0}},{"s":[539.711,1370.781,0],"t":268,"i":{"x":1,"y":1},"o":{"x":0,"y":0}},{"s":[539.414,1370.655,0],"t":269,"i":{"x":1,"y":1},"o":{"x":0,"y":0}},{"s":[539.124,1370.503,0],"t":270,"i":{"x":1,"y":1},"o":{"x":0,"y":0}},{"s":[538.842,1370.325,0],"t":271,"i":{"x":1,"y":1},"o":{"x":0,"y":0}},{"s":[538.315,1369.902,0],"t":273,"i":{"x":1,"y":1},"o":{"x":0,"y":0}},{"s":[537.855,1369.403,0],"t":275,"i":{"x":1,"y":1},"o":{"x":0,"y":0}},{"s":[537.331,1368.557,0],"t":278,"i":{"x":1,"y":1},"o":{"x":0,"y":0}},{"s":[537.008,1367.365,0],"t":282,"i":{"x":1,"y":1},"o":{"x":0,"y":0}},{"s":[537.268,1366.037,0],"t":287,"i":{"x":1,"y":1},"o":{"x":0,"y":0}},{"s":[537.756,1365.454,0],"t":290,"i":{"x":1,"y":1},"o":{"x":0,"y":0}},{"s":[538.196,1365.19,0],"t":292,"i":{"x":1,"y":1},"o":{"x":0,"y":0}},{"s":[538.708,1365.037,0],"t":294,"i":{"x":1,"y":1},"o":{"x":0,"y":0}},{"s":[538.985,1365.005,0],"t":295,"i":{"x":1,"y":1},"o":{"x":0,"y":0}},{"s":[539.272,1365.003,0],"t":296,"i":{"x":1,"y":1},"o":{"x":0,"y":0}},{"s":[539.566,1365.03,0],"t":297,"i":{"x":1,"y":1},"o":{"x":0,"y":0}},{"s":[539.865,1365.088,0],"t":298,"i":{"x":1,"y":1},"o":{"x":0,"y":0}},{"s":[540.165,1365.174,0],"t":299,"i":{"x":1,"y":1},"o":{"x":0,"y":0}},{"s":[540.463,1365.289,0],"t":300,"i":{"x":1,"y":1},"o":{"x":0,"y":0}},{"s":[540.756,1365.431,0],"t":301,"i":{"x":1,"y":1},"o":{"x":0,"y":0}},{"s":[541.042,1365.598,0],"t":302,"i":{"x":1,"y":1},"o":{"x":0,"y":0}},{"s":[541.58,1366.003,0],"t":304,"i":{"x":1,"y":1},"o":{"x":0,"y":0}},{"s":[542.056,1366.488,0],"t":306,"i":{"x":1,"y":1},"o":{"x":0,"y":0}},{"s":[542.449,1367.033,0],"t":308,"i":{"x":1,"y":1},"o":{"x":0,"y":0}},{"s":[542.93,1368.215,0],"t":312,"i":{"x":1,"y":1},"o":{"x":0,"y":0}},{"s":[542.949,1369.363,0],"t":316,"i":{"x":1,"y":1},"o":{"x":0,"y":0}},{"s":[542.503,1370.296,0],"t":320,"i":{"x":1,"y":1},"o":{"x":0,"y":0}},{"s":[542.124,1370.634,0],"t":322,"i":{"x":1,"y":1},"o":{"x":0,"y":0}},{"s":[541.661,1370.867,0],"t":324,"i":{"x":1,"y":1},"o":{"x":0,"y":0}},{"s":[541.131,1370.985,0],"t":326,"i":{"x":1,"y":1},"o":{"x":0,"y":0}},{"s":[540.848,1371,0],"t":327,"i":{"x":1,"y":1},"o":{"x":0,"y":0}},{"s":[540.557,1370.985,0],"t":328,"i":{"x":1,"y":1},"o":{"x":0,"y":0}},{"s":[540.26,1370.94,0],"t":329,"i":{"x":1,"y":1},"o":{"x":0,"y":0}},{"s":[539.96,1370.865,0],"t":330,"i":{"x":1,"y":1},"o":{"x":0,"y":0}},{"s":[539.661,1370.762,0],"t":331,"i":{"x":1,"y":1},"o":{"x":0,"y":0}},{"s":[539.365,1370.631,0],"t":332,"i":{"x":1,"y":1},"o":{"x":0,"y":0}},{"s":[539.075,1370.475,0],"t":333,"i":{"x":1,"y":1},"o":{"x":0,"y":0}},{"s":[538.795,1370.293,0],"t":334,"i":{"x":1,"y":1},"o":{"x":0,"y":0}},{"s":[538.273,1369.863,0],"t":336,"i":{"x":1,"y":1},"o":{"x":0,"y":0}},{"s":[537.82,1369.358,0],"t":338,"i":{"x":1,"y":1},"o":{"x":0,"y":0}},{"s":[537.309,1368.507,0],"t":341,"i":{"x":1,"y":1},"o":{"x":0,"y":0}},{"s":[537.005,1367.316,0],"t":345,"i":{"x":1,"y":1},"o":{"x":0,"y":0}},{"s":[537.289,1365.999,0],"t":350,"i":{"x":1,"y":1},"o":{"x":0,"y":0}},{"s":[537.79,1365.428,0],"t":353,"i":{"x":1,"y":1},"o":{"x":0,"y":0}},{"s":[538.237,1365.172,0],"t":355,"i":{"x":1,"y":1},"o":{"x":0,"y":0}},{"s":[538.754,1365.03,0],"t":357,"i":{"x":1,"y":1},"o":{"x":0,"y":0}},{"s":[539.033,1365.002,0],"t":358,"i":{"x":1,"y":1},"o":{"x":0,"y":0}},{"s":[539.321,1365.005,0],"t":359,"i":{"x":1,"y":1},"o":{"x":0,"y":0}},{"s":[539.616,1365.038,0],"t":360,"i":{"x":1,"y":1},"o":{"x":0,"y":0}},{"s":[539.915,1365.1,0],"t":361,"i":{"x":1,"y":1},"o":{"x":0,"y":0}},{"s":[540.215,1365.192,0],"t":362,"i":{"x":1,"y":1},"o":{"x":0,"y":0}},{"s":[540.513,1365.311,0],"t":363,"i":{"x":1,"y":1},"o":{"x":0,"y":0}},{"s":[540.805,1365.457,0],"t":364,"i":{"x":1,"y":1},"o":{"x":0,"y":0}},{"s":[541.09,1365.629,0],"t":365,"i":{"x":1,"y":1},"o":{"x":0,"y":0}},{"s":[541.623,1366.041,0],"t":367,"i":{"x":1,"y":1},"o":{"x":0,"y":0}},{"s":[542.092,1366.532,0],"t":369,"i":{"x":1,"y":1},"o":{"x":0,"y":0}},{"s":[542.634,1367.37,0],"t":372,"i":{"x":1,"y":1},"o":{"x":0,"y":0}},{"s":[542.985,1368.562,0],"t":376,"i":{"x":1,"y":1},"o":{"x":0,"y":0}},{"s":[542.762,1369.906,0],"t":381,"i":{"x":1,"y":1},"o":{"x":0,"y":0}},{"s":[542.293,1370.506,0],"t":384,"i":{"x":1,"y":1},"o":{"x":0,"y":0}},{"s":[541.863,1370.783,0],"t":386,"i":{"x":1,"y":1},"o":{"x":0,"y":0}},{"s":[541.358,1370.95,0],"t":388,"i":{"x":1,"y":1},"o":{"x":0,"y":0}},{"s":[541.085,1370.99,0],"t":389,"i":{"x":1,"y":1},"o":{"x":0,"y":0}},{"s":[540.8,1371,0],"t":390,"i":{"x":1,"y":1},"o":{"x":0,"y":0}},{"s":[540.507,1370.979,0],"t":391,"i":{"x":1,"y":1},"o":{"x":0,"y":0}},{"s":[540.21,1370.929,0],"t":392,"i":{"x":1,"y":1},"o":{"x":0,"y":0}},{"s":[539.91,1370.85,0],"t":393,"i":{"x":1,"y":1},"o":{"x":0,"y":0}},{"s":[539.611,1370.742,0],"t":394,"i":{"x":1,"y":1},"o":{"x":0,"y":0}},{"s":[539.316,1370.607,0],"t":395,"i":{"x":1,"y":1},"o":{"x":0,"y":0}},{"s":[539.028,1370.446,0],"t":396,"i":{"x":1,"y":1},"o":{"x":0,"y":0}},{"s":[538.749,1370.26,0],"t":397,"i":{"x":1,"y":1},"o":{"x":0,"y":0}},{"s":[538.232,1369.823,0],"t":399,"i":{"x":1,"y":1},"o":{"x":0,"y":0}},{"s":[537.786,1369.313,0],"t":401,"i":{"x":1,"y":1},"o":{"x":0,"y":0}},{"s":[537.287,1368.457,0],"t":404,"i":{"x":1,"y":1},"o":{"x":0,"y":0}},{"s":[537.002,1367.267,0],"t":408,"i":{"x":1,"y":1},"o":{"x":0,"y":0}},{"s":[537.311,1365.962,0],"t":413,"i":{"x":1,"y":1},"o":{"x":0,"y":0}},{"s":[537.824,1365.402,0],"t":416,"i":{"x":1,"y":1},"o":{"x":0,"y":0}},{"s":[538.278,1365.156,0],"t":418,"i":{"x":1,"y":1},"o":{"x":0,"y":0}},{"s":[538.8,1365.023,0],"t":420,"i":{"x":1,"y":1},"o":{"x":0,"y":0}},{"s":[539.081,1365.001,0],"t":421,"i":{"x":1,"y":1},"o":{"x":0,"y":0}},{"s":[539.37,1365.009,0],"t":422,"i":{"x":1,"y":1},"o":{"x":0,"y":0}},{"s":[539.666,1365.046,0],"t":423,"i":{"x":1,"y":1},"o":{"x":0,"y":0}},{"s":[539.965,1365.114,0],"t":424,"i":{"x":1,"y":1},"o":{"x":0,"y":0}},{"s":[540.265,1365.21,0],"t":425,"i":{"x":1,"y":1},"o":{"x":0,"y":0}},{"s":[540.562,1365.334,0],"t":426,"i":{"x":1,"y":1},"o":{"x":0,"y":0}},{"s":[540.854,1365.484,0],"t":427,"i":{"x":1,"y":1},"o":{"x":0,"y":0}},{"s":[541.136,1365.66,0],"t":428,"i":{"x":1,"y":1},"o":{"x":0,"y":0}},{"s":[541.665,1366.08,0],"t":430,"i":{"x":1,"y":1},"o":{"x":0,"y":0}},{"s":[542.128,1366.576,0],"t":432,"i":{"x":1,"y":1},"o":{"x":0,"y":0}},{"s":[542.658,1367.42,0],"t":435,"i":{"x":1,"y":1},"o":{"x":0,"y":0}},{"s":[542.99,1368.612,0],"t":439,"i":{"x":1,"y":1},"o":{"x":0,"y":0}},{"s":[542.742,1369.945,0],"t":444,"i":{"x":1,"y":1},"o":{"x":0,"y":0}},{"s":[542.26,1370.533,0],"t":447,"i":{"x":1,"y":1},"o":{"x":0,"y":0}},{"s":[541.823,1370.802,0],"t":449,"i":{"x":1,"y":1},"o":{"x":0,"y":0}},{"s":[541.313,1370.959,0],"t":451,"i":{"x":1,"y":1},"o":{"x":0,"y":0}},{"s":[541.037,1370.994,0],"t":452,"i":{"x":1,"y":1},"o":{"x":0,"y":0}},{"s":[540.751,1370.998,0],"t":453,"i":{"x":1,"y":1},"o":{"x":0,"y":0}},{"s":[540.457,1370.973,0],"t":454,"i":{"x":1,"y":1},"o":{"x":0,"y":0}},{"s":[540.159,1370.918,0],"t":455,"i":{"x":1,"y":1},"o":{"x":0,"y":0}},{"s":[539.859,1370.834,0],"t":456,"i":{"x":1,"y":1},"o":{"x":0,"y":0}},{"s":[539.561,1370.721,0],"t":457,"i":{"x":1,"y":1},"o":{"x":0,"y":0}},{"s":[539.267,1370.582,0],"t":458,"i":{"x":1,"y":1},"o":{"x":0,"y":0}},{"s":[538.98,1370.416,0],"t":459,"i":{"x":1,"y":1},"o":{"x":0,"y":0}},{"s":[538.703,1370.226,0],"t":460,"i":{"x":1,"y":1},"o":{"x":0,"y":0}},{"s":[538.192,1369.783,0],"t":462,"i":{"x":1,"y":1},"o":{"x":0,"y":0}},{"s":[537.752,1369.268,0],"t":464,"i":{"x":1,"y":1},"o":{"x":0,"y":0}},{"s":[537.266,1368.408,0],"t":467,"i":{"x":1,"y":1},"o":{"x":0,"y":0}},{"s":[537.001,1367.218,0],"t":471,"i":{"x":1,"y":1},"o":{"x":0,"y":0}},{"s":[537.334,1365.925,0],"t":476,"i":{"x":1,"y":1},"o":{"x":0,"y":0}},{"s":[537.859,1365.377,0],"t":479,"i":{"x":1,"y":1},"o":{"x":0,"y":0}},{"s":[538.319,1365.14,0],"t":481,"i":{"x":1,"y":1},"o":{"x":0,"y":0}},{"s":[538.846,1365.017,0],"t":483,"i":{"x":1,"y":1},"o":{"x":0,"y":0}},{"s":[539.129,1365,0],"t":484,"i":{"x":1,"y":1},"o":{"x":0,"y":0}},{"s":[539.42,1365.013,0],"t":485,"i":{"x":1,"y":1},"o":{"x":0,"y":0}},{"s":[539.716,1365.056,0],"t":486,"i":{"x":1,"y":1},"o":{"x":0,"y":0}},{"s":[540.016,1365.128,0],"t":487,"i":{"x":1,"y":1},"o":{"x":0,"y":0}},{"s":[540.315,1365.229,0],"t":488,"i":{"x":1,"y":1},"o":{"x":0,"y":0}},{"s":[540.612,1365.357,0],"t":489,"i":{"x":1,"y":1},"o":{"x":0,"y":0}},{"s":[540.902,1365.512,0],"t":490,"i":{"x":1,"y":1},"o":{"x":0,"y":0}},{"s":[541.183,1365.692,0],"t":491,"i":{"x":1,"y":1},"o":{"x":0,"y":0}},{"s":[541.707,1366.119,0],"t":493,"i":{"x":1,"y":1},"o":{"x":0,"y":0}},{"s":[542.163,1366.62,0],"t":495,"i":{"x":1,"y":1},"o":{"x":0,"y":0}},{"s":[542.681,1367.469,0],"t":498,"i":{"x":1,"y":1},"o":{"x":0,"y":0}},{"s":[542.994,1368.661,0],"t":502,"i":{"x":1,"y":1},"o":{"x":0,"y":0}},{"s":[542.721,1369.983,0],"t":507,"i":{"x":1,"y":1},"o":{"x":0,"y":0}},{"s":[542.226,1370.56,0],"t":510,"i":{"x":1,"y":1},"o":{"x":0,"y":0}},{"s":[541.783,1370.819,0],"t":512,"i":{"x":1,"y":1},"o":{"x":0,"y":0}},{"s":[541.268,1370.967,0],"t":514,"i":{"x":1,"y":1},"o":{"x":0,"y":0}},{"s":[540.99,1370.996,0],"t":515,"i":{"x":1,"y":1},"o":{"x":0,"y":0}},{"s":[540.702,1370.996,0],"t":516,"i":{"x":1,"y":1},"o":{"x":0,"y":0}},{"s":[540.408,1370.966,0],"t":517,"i":{"x":1,"y":1},"o":{"x":0,"y":0}},{"s":[540.109,1370.906,0],"t":518,"i":{"x":1,"y":1},"o":{"x":0,"y":0}},{"s":[539.809,1370.817,0],"t":519,"i":{"x":1,"y":1},"o":{"x":0,"y":0}},{"s":[539.511,1370.7,0],"t":520,"i":{"x":1,"y":1},"o":{"x":0,"y":0}},{"s":[539.218,1370.555,0],"t":521,"i":{"x":1,"y":1},"o":{"x":0,"y":0}},{"s":[538.933,1370.386,0],"t":522,"i":{"x":1,"y":1},"o":{"x":0,"y":0}},{"s":[538.397,1369.977,0],"t":524,"i":{"x":1,"y":1},"o":{"x":0,"y":0}},{"s":[537.925,1369.489,0],"t":526,"i":{"x":1,"y":1},"o":{"x":0,"y":0}},{"s":[537.536,1368.942,0],"t":528,"i":{"x":1,"y":1},"o":{"x":0,"y":0}},{"s":[537.064,1367.759,0],"t":532,"i":{"x":1,"y":1},"o":{"x":0,"y":0}},{"s":[537.056,1366.613,0],"t":536,"i":{"x":1,"y":1},"o":{"x":0,"y":0}},{"s":[537.512,1365.687,0],"t":540,"i":{"x":1,"y":1},"o":{"x":0,"y":0}},{"s":[537.895,1365.353,0],"t":542,"i":{"x":1,"y":1},"o":{"x":0,"y":0}},{"s":[538.361,1365.125,0],"t":544,"i":{"x":1,"y":1},"o":{"x":0,"y":0}},{"s":[538.893,1365.012,0],"t":546,"i":{"x":1,"y":1},"o":{"x":0,"y":0}},{"s":[539.177,1365,0],"t":547,"i":{"x":1,"y":1},"o":{"x":0,"y":0}},{"s":[539.469,1365.018,0],"t":548,"i":{"x":1,"y":1},"o":{"x":0,"y":0}},{"s":[539.767,1365.066,0],"t":549,"i":{"x":1,"y":1},"o":{"x":0,"y":0}},{"s":[540.066,1365.143,0],"t":550,"i":{"x":1,"y":1},"o":{"x":0,"y":0}},{"s":[540.365,1365.248,0],"t":551,"i":{"x":1,"y":1},"o":{"x":0,"y":0}},{"s":[540.661,1365.381,0],"t":552,"i":{"x":1,"y":1},"o":{"x":0,"y":0}},{"s":[540.95,1365.541,0],"t":553,"i":{"x":1,"y":1},"o":{"x":0,"y":0}},{"s":[541.229,1365.724,0],"t":554,"i":{"x":1,"y":1},"o":{"x":0,"y":0}},{"s":[541.748,1366.158,0],"t":556,"i":{"x":1,"y":1},"o":{"x":0,"y":0}},{"s":[542.198,1366.665,0],"t":558,"i":{"x":1,"y":1},"o":{"x":0,"y":0}},{"s":[542.703,1367.519,0],"t":561,"i":{"x":1,"y":1},"o":{"x":0,"y":0}},{"s":[542.996,1368.71,0],"t":565,"i":{"x":1,"y":1},"o":{"x":0,"y":0}},{"s":[542.7,1370.021,0],"t":570,"i":{"x":1,"y":1},"o":{"x":0,"y":0}},{"s":[542.192,1370.586,0],"t":573,"i":{"x":1,"y":1},"o":{"x":0,"y":0}},{"s":[541.742,1370.836,0],"t":575,"i":{"x":1,"y":1},"o":{"x":0,"y":0}},{"s":[541.222,1370.974,0],"t":577,"i":{"x":1,"y":1},"o":{"x":0,"y":0}},{"s":[540.942,1370.998,0],"t":578,"i":{"x":1,"y":1},"o":{"x":0,"y":0}},{"s":[540.653,1370.993,0],"t":579,"i":{"x":1,"y":1},"o":{"x":0,"y":0}},{"s":[540.358,1370.958,0],"t":580,"i":{"x":1,"y":1},"o":{"x":0,"y":0}},{"s":[540.058,1370.893,0],"t":581,"i":{"x":1,"y":1},"o":{"x":0,"y":0}},{"s":[539.759,1370.799,0],"t":582,"i":{"x":1,"y":1},"o":{"x":0,"y":0}},{"s":[539.461,1370.677,0],"t":583,"i":{"x":1,"y":1},"o":{"x":0,"y":0}},{"s":[539.169,1370.529,0],"t":584,"i":{"x":1,"y":1},"o":{"x":0,"y":0}},{"s":[538.886,1370.355,0],"t":585,"i":{"x":1,"y":1},"o":{"x":0,"y":0}},{"s":[538.355,1369.939,0],"t":587,"i":{"x":1,"y":1},"o":{"x":0,"y":0}},{"s":[537.889,1369.445,0],"t":589,"i":{"x":1,"y":1},"o":{"x":0,"y":0}},{"s":[537.353,1368.604,0],"t":592,"i":{"x":1,"y":1},"o":{"x":0,"y":0}},{"s":[537.012,1367.412,0],"t":596,"i":{"x":1,"y":1},"o":{"x":0,"y":0}}],"l":2},"a":{"a":0,"k":[400,400,0],"ix":1,"l":2},"s":{"k":[{"s":[0,0,100],"t":0,"i":{"x":[1,1,1],"y":[1,1,1]},"o":{"x":[0,0,0],"y":[0,0,0]}},{"s":[19.091,19.091,100],"t":1,"i":{"x":[1,1,1],"y":[1,1,1]},"o":{"x":[0,0,0],"y":[0,0,0]}},{"s":[40.753,40.753,100],"t":2,"i":{"x":[1,1,1],"y":[1,1,1]},"o":{"x":[0,0,0],"y":[0,0,0]}},{"s":[62.121,62.121,100],"t":3,"i":{"x":[1,1,1],"y":[1,1,1]},"o":{"x":[0,0,0],"y":[0,0,0]}},{"s":[81.171,81.171,100],"t":4,"i":{"x":[1,1,1],"y":[1,1,1]},"o":{"x":[0,0,0],"y":[0,0,0]}},{"s":[96.683,96.683,100],"t":5,"i":{"x":[1,1,1],"y":[1,1,1]},"o":{"x":[0,0,0],"y":[0,0,0]}},{"s":[108.129,108.129,100],"t":6,"i":{"x":[1,1,1],"y":[1,1,1]},"o":{"x":[0,0,0],"y":[0,0,0]}},{"s":[115.531,115.531,100],"t":7,"i":{"x":[1,1,1],"y":[1,1,1]},"o":{"x":[0,0,0],"y":[0,0,0]}},{"s":[119.305,119.305,100],"t":8,"i":{"x":[1,1,1],"y":[1,1,1]},"o":{"x":[0,0,0],"y":[0,0,0]}},{"s":[120.107,120.107,100],"t":9,"i":{"x":[1,1,1],"y":[1,1,1]},"o":{"x":[0,0,0],"y":[0,0,0]}},{"s":[118.7,118.7,100],"t":10,"i":{"x":[1,1,1],"y":[1,1,1]},"o":{"x":[0,0,0],"y":[0,0,0]}},{"s":[115.847,115.847,100],"t":11,"i":{"x":[1,1,1],"y":[1,1,1]},"o":{"x":[0,0,0],"y":[0,0,0]}},{"s":[112.24,112.24,100],"t":12,"i":{"x":[1,1,1],"y":[1,1,1]},"o":{"x":[0,0,0],"y":[0,0,0]}},{"s":[108.447,108.447,100],"t":13,"i":{"x":[1,1,1],"y":[1,1,1]},"o":{"x":[0,0,0],"y":[0,0,0]}},{"s":[104.896,104.896,100],"t":14,"i":{"x":[1,1,1],"y":[1,1,1]},"o":{"x":[0,0,0],"y":[0,0,0]}},{"s":[101.868,101.868,100],"t":15,"i":{"x":[1,1,1],"y":[1,1,1]},"o":{"x":[0,0,0],"y":[0,0,0]}},{"s":[99.513,99.513,100],"t":16,"i":{"x":[1,1,1],"y":[1,1,1]},"o":{"x":[0,0,0],"y":[0,0,0]}},{"s":[97.874,97.874,100],"t":17,"i":{"x":[1,1,1],"y":[1,1,1]},"o":{"x":[0,0,0],"y":[0,0,0]}},{"s":[96.908,96.908,100],"t":18,"i":{"x":[1,1,1],"y":[1,1,1]},"o":{"x":[0,0,0],"y":[0,0,0]}},{"s":[96.521,96.521,100],"t":19,"i":{"x":[1,1,1],"y":[1,1,1]},"o":{"x":[0,0,0],"y":[0,0,0]}},{"s":[96.586,96.586,100],"t":20,"i":{"x":[1,1,1],"y":[1,1,1]},"o":{"x":[0,0,0],"y":[0,0,0]}},{"s":[96.97,96.97,100],"t":21,"i":{"x":[1,1,1],"y":[1,1,1]},"o":{"x":[0,0,0],"y":[0,0,0]}},{"s":[97.543,97.543,100],"t":22,"i":{"x":[1,1,1],"y":[1,1,1]},"o":{"x":[0,0,0],"y":[0,0,0]}},{"s":[98.197,98.197,100],"t":23,"i":{"x":[1,1,1],"y":[1,1,1]},"o":{"x":[0,0,0],"y":[0,0,0]}},{"s":[98.843,98.843,100],"t":24,"i":{"x":[1,1,1],"y":[1,1,1]},"o":{"x":[0,0,0],"y":[0,0,0]}},{"s":[99.42,99.42,100],"t":25,"i":{"x":[1,1,1],"y":[1,1,1]},"o":{"x":[0,0,0],"y":[0,0,0]}},{"s":[99.891,99.891,100],"t":26,"i":{"x":[1,1,1],"y":[1,1,1]},"o":{"x":[0,0,0],"y":[0,0,0]}},{"s":[100.239,100.239,100],"t":27,"i":{"x":[1,1,1],"y":[1,1,1]},"o":{"x":[0,0,0],"y":[0,0,0]}},{"s":[100.465,100.465,100],"t":28,"i":{"x":[1,1,1],"y":[1,1,1]},"o":{"x":[0,0,0],"y":[0,0,0]}},{"s":[100.582,100.582,100],"t":29,"i":{"x":[1,1,1],"y":[1,1,1]},"o":{"x":[0,0,0],"y":[0,0,0]}},{"s":[100.566,100.566,100],"t":31,"i":{"x":[1,1,1],"y":[1,1,1]},"o":{"x":[0,0,0],"y":[0,0,0]}},{"s":[100.481,100.481,100],"t":32,"i":{"x":[1,1,1],"y":[1,1,1]},"o":{"x":[0,0,0],"y":[0,0,0]}},{"s":[100.372,100.372,100],"t":33,"i":{"x":[1,1,1],"y":[1,1,1]},"o":{"x":[0,0,0],"y":[0,0,0]}},{"s":[100.246,100.246,100],"t":34,"i":{"x":[1,1,1],"y":[1,1,1]},"o":{"x":[0,0,0],"y":[0,0,0]}},{"s":[100.126,100.126,100],"t":35,"i":{"x":[1,1,1],"y":[1,1,1]},"o":{"x":[0,0,0],"y":[0,0,0]}},{"s":[100.042,100.042,100],"t":36,"i":{"x":[1,1,1],"y":[1,1,1]},"o":{"x":[0,0,0],"y":[0,0,0]}}],"l":2}},"ao":0,"ef":[{"ty":5,"nm":"AC IN [NWX] Controls","np":4,"mn":"Pseudo/MHAC PrCtrl NWX 10","ix":1,"en":1,"ef":[{"ty":0,"nm":"Number of bounces","mn":"Pseudo/MHAC PrCtrl NWX 10-0001","ix":1,"v":{"a":0,"k":2,"ix":1}},{"ty":0,"nm":"Scale","mn":"Pseudo/MHAC PrCtrl NWX 10-0002","ix":2,"v":{"a":0,"k":0,"ix":2}}]},{"ty":5,"nm":"AC FX [QJF] Controls","np":8,"mn":"Pseudo/MHAC PrCtrl QJF 9","ix":2,"en":1,"ef":[{"ty":0,"nm":"Intensity","mn":"Pseudo/MHAC PrCtrl QJF 9-0001","ix":1,"v":{"a":0,"k":2,"ix":1}},{"ty":3,"nm":"XY Motion Range","mn":"Pseudo/MHAC PrCtrl QJF 9-0002","ix":2,"v":{"a":0,"k":[150,150],"ix":2}},{"ty":0,"nm":"X Frequency","mn":"Pseudo/MHAC PrCtrl QJF 9-0003","ix":3,"v":{"a":0,"k":6,"ix":3}},{"ty":0,"nm":"Y Frequency","mn":"Pseudo/MHAC PrCtrl QJF 9-0004","ix":4,"v":{"a":0,"k":6,"ix":4}},{"ty":0,"nm":"X Time Offset","mn":"Pseudo/MHAC PrCtrl QJF 9-0005","ix":5,"v":{"a":0,"k":0,"ix":5}},{"ty":0,"nm":"Y Time Offset","mn":"Pseudo/MHAC PrCtrl QJF 9-0006","ix":6,"v":{"a":0,"k":5,"ix":6}}]}],"w":800,"h":800,"ip":0,"op":600,"st":0,"bm":0},{"ddd":0,"ind":2,"ty":6,"nm":"Hollow_Pop_03.wav","cl":"wav","refId":"audio_0","sr":1,"ip":3,"op":11.645625,"st":3,"bm":0}],"markers":[],"props":{}}