{"v":"5.12.1","fr":60,"ip":0,"op":600,"w":1080,"h":1920,"nm":"centred_two_sticker_popup_compare_a1","ddd":0,"assets":[{"id":"a_1","w":1920,"h":1920,"u":"images/","p":"a_1.png","e":0},{"id":"audio_0","u":"images/","p":"Hollow_Pop_01.wav","e":0,"t":2},{"id":"comp_0","nm":"a_1","fr":60,"layers":[{"ddd":0,"ind":2,"ty":2,"nm":"a_1","refId":"a_1","sr":1,"ks":{"o":{"a":0,"k":100,"ix":11},"r":{"a":0,"k":0,"ix":10},"p":{"a":0,"k":[400,400,0],"ix":2,"l":2},"a":{"a":0,"k":[960,960,0],"ix":1,"l":2},"s":{"a":0,"k":[41.667,41.667,100],"ix":6,"l":2}},"ao":0,"ip":0,"op":600,"st":0,"bm":0}]}],"layers":[{"ddd":0,"ind":1,"ty":0,"nm":"a_1","refId":"comp_0","sr":1,"ks":{"o":{"a":0,"k":100,"ix":11},"r":{"a":0,"k":0,"ix":10},"p":{"k":[{"s":[542.985,553.134,0],"t":1,"i":{"x":1,"y":1},"o":{"x":0,"y":0}},{"s":[542.866,553.663,0],"t":3,"i":{"x":1,"y":1},"o":{"x":0,"y":0}},{"s":[542.633,554.126,0],"t":5,"i":{"x":1,"y":1},"o":{"x":0,"y":0}},{"s":[542.09,554.657,0],"t":8,"i":{"x":1,"y":1},"o":{"x":0,"y":0}},{"s":[541.621,554.881,0],"t":10,"i":{"x":1,"y":1},"o":{"x":0,"y":0}},{"s":[541.087,554.99,0],"t":12,"i":{"x":1,"y":1},"o":{"x":0,"y":0}},{"s":[540.802,555,0],"t":13,"i":{"x":1,"y":1},"o":{"x":0,"y":0}},{"s":[540.51,554.98,0],"t":14,"i":{"x":1,"y":1},"o":{"x":0,"y":0}},{"s":[540.212,554.93,0],"t":15,"i":{"x":1,"y":1},"o":{"x":0,"y":0}},{"s":[539.912,554.851,0],"t":16,"i":{"x":1,"y":1},"o":{"x":0,"y":0}},{"s":[539.613,554.743,0],"t":17,"i":{"x":1,"y":1},"o":{"x":0,"y":0}},{"s":[539.318,554.608,0],"t":18,"i":{"x":1,"y":1},"o":{"x":0,"y":0}},{"s":[539.03,554.447,0],"t":19,"i":{"x":1,"y":1},"o":{"x":0,"y":0}},{"s":[538.752,554.262,0],"t":20,"i":{"x":1,"y":1},"o":{"x":0,"y":0}},{"s":[538.234,553.825,0],"t":22,"i":{"x":1,"y":1},"o":{"x":0,"y":0}},{"s":[537.788,553.316,0],"t":24,"i":{"x":1,"y":1},"o":{"x":0,"y":0}},{"s":[537.597,553.04,0],"t":25,"i":{"x":1,"y":1},"o":{"x":0,"y":0}},{"s":[537.429,552.754,0],"t":26,"i":{"x":1,"y":1},"o":{"x":0,"y":0}},{"s":[537.288,552.46,0],"t":27,"i":{"x":1,"y":1},"o":{"x":0,"y":0}},{"s":[537.173,552.162,0],"t":28,"i":{"x":1,"y":1},"o":{"x":0,"y":0}},{"s":[537.087,551.862,0],"t":29,"i":{"x":1,"y":1},"o":{"x":0,"y":0}},{"s":[537.03,551.563,0],"t":30,"i":{"x":1,"y":1},"o":{"x":0,"y":0}},{"s":[537.003,551.269,0],"t":31,"i":{"x":1,"y":1},"o":{"x":0,"y":0}},{"s":[537.005,550.983,0],"t":32,"i":{"x":1,"y":1},"o":{"x":0,"y":0}},{"s":[537.1,550.442,0],"t":34,"i":{"x":1,"y":1},"o":{"x":0,"y":0}},{"s":[537.31,549.964,0],"t":36,"i":{"x":1,"y":1},"o":{"x":0,"y":0}},{"s":[537.627,549.567,0],"t":38,"i":{"x":1,"y":1},"o":{"x":0,"y":0}},{"s":[538.039,549.267,0],"t":40,"i":{"x":1,"y":1},"o":{"x":0,"y":0}},{"s":[538.529,549.075,0],"t":42,"i":{"x":1,"y":1},"o":{"x":0,"y":0}},{"s":[538.798,549.023,0],"t":43,"i":{"x":1,"y":1},"o":{"x":0,"y":0}},{"s":[539.078,549.001,0],"t":44,"i":{"x":1,"y":1},"o":{"x":0,"y":0}},{"s":[539.368,549.008,0],"t":45,"i":{"x":1,"y":1},"o":{"x":0,"y":0}},{"s":[539.664,549.046,0],"t":46,"i":{"x":1,"y":1},"o":{"x":0,"y":0}},{"s":[539.963,549.113,0],"t":47,"i":{"x":1,"y":1},"o":{"x":0,"y":0}},{"s":[540.262,549.209,0],"t":48,"i":{"x":1,"y":1},"o":{"x":0,"y":0}},{"s":[540.56,549.332,0],"t":49,"i":{"x":1,"y":1},"o":{"x":0,"y":0}},{"s":[540.851,549.483,0],"t":50,"i":{"x":1,"y":1},"o":{"x":0,"y":0}},{"s":[541.134,549.658,0],"t":51,"i":{"x":1,"y":1},"o":{"x":0,"y":0}},{"s":[541.663,550.078,0],"t":53,"i":{"x":1,"y":1},"o":{"x":0,"y":0}},{"s":[542.126,550.573,0],"t":55,"i":{"x":1,"y":1},"o":{"x":0,"y":0}},{"s":[542.327,550.844,0],"t":56,"i":{"x":1,"y":1},"o":{"x":0,"y":0}},{"s":[542.504,551.126,0],"t":57,"i":{"x":1,"y":1},"o":{"x":0,"y":0}},{"s":[542.657,551.417,0],"t":58,"i":{"x":1,"y":1},"o":{"x":0,"y":0}},{"s":[542.782,551.714,0],"t":59,"i":{"x":1,"y":1},"o":{"x":0,"y":0}},{"s":[542.881,552.013,0],"t":60,"i":{"x":1,"y":1},"o":{"x":0,"y":0}},{"s":[542.95,552.313,0],"t":61,"i":{"x":1,"y":1},"o":{"x":0,"y":0}},{"s":[542.99,552.609,0],"t":62,"i":{"x":1,"y":1},"o":{"x":0,"y":0}},{"s":[543,552.899,0],"t":63,"i":{"x":1,"y":1},"o":{"x":0,"y":0}},{"s":[542.93,553.45,0],"t":65,"i":{"x":1,"y":1},"o":{"x":0,"y":0}},{"s":[542.743,553.943,0],"t":67,"i":{"x":1,"y":1},"o":{"x":0,"y":0}},{"s":[542.447,554.358,0],"t":69,"i":{"x":1,"y":1},"o":{"x":0,"y":0}},{"s":[542.054,554.68,0],"t":71,"i":{"x":1,"y":1},"o":{"x":0,"y":0}},{"s":[541.578,554.894,0],"t":73,"i":{"x":1,"y":1},"o":{"x":0,"y":0}},{"s":[541.04,554.993,0],"t":75,"i":{"x":1,"y":1},"o":{"x":0,"y":0}},{"s":[540.754,554.998,0],"t":76,"i":{"x":1,"y":1},"o":{"x":0,"y":0}},{"s":[540.46,554.973,0],"t":77,"i":{"x":1,"y":1},"o":{"x":0,"y":0}},{"s":[540.162,554.918,0],"t":78,"i":{"x":1,"y":1},"o":{"x":0,"y":0}},{"s":[539.862,554.835,0],"t":79,"i":{"x":1,"y":1},"o":{"x":0,"y":0}},{"s":[539.563,554.722,0],"t":80,"i":{"x":1,"y":1},"o":{"x":0,"y":0}},{"s":[539.269,554.583,0],"t":81,"i":{"x":1,"y":1},"o":{"x":0,"y":0}},{"s":[538.983,554.418,0],"t":82,"i":{"x":1,"y":1},"o":{"x":0,"y":0}},{"s":[538.706,554.228,0],"t":83,"i":{"x":1,"y":1},"o":{"x":0,"y":0}},{"s":[538.194,553.785,0],"t":85,"i":{"x":1,"y":1},"o":{"x":0,"y":0}},{"s":[537.754,553.27,0],"t":87,"i":{"x":1,"y":1},"o":{"x":0,"y":0}},{"s":[537.567,552.992,0],"t":88,"i":{"x":1,"y":1},"o":{"x":0,"y":0}},{"s":[537.404,552.705,0],"t":89,"i":{"x":1,"y":1},"o":{"x":0,"y":0}},{"s":[537.267,552.41,0],"t":90,"i":{"x":1,"y":1},"o":{"x":0,"y":0}},{"s":[537.157,552.111,0],"t":91,"i":{"x":1,"y":1},"o":{"x":0,"y":0}},{"s":[537.075,551.812,0],"t":92,"i":{"x":1,"y":1},"o":{"x":0,"y":0}},{"s":[537.023,551.514,0],"t":93,"i":{"x":1,"y":1},"o":{"x":0,"y":0}},{"s":[537.001,551.221,0],"t":94,"i":{"x":1,"y":1},"o":{"x":0,"y":0}},{"s":[537.008,550.935,0],"t":95,"i":{"x":1,"y":1},"o":{"x":0,"y":0}},{"s":[537.113,550.399,0],"t":97,"i":{"x":1,"y":1},"o":{"x":0,"y":0}},{"s":[537.332,549.927,0],"t":99,"i":{"x":1,"y":1},"o":{"x":0,"y":0}},{"s":[537.857,549.379,0],"t":102,"i":{"x":1,"y":1},"o":{"x":0,"y":0}},{"s":[538.317,549.141,0],"t":104,"i":{"x":1,"y":1},"o":{"x":0,"y":0}},{"s":[538.844,549.017,0],"t":106,"i":{"x":1,"y":1},"o":{"x":0,"y":0}},{"s":[539.126,549,0],"t":107,"i":{"x":1,"y":1},"o":{"x":0,"y":0}},{"s":[539.417,549.013,0],"t":108,"i":{"x":1,"y":1},"o":{"x":0,"y":0}},{"s":[539.714,549.055,0],"t":109,"i":{"x":1,"y":1},"o":{"x":0,"y":0}},{"s":[540.013,549.127,0],"t":110,"i":{"x":1,"y":1},"o":{"x":0,"y":0}},{"s":[540.313,549.228,0],"t":111,"i":{"x":1,"y":1},"o":{"x":0,"y":0}},{"s":[540.609,549.356,0],"t":112,"i":{"x":1,"y":1},"o":{"x":0,"y":0}},{"s":[540.899,549.511,0],"t":113,"i":{"x":1,"y":1},"o":{"x":0,"y":0}},{"s":[541.18,549.69,0],"t":114,"i":{"x":1,"y":1},"o":{"x":0,"y":0}},{"s":[541.705,550.117,0],"t":116,"i":{"x":1,"y":1},"o":{"x":0,"y":0}},{"s":[542.161,550.618,0],"t":118,"i":{"x":1,"y":1},"o":{"x":0,"y":0}},{"s":[542.358,550.891,0],"t":119,"i":{"x":1,"y":1},"o":{"x":0,"y":0}},{"s":[542.532,551.175,0],"t":120,"i":{"x":1,"y":1},"o":{"x":0,"y":0}},{"s":[542.68,551.467,0],"t":121,"i":{"x":1,"y":1},"o":{"x":0,"y":0}},{"s":[542.801,551.764,0],"t":122,"i":{"x":1,"y":1},"o":{"x":0,"y":0}},{"s":[542.894,552.064,0],"t":123,"i":{"x":1,"y":1},"o":{"x":0,"y":0}},{"s":[542.959,552.363,0],"t":124,"i":{"x":1,"y":1},"o":{"x":0,"y":0}},{"s":[542.993,552.658,0],"t":125,"i":{"x":1,"y":1},"o":{"x":0,"y":0}},{"s":[542.998,552.947,0],"t":126,"i":{"x":1,"y":1},"o":{"x":0,"y":0}},{"s":[542.918,553.494,0],"t":128,"i":{"x":1,"y":1},"o":{"x":0,"y":0}},{"s":[542.722,553.981,0],"t":130,"i":{"x":1,"y":1},"o":{"x":0,"y":0}},{"s":[542.418,554.389,0],"t":132,"i":{"x":1,"y":1},"o":{"x":0,"y":0}},{"s":[542.017,554.702,0],"t":134,"i":{"x":1,"y":1},"o":{"x":0,"y":0}},{"s":[541.535,554.907,0],"t":136,"i":{"x":1,"y":1},"o":{"x":0,"y":0}},{"s":[541.27,554.967,0],"t":137,"i":{"x":1,"y":1},"o":{"x":0,"y":0}},{"s":[540.992,554.996,0],"t":138,"i":{"x":1,"y":1},"o":{"x":0,"y":0}},{"s":[540.705,554.996,0],"t":139,"i":{"x":1,"y":1},"o":{"x":0,"y":0}},{"s":[540.41,554.966,0],"t":140,"i":{"x":1,"y":1},"o":{"x":0,"y":0}},{"s":[540.111,554.906,0],"t":141,"i":{"x":1,"y":1},"o":{"x":0,"y":0}},{"s":[539.812,554.818,0],"t":142,"i":{"x":1,"y":1},"o":{"x":0,"y":0}},{"s":[539.514,554.701,0],"t":143,"i":{"x":1,"y":1},"o":{"x":0,"y":0}},{"s":[539.221,554.557,0],"t":144,"i":{"x":1,"y":1},"o":{"x":0,"y":0}},{"s":[538.935,554.387,0],"t":145,"i":{"x":1,"y":1},"o":{"x":0,"y":0}},{"s":[538.399,553.979,0],"t":147,"i":{"x":1,"y":1},"o":{"x":0,"y":0}},{"s":[537.927,553.492,0],"t":149,"i":{"x":1,"y":1},"o":{"x":0,"y":0}},{"s":[537.538,552.945,0],"t":151,"i":{"x":1,"y":1},"o":{"x":0,"y":0}},{"s":[537.379,552.656,0],"t":152,"i":{"x":1,"y":1},"o":{"x":0,"y":0}},{"s":[537.246,552.36,0],"t":153,"i":{"x":1,"y":1},"o":{"x":0,"y":0}},{"s":[537.141,552.061,0],"t":154,"i":{"x":1,"y":1},"o":{"x":0,"y":0}},{"s":[537.065,551.761,0],"t":155,"i":{"x":1,"y":1},"o":{"x":0,"y":0}},{"s":[537.017,551.464,0],"t":156,"i":{"x":1,"y":1},"o":{"x":0,"y":0}},{"s":[537,551.172,0],"t":157,"i":{"x":1,"y":1},"o":{"x":0,"y":0}},{"s":[537.013,550.888,0],"t":158,"i":{"x":1,"y":1},"o":{"x":0,"y":0}},{"s":[537.127,550.357,0],"t":160,"i":{"x":1,"y":1},"o":{"x":0,"y":0}},{"s":[537.356,549.891,0],"t":162,"i":{"x":1,"y":1},"o":{"x":0,"y":0}},{"s":[537.893,549.355,0],"t":165,"i":{"x":1,"y":1},"o":{"x":0,"y":0}},{"s":[538.359,549.126,0],"t":167,"i":{"x":1,"y":1},"o":{"x":0,"y":0}},{"s":[538.891,549.012,0],"t":169,"i":{"x":1,"y":1},"o":{"x":0,"y":0}},{"s":[539.175,549,0],"t":170,"i":{"x":1,"y":1},"o":{"x":0,"y":0}},{"s":[539.467,549.018,0],"t":171,"i":{"x":1,"y":1},"o":{"x":0,"y":0}},{"s":[539.764,549.065,0],"t":172,"i":{"x":1,"y":1},"o":{"x":0,"y":0}},{"s":[540.064,549.142,0],"t":173,"i":{"x":1,"y":1},"o":{"x":0,"y":0}},{"s":[540.363,549.247,0],"t":174,"i":{"x":1,"y":1},"o":{"x":0,"y":0}},{"s":[540.658,549.38,0],"t":175,"i":{"x":1,"y":1},"o":{"x":0,"y":0}},{"s":[540.947,549.539,0],"t":176,"i":{"x":1,"y":1},"o":{"x":0,"y":0}},{"s":[541.227,549.723,0],"t":177,"i":{"x":1,"y":1},"o":{"x":0,"y":0}},{"s":[541.746,550.156,0],"t":179,"i":{"x":1,"y":1},"o":{"x":0,"y":0}},{"s":[542.196,550.663,0],"t":181,"i":{"x":1,"y":1},"o":{"x":0,"y":0}},{"s":[542.389,550.938,0],"t":182,"i":{"x":1,"y":1},"o":{"x":0,"y":0}},{"s":[542.558,551.223,0],"t":183,"i":{"x":1,"y":1},"o":{"x":0,"y":0}},{"s":[542.702,551.516,0],"t":184,"i":{"x":1,"y":1},"o":{"x":0,"y":0}},{"s":[542.819,551.814,0],"t":185,"i":{"x":1,"y":1},"o":{"x":0,"y":0}},{"s":[542.907,552.114,0],"t":186,"i":{"x":1,"y":1},"o":{"x":0,"y":0}},{"s":[542.967,552.413,0],"t":187,"i":{"x":1,"y":1},"o":{"x":0,"y":0}},{"s":[542.996,552.707,0],"t":188,"i":{"x":1,"y":1},"o":{"x":0,"y":0}},{"s":[542.996,552.995,0],"t":189,"i":{"x":1,"y":1},"o":{"x":0,"y":0}},{"s":[542.906,553.537,0],"t":191,"i":{"x":1,"y":1},"o":{"x":0,"y":0}},{"s":[542.701,554.019,0],"t":193,"i":{"x":1,"y":1},"o":{"x":0,"y":0}},{"s":[542.387,554.419,0],"t":195,"i":{"x":1,"y":1},"o":{"x":0,"y":0}},{"s":[541.979,554.723,0],"t":197,"i":{"x":1,"y":1},"o":{"x":0,"y":0}},{"s":[541.492,554.919,0],"t":199,"i":{"x":1,"y":1},"o":{"x":0,"y":0}},{"s":[541.224,554.974,0],"t":200,"i":{"x":1,"y":1},"o":{"x":0,"y":0}},{"s":[540.945,554.998,0],"t":201,"i":{"x":1,"y":1},"o":{"x":0,"y":0}},{"s":[540.656,554.993,0],"t":202,"i":{"x":1,"y":1},"o":{"x":0,"y":0}},{"s":[540.36,554.958,0],"t":203,"i":{"x":1,"y":1},"o":{"x":0,"y":0}},{"s":[540.061,554.893,0],"t":204,"i":{"x":1,"y":1},"o":{"x":0,"y":0}},{"s":[539.761,554.8,0],"t":205,"i":{"x":1,"y":1},"o":{"x":0,"y":0}},{"s":[539.464,554.678,0],"t":206,"i":{"x":1,"y":1},"o":{"x":0,"y":0}},{"s":[539.172,554.53,0],"t":207,"i":{"x":1,"y":1},"o":{"x":0,"y":0}},{"s":[538.888,554.357,0],"t":208,"i":{"x":1,"y":1},"o":{"x":0,"y":0}},{"s":[538.357,553.941,0],"t":210,"i":{"x":1,"y":1},"o":{"x":0,"y":0}},{"s":[537.891,553.448,0],"t":212,"i":{"x":1,"y":1},"o":{"x":0,"y":0}},{"s":[537.509,552.897,0],"t":214,"i":{"x":1,"y":1},"o":{"x":0,"y":0}},{"s":[537.355,552.606,0],"t":215,"i":{"x":1,"y":1},"o":{"x":0,"y":0}},{"s":[537.227,552.31,0],"t":216,"i":{"x":1,"y":1},"o":{"x":0,"y":0}},{"s":[537.126,552.011,0],"t":217,"i":{"x":1,"y":1},"o":{"x":0,"y":0}},{"s":[537.055,551.711,0],"t":218,"i":{"x":1,"y":1},"o":{"x":0,"y":0}},{"s":[537.012,551.414,0],"t":219,"i":{"x":1,"y":1},"o":{"x":0,"y":0}},{"s":[537,551.124,0],"t":220,"i":{"x":1,"y":1},"o":{"x":0,"y":0}},{"s":[537.018,550.842,0],"t":221,"i":{"x":1,"y":1},"o":{"x":0,"y":0}},{"s":[537.142,550.315,0],"t":223,"i":{"x":1,"y":1},"o":{"x":0,"y":0}},{"s":[537.38,549.855,0],"t":225,"i":{"x":1,"y":1},"o":{"x":0,"y":0}},{"s":[537.723,549.481,0],"t":227,"i":{"x":1,"y":1},"o":{"x":0,"y":0}},{"s":[538.156,549.208,0],"t":229,"i":{"x":1,"y":1},"o":{"x":0,"y":0}},{"s":[538.663,549.045,0],"t":231,"i":{"x":1,"y":1},"o":{"x":0,"y":0}},{"s":[538.938,549.008,0],"t":232,"i":{"x":1,"y":1},"o":{"x":0,"y":0}},{"s":[539.223,549.001,0],"t":233,"i":{"x":1,"y":1},"o":{"x":0,"y":0}},{"s":[539.516,549.024,0],"t":234,"i":{"x":1,"y":1},"o":{"x":0,"y":0}},{"s":[539.814,549.076,0],"t":235,"i":{"x":1,"y":1},"o":{"x":0,"y":0}},{"s":[540.114,549.158,0],"t":236,"i":{"x":1,"y":1},"o":{"x":0,"y":0}},{"s":[540.413,549.268,0],"t":237,"i":{"x":1,"y":1},"o":{"x":0,"y":0}},{"s":[540.707,549.405,0],"t":238,"i":{"x":1,"y":1},"o":{"x":0,"y":0}},{"s":[540.995,549.568,0],"t":239,"i":{"x":1,"y":1},"o":{"x":0,"y":0}},{"s":[541.273,549.756,0],"t":240,"i":{"x":1,"y":1},"o":{"x":0,"y":0}},{"s":[541.787,550.196,0],"t":242,"i":{"x":1,"y":1},"o":{"x":0,"y":0}},{"s":[542.23,550.708,0],"t":244,"i":{"x":1,"y":1},"o":{"x":0,"y":0}},{"s":[542.419,550.985,0],"t":245,"i":{"x":1,"y":1},"o":{"x":0,"y":0}},{"s":[542.584,551.272,0],"t":246,"i":{"x":1,"y":1},"o":{"x":0,"y":0}},{"s":[542.723,551.566,0],"t":247,"i":{"x":1,"y":1},"o":{"x":0,"y":0}},{"s":[542.835,551.865,0],"t":248,"i":{"x":1,"y":1},"o":{"x":0,"y":0}},{"s":[542.919,552.165,0],"t":249,"i":{"x":1,"y":1},"o":{"x":0,"y":0}},{"s":[542.974,552.463,0],"t":250,"i":{"x":1,"y":1},"o":{"x":0,"y":0}},{"s":[542.998,552.756,0],"t":251,"i":{"x":1,"y":1},"o":{"x":0,"y":0}},{"s":[542.993,553.042,0],"t":252,"i":{"x":1,"y":1},"o":{"x":0,"y":0}},{"s":[542.893,553.58,0],"t":254,"i":{"x":1,"y":1},"o":{"x":0,"y":0}},{"s":[542.678,554.056,0],"t":256,"i":{"x":1,"y":1},"o":{"x":0,"y":0}},{"s":[542.159,554.61,0],"t":259,"i":{"x":1,"y":1},"o":{"x":0,"y":0}},{"s":[541.703,554.852,0],"t":261,"i":{"x":1,"y":1},"o":{"x":0,"y":0}},{"s":[541.178,554.98,0],"t":263,"i":{"x":1,"y":1},"o":{"x":0,"y":0}},{"s":[540.897,555,0],"t":264,"i":{"x":1,"y":1},"o":{"x":0,"y":0}},{"s":[540.606,554.989,0],"t":265,"i":{"x":1,"y":1},"o":{"x":0,"y":0}},{"s":[540.31,554.949,0],"t":266,"i":{"x":1,"y":1},"o":{"x":0,"y":0}},{"s":[540.011,554.88,0],"t":267,"i":{"x":1,"y":1},"o":{"x":0,"y":0}},{"s":[539.711,554.781,0],"t":268,"i":{"x":1,"y":1},"o":{"x":0,"y":0}},{"s":[539.414,554.655,0],"t":269,"i":{"x":1,"y":1},"o":{"x":0,"y":0}},{"s":[539.124,554.503,0],"t":270,"i":{"x":1,"y":1},"o":{"x":0,"y":0}},{"s":[538.842,554.325,0],"t":271,"i":{"x":1,"y":1},"o":{"x":0,"y":0}},{"s":[538.315,553.902,0],"t":273,"i":{"x":1,"y":1},"o":{"x":0,"y":0}},{"s":[537.855,553.403,0],"t":275,"i":{"x":1,"y":1},"o":{"x":0,"y":0}},{"s":[537.657,553.131,0],"t":276,"i":{"x":1,"y":1},"o":{"x":0,"y":0}},{"s":[537.481,552.848,0],"t":277,"i":{"x":1,"y":1},"o":{"x":0,"y":0}},{"s":[537.331,552.557,0],"t":278,"i":{"x":1,"y":1},"o":{"x":0,"y":0}},{"s":[537.208,552.26,0],"t":279,"i":{"x":1,"y":1},"o":{"x":0,"y":0}},{"s":[537.112,551.96,0],"t":280,"i":{"x":1,"y":1},"o":{"x":0,"y":0}},{"s":[537.045,551.661,0],"t":281,"i":{"x":1,"y":1},"o":{"x":0,"y":0}},{"s":[537.008,551.365,0],"t":282,"i":{"x":1,"y":1},"o":{"x":0,"y":0}},{"s":[537.001,551.075,0],"t":283,"i":{"x":1,"y":1},"o":{"x":0,"y":0}},{"s":[537.076,550.527,0],"t":285,"i":{"x":1,"y":1},"o":{"x":0,"y":0}},{"s":[537.268,550.037,0],"t":287,"i":{"x":1,"y":1},"o":{"x":0,"y":0}},{"s":[537.568,549.625,0],"t":289,"i":{"x":1,"y":1},"o":{"x":0,"y":0}},{"s":[537.966,549.309,0],"t":291,"i":{"x":1,"y":1},"o":{"x":0,"y":0}},{"s":[538.444,549.099,0],"t":293,"i":{"x":1,"y":1},"o":{"x":0,"y":0}},{"s":[538.708,549.037,0],"t":294,"i":{"x":1,"y":1},"o":{"x":0,"y":0}},{"s":[538.985,549.005,0],"t":295,"i":{"x":1,"y":1},"o":{"x":0,"y":0}},{"s":[539.272,549.003,0],"t":296,"i":{"x":1,"y":1},"o":{"x":0,"y":0}},{"s":[539.566,549.03,0],"t":297,"i":{"x":1,"y":1},"o":{"x":0,"y":0}},{"s":[539.865,549.088,0],"t":298,"i":{"x":1,"y":1},"o":{"x":0,"y":0}},{"s":[540.165,549.174,0],"t":299,"i":{"x":1,"y":1},"o":{"x":0,"y":0}},{"s":[540.463,549.289,0],"t":300,"i":{"x":1,"y":1},"o":{"x":0,"y":0}},{"s":[540.756,549.431,0],"t":301,"i":{"x":1,"y":1},"o":{"x":0,"y":0}},{"s":[541.042,549.598,0],"t":302,"i":{"x":1,"y":1},"o":{"x":0,"y":0}},{"s":[541.58,550.003,0],"t":304,"i":{"x":1,"y":1},"o":{"x":0,"y":0}},{"s":[542.056,550.488,0],"t":306,"i":{"x":1,"y":1},"o":{"x":0,"y":0}},{"s":[542.449,551.033,0],"t":308,"i":{"x":1,"y":1},"o":{"x":0,"y":0}},{"s":[542.61,551.321,0],"t":309,"i":{"x":1,"y":1},"o":{"x":0,"y":0}},{"s":[542.744,551.616,0],"t":310,"i":{"x":1,"y":1},"o":{"x":0,"y":0}},{"s":[542.852,551.915,0],"t":311,"i":{"x":1,"y":1},"o":{"x":0,"y":0}},{"s":[542.93,552.215,0],"t":312,"i":{"x":1,"y":1},"o":{"x":0,"y":0}},{"s":[542.98,552.513,0],"t":313,"i":{"x":1,"y":1},"o":{"x":0,"y":0}},{"s":[543,552.805,0],"t":314,"i":{"x":1,"y":1},"o":{"x":0,"y":0}},{"s":[542.989,553.09,0],"t":315,"i":{"x":1,"y":1},"o":{"x":0,"y":0}},{"s":[542.88,553.623,0],"t":317,"i":{"x":1,"y":1},"o":{"x":0,"y":0}},{"s":[542.655,554.092,0],"t":319,"i":{"x":1,"y":1},"o":{"x":0,"y":0}},{"s":[542.124,554.634,0],"t":322,"i":{"x":1,"y":1},"o":{"x":0,"y":0}},{"s":[541.661,554.867,0],"t":324,"i":{"x":1,"y":1},"o":{"x":0,"y":0}},{"s":[541.131,554.985,0],"t":326,"i":{"x":1,"y":1},"o":{"x":0,"y":0}},{"s":[540.848,555,0],"t":327,"i":{"x":1,"y":1},"o":{"x":0,"y":0}},{"s":[540.557,554.985,0],"t":328,"i":{"x":1,"y":1},"o":{"x":0,"y":0}},{"s":[540.26,554.94,0],"t":329,"i":{"x":1,"y":1},"o":{"x":0,"y":0}},{"s":[539.96,554.865,0],"t":330,"i":{"x":1,"y":1},"o":{"x":0,"y":0}},{"s":[539.661,554.762,0],"t":331,"i":{"x":1,"y":1},"o":{"x":0,"y":0}},{"s":[539.365,554.631,0],"t":332,"i":{"x":1,"y":1},"o":{"x":0,"y":0}},{"s":[539.075,554.475,0],"t":333,"i":{"x":1,"y":1},"o":{"x":0,"y":0}},{"s":[538.795,554.293,0],"t":334,"i":{"x":1,"y":1},"o":{"x":0,"y":0}},{"s":[538.273,553.863,0],"t":336,"i":{"x":1,"y":1},"o":{"x":0,"y":0}},{"s":[537.82,553.358,0],"t":338,"i":{"x":1,"y":1},"o":{"x":0,"y":0}},{"s":[537.625,553.085,0],"t":339,"i":{"x":1,"y":1},"o":{"x":0,"y":0}},{"s":[537.454,552.8,0],"t":340,"i":{"x":1,"y":1},"o":{"x":0,"y":0}},{"s":[537.309,552.507,0],"t":341,"i":{"x":1,"y":1},"o":{"x":0,"y":0}},{"s":[537.19,552.21,0],"t":342,"i":{"x":1,"y":1},"o":{"x":0,"y":0}},{"s":[537.099,551.91,0],"t":343,"i":{"x":1,"y":1},"o":{"x":0,"y":0}},{"s":[537.037,551.611,0],"t":344,"i":{"x":1,"y":1},"o":{"x":0,"y":0}},{"s":[537.005,551.316,0],"t":345,"i":{"x":1,"y":1},"o":{"x":0,"y":0}},{"s":[537.003,551.028,0],"t":346,"i":{"x":1,"y":1},"o":{"x":0,"y":0}},{"s":[537.088,550.483,0],"t":348,"i":{"x":1,"y":1},"o":{"x":0,"y":0}},{"s":[537.289,549.999,0],"t":350,"i":{"x":1,"y":1},"o":{"x":0,"y":0}},{"s":[537.598,549.595,0],"t":352,"i":{"x":1,"y":1},"o":{"x":0,"y":0}},{"s":[538.003,549.287,0],"t":354,"i":{"x":1,"y":1},"o":{"x":0,"y":0}},{"s":[538.488,549.086,0],"t":356,"i":{"x":1,"y":1},"o":{"x":0,"y":0}},{"s":[538.754,549.03,0],"t":357,"i":{"x":1,"y":1},"o":{"x":0,"y":0}},{"s":[539.033,549.002,0],"t":358,"i":{"x":1,"y":1},"o":{"x":0,"y":0}},{"s":[539.321,549.005,0],"t":359,"i":{"x":1,"y":1},"o":{"x":0,"y":0}},{"s":[539.616,549.038,0],"t":360,"i":{"x":1,"y":1},"o":{"x":0,"y":0}},{"s":[539.915,549.1,0],"t":361,"i":{"x":1,"y":1},"o":{"x":0,"y":0}},{"s":[540.215,549.192,0],"t":362,"i":{"x":1,"y":1},"o":{"x":0,"y":0}},{"s":[540.513,549.311,0],"t":363,"i":{"x":1,"y":1},"o":{"x":0,"y":0}},{"s":[540.805,549.457,0],"t":364,"i":{"x":1,"y":1},"o":{"x":0,"y":0}},{"s":[541.09,549.629,0],"t":365,"i":{"x":1,"y":1},"o":{"x":0,"y":0}},{"s":[541.623,550.041,0],"t":367,"i":{"x":1,"y":1},"o":{"x":0,"y":0}},{"s":[542.092,550.532,0],"t":369,"i":{"x":1,"y":1},"o":{"x":0,"y":0}},{"s":[542.478,551.081,0],"t":371,"i":{"x":1,"y":1},"o":{"x":0,"y":0}},{"s":[542.634,551.37,0],"t":372,"i":{"x":1,"y":1},"o":{"x":0,"y":0}},{"s":[542.764,551.666,0],"t":373,"i":{"x":1,"y":1},"o":{"x":0,"y":0}},{"s":[542.867,551.965,0],"t":374,"i":{"x":1,"y":1},"o":{"x":0,"y":0}},{"s":[542.941,552.265,0],"t":375,"i":{"x":1,"y":1},"o":{"x":0,"y":0}},{"s":[542.985,552.562,0],"t":376,"i":{"x":1,"y":1},"o":{"x":0,"y":0}},{"s":[543,552.854,0],"t":377,"i":{"x":1,"y":1},"o":{"x":0,"y":0}},{"s":[542.985,553.136,0],"t":378,"i":{"x":1,"y":1},"o":{"x":0,"y":0}},{"s":[542.865,553.665,0],"t":380,"i":{"x":1,"y":1},"o":{"x":0,"y":0}},{"s":[542.631,554.128,0],"t":382,"i":{"x":1,"y":1},"o":{"x":0,"y":0}},{"s":[542.293,554.506,0],"t":384,"i":{"x":1,"y":1},"o":{"x":0,"y":0}},{"s":[541.863,554.783,0],"t":386,"i":{"x":1,"y":1},"o":{"x":0,"y":0}},{"s":[541.358,554.95,0],"t":388,"i":{"x":1,"y":1},"o":{"x":0,"y":0}},{"s":[541.085,554.99,0],"t":389,"i":{"x":1,"y":1},"o":{"x":0,"y":0}},{"s":[540.8,555,0],"t":390,"i":{"x":1,"y":1},"o":{"x":0,"y":0}},{"s":[540.507,554.979,0],"t":391,"i":{"x":1,"y":1},"o":{"x":0,"y":0}},{"s":[540.21,554.929,0],"t":392,"i":{"x":1,"y":1},"o":{"x":0,"y":0}},{"s":[539.91,554.85,0],"t":393,"i":{"x":1,"y":1},"o":{"x":0,"y":0}},{"s":[539.611,554.742,0],"t":394,"i":{"x":1,"y":1},"o":{"x":0,"y":0}},{"s":[539.316,554.607,0],"t":395,"i":{"x":1,"y":1},"o":{"x":0,"y":0}},{"s":[539.028,554.446,0],"t":396,"i":{"x":1,"y":1},"o":{"x":0,"y":0}},{"s":[538.749,554.26,0],"t":397,"i":{"x":1,"y":1},"o":{"x":0,"y":0}},{"s":[538.232,553.823,0],"t":399,"i":{"x":1,"y":1},"o":{"x":0,"y":0}},{"s":[537.786,553.313,0],"t":401,"i":{"x":1,"y":1},"o":{"x":0,"y":0}},{"s":[537.595,553.037,0],"t":402,"i":{"x":1,"y":1},"o":{"x":0,"y":0}},{"s":[537.428,552.751,0],"t":403,"i":{"x":1,"y":1},"o":{"x":0,"y":0}},{"s":[537.287,552.457,0],"t":404,"i":{"x":1,"y":1},"o":{"x":0,"y":0}},{"s":[537.172,552.159,0],"t":405,"i":{"x":1,"y":1},"o":{"x":0,"y":0}},{"s":[537.086,551.859,0],"t":406,"i":{"x":1,"y":1},"o":{"x":0,"y":0}},{"s":[537.03,551.561,0],"t":407,"i":{"x":1,"y":1},"o":{"x":0,"y":0}},{"s":[537.002,551.267,0],"t":408,"i":{"x":1,"y":1},"o":{"x":0,"y":0}},{"s":[537.005,550.98,0],"t":409,"i":{"x":1,"y":1},"o":{"x":0,"y":0}},{"s":[537.1,550.44,0],"t":411,"i":{"x":1,"y":1},"o":{"x":0,"y":0}},{"s":[537.311,549.962,0],"t":413,"i":{"x":1,"y":1},"o":{"x":0,"y":0}},{"s":[537.629,549.565,0],"t":415,"i":{"x":1,"y":1},"o":{"x":0,"y":0}},{"s":[538.041,549.266,0],"t":417,"i":{"x":1,"y":1},"o":{"x":0,"y":0}},{"s":[538.532,549.075,0],"t":419,"i":{"x":1,"y":1},"o":{"x":0,"y":0}},{"s":[538.8,549.023,0],"t":420,"i":{"x":1,"y":1},"o":{"x":0,"y":0}},{"s":[539.081,549.001,0],"t":421,"i":{"x":1,"y":1},"o":{"x":0,"y":0}},{"s":[539.37,549.009,0],"t":422,"i":{"x":1,"y":1},"o":{"x":0,"y":0}},{"s":[539.666,549.046,0],"t":423,"i":{"x":1,"y":1},"o":{"x":0,"y":0}},{"s":[539.965,549.114,0],"t":424,"i":{"x":1,"y":1},"o":{"x":0,"y":0}},{"s":[540.265,549.21,0],"t":425,"i":{"x":1,"y":1},"o":{"x":0,"y":0}},{"s":[540.562,549.334,0],"t":426,"i":{"x":1,"y":1},"o":{"x":0,"y":0}},{"s":[540.854,549.484,0],"t":427,"i":{"x":1,"y":1},"o":{"x":0,"y":0}},{"s":[541.136,549.66,0],"t":428,"i":{"x":1,"y":1},"o":{"x":0,"y":0}},{"s":[541.665,550.08,0],"t":430,"i":{"x":1,"y":1},"o":{"x":0,"y":0}},{"s":[542.128,550.576,0],"t":432,"i":{"x":1,"y":1},"o":{"x":0,"y":0}},{"s":[542.328,550.846,0],"t":433,"i":{"x":1,"y":1},"o":{"x":0,"y":0}},{"s":[542.506,551.129,0],"t":434,"i":{"x":1,"y":1},"o":{"x":0,"y":0}},{"s":[542.658,551.42,0],"t":435,"i":{"x":1,"y":1},"o":{"x":0,"y":0}},{"s":[542.783,551.716,0],"t":436,"i":{"x":1,"y":1},"o":{"x":0,"y":0}},{"s":[542.881,552.016,0],"t":437,"i":{"x":1,"y":1},"o":{"x":0,"y":0}},{"s":[542.95,552.315,0],"t":438,"i":{"x":1,"y":1},"o":{"x":0,"y":0}},{"s":[542.99,552.612,0],"t":439,"i":{"x":1,"y":1},"o":{"x":0,"y":0}},{"s":[543,552.902,0],"t":440,"i":{"x":1,"y":1},"o":{"x":0,"y":0}},{"s":[542.929,553.452,0],"t":442,"i":{"x":1,"y":1},"o":{"x":0,"y":0}},{"s":[542.742,553.945,0],"t":444,"i":{"x":1,"y":1},"o":{"x":0,"y":0}},{"s":[542.446,554.36,0],"t":446,"i":{"x":1,"y":1},"o":{"x":0,"y":0}},{"s":[542.052,554.681,0],"t":448,"i":{"x":1,"y":1},"o":{"x":0,"y":0}},{"s":[541.576,554.895,0],"t":450,"i":{"x":1,"y":1},"o":{"x":0,"y":0}},{"s":[541.037,554.994,0],"t":452,"i":{"x":1,"y":1},"o":{"x":0,"y":0}},{"s":[540.751,554.998,0],"t":453,"i":{"x":1,"y":1},"o":{"x":0,"y":0}},{"s":[540.457,554.973,0],"t":454,"i":{"x":1,"y":1},"o":{"x":0,"y":0}},{"s":[540.159,554.918,0],"t":455,"i":{"x":1,"y":1},"o":{"x":0,"y":0}},{"s":[539.859,554.834,0],"t":456,"i":{"x":1,"y":1},"o":{"x":0,"y":0}},{"s":[539.561,554.721,0],"t":457,"i":{"x":1,"y":1},"o":{"x":0,"y":0}},{"s":[539.267,554.582,0],"t":458,"i":{"x":1,"y":1},"o":{"x":0,"y":0}},{"s":[538.98,554.416,0],"t":459,"i":{"x":1,"y":1},"o":{"x":0,"y":0}},{"s":[538.703,554.226,0],"t":460,"i":{"x":1,"y":1},"o":{"x":0,"y":0}},{"s":[538.192,553.783,0],"t":462,"i":{"x":1,"y":1},"o":{"x":0,"y":0}},{"s":[537.752,553.268,0],"t":464,"i":{"x":1,"y":1},"o":{"x":0,"y":0}},{"s":[537.565,552.99,0],"t":465,"i":{"x":1,"y":1},"o":{"x":0,"y":0}},{"s":[537.402,552.702,0],"t":466,"i":{"x":1,"y":1},"o":{"x":0,"y":0}},{"s":[537.266,552.408,0],"t":467,"i":{"x":1,"y":1},"o":{"x":0,"y":0}},{"s":[537.156,552.109,0],"t":468,"i":{"x":1,"y":1},"o":{"x":0,"y":0}},{"s":[537.075,551.809,0],"t":469,"i":{"x":1,"y":1},"o":{"x":0,"y":0}},{"s":[537.023,551.511,0],"t":470,"i":{"x":1,"y":1},"o":{"x":0,"y":0}},{"s":[537.001,551.218,0],"t":471,"i":{"x":1,"y":1},"o":{"x":0,"y":0}},{"s":[537.009,550.933,0],"t":472,"i":{"x":1,"y":1},"o":{"x":0,"y":0}},{"s":[537.114,550.397,0],"t":474,"i":{"x":1,"y":1},"o":{"x":0,"y":0}},{"s":[537.334,549.925,0],"t":476,"i":{"x":1,"y":1},"o":{"x":0,"y":0}},{"s":[537.859,549.377,0],"t":479,"i":{"x":1,"y":1},"o":{"x":0,"y":0}},{"s":[538.319,549.14,0],"t":481,"i":{"x":1,"y":1},"o":{"x":0,"y":0}},{"s":[538.846,549.017,0],"t":483,"i":{"x":1,"y":1},"o":{"x":0,"y":0}},{"s":[539.129,549,0],"t":484,"i":{"x":1,"y":1},"o":{"x":0,"y":0}},{"s":[539.42,549.013,0],"t":485,"i":{"x":1,"y":1},"o":{"x":0,"y":0}},{"s":[539.716,549.056,0],"t":486,"i":{"x":1,"y":1},"o":{"x":0,"y":0}},{"s":[540.016,549.128,0],"t":487,"i":{"x":1,"y":1},"o":{"x":0,"y":0}},{"s":[540.315,549.229,0],"t":488,"i":{"x":1,"y":1},"o":{"x":0,"y":0}},{"s":[540.612,549.357,0],"t":489,"i":{"x":1,"y":1},"o":{"x":0,"y":0}},{"s":[540.902,549.512,0],"t":490,"i":{"x":1,"y":1},"o":{"x":0,"y":0}},{"s":[541.183,549.692,0],"t":491,"i":{"x":1,"y":1},"o":{"x":0,"y":0}},{"s":[541.707,550.119,0],"t":493,"i":{"x":1,"y":1},"o":{"x":0,"y":0}},{"s":[542.163,550.62,0],"t":495,"i":{"x":1,"y":1},"o":{"x":0,"y":0}},{"s":[542.36,550.893,0],"t":496,"i":{"x":1,"y":1},"o":{"x":0,"y":0}},{"s":[542.533,551.177,0],"t":497,"i":{"x":1,"y":1},"o":{"x":0,"y":0}},{"s":[542.681,551.469,0],"t":498,"i":{"x":1,"y":1},"o":{"x":0,"y":0}},{"s":[542.802,551.767,0],"t":499,"i":{"x":1,"y":1},"o":{"x":0,"y":0}},{"s":[542.895,552.066,0],"t":500,"i":{"x":1,"y":1},"o":{"x":0,"y":0}},{"s":[542.959,552.365,0],"t":501,"i":{"x":1,"y":1},"o":{"x":0,"y":0}},{"s":[542.994,552.661,0],"t":502,"i":{"x":1,"y":1},"o":{"x":0,"y":0}},{"s":[542.998,552.95,0],"t":503,"i":{"x":1,"y":1},"o":{"x":0,"y":0}},{"s":[542.918,553.496,0],"t":505,"i":{"x":1,"y":1},"o":{"x":0,"y":0}},{"s":[542.721,553.983,0],"t":507,"i":{"x":1,"y":1},"o":{"x":0,"y":0}},{"s":[542.416,554.391,0],"t":509,"i":{"x":1,"y":1},"o":{"x":0,"y":0}},{"s":[542.015,554.703,0],"t":511,"i":{"x":1,"y":1},"o":{"x":0,"y":0}},{"s":[541.533,554.908,0],"t":513,"i":{"x":1,"y":1},"o":{"x":0,"y":0}},{"s":[541.268,554.967,0],"t":514,"i":{"x":1,"y":1},"o":{"x":0,"y":0}},{"s":[540.99,554.996,0],"t":515,"i":{"x":1,"y":1},"o":{"x":0,"y":0}},{"s":[540.702,554.996,0],"t":516,"i":{"x":1,"y":1},"o":{"x":0,"y":0}},{"s":[540.408,554.966,0],"t":517,"i":{"x":1,"y":1},"o":{"x":0,"y":0}},{"s":[540.109,554.906,0],"t":518,"i":{"x":1,"y":1},"o":{"x":0,"y":0}},{"s":[539.809,554.817,0],"t":519,"i":{"x":1,"y":1},"o":{"x":0,"y":0}},{"s":[539.511,554.7,0],"t":520,"i":{"x":1,"y":1},"o":{"x":0,"y":0}},{"s":[539.218,554.555,0],"t":521,"i":{"x":1,"y":1},"o":{"x":0,"y":0}},{"s":[538.933,554.386,0],"t":522,"i":{"x":1,"y":1},"o":{"x":0,"y":0}},{"s":[538.397,553.977,0],"t":524,"i":{"x":1,"y":1},"o":{"x":0,"y":0}},{"s":[537.925,553.489,0],"t":526,"i":{"x":1,"y":1},"o":{"x":0,"y":0}},{"s":[537.536,552.942,0],"t":528,"i":{"x":1,"y":1},"o":{"x":0,"y":0}},{"s":[537.377,552.653,0],"t":529,"i":{"x":1,"y":1},"o":{"x":0,"y":0}},{"s":[537.245,552.358,0],"t":530,"i":{"x":1,"y":1},"o":{"x":0,"y":0}},{"s":[537.14,552.058,0],"t":531,"i":{"x":1,"y":1},"o":{"x":0,"y":0}},{"s":[537.064,551.759,0],"t":532,"i":{"x":1,"y":1},"o":{"x":0,"y":0}},{"s":[537.017,551.461,0],"t":533,"i":{"x":1,"y":1},"o":{"x":0,"y":0}},{"s":[537,551.169,0],"t":534,"i":{"x":1,"y":1},"o":{"x":0,"y":0}},{"s":[537.013,550.886,0],"t":535,"i":{"x":1,"y":1},"o":{"x":0,"y":0}},{"s":[537.128,550.355,0],"t":537,"i":{"x":1,"y":1},"o":{"x":0,"y":0}},{"s":[537.357,549.889,0],"t":539,"i":{"x":1,"y":1},"o":{"x":0,"y":0}},{"s":[537.692,549.508,0],"t":541,"i":{"x":1,"y":1},"o":{"x":0,"y":0}},{"s":[538.119,549.226,0],"t":543,"i":{"x":1,"y":1},"o":{"x":0,"y":0}},{"s":[538.62,549.054,0],"t":545,"i":{"x":1,"y":1},"o":{"x":0,"y":0}},{"s":[538.893,549.012,0],"t":546,"i":{"x":1,"y":1},"o":{"x":0,"y":0}},{"s":[539.177,549,0],"t":547,"i":{"x":1,"y":1},"o":{"x":0,"y":0}},{"s":[539.469,549.018,0],"t":548,"i":{"x":1,"y":1},"o":{"x":0,"y":0}},{"s":[539.767,549.066,0],"t":549,"i":{"x":1,"y":1},"o":{"x":0,"y":0}},{"s":[540.066,549.143,0],"t":550,"i":{"x":1,"y":1},"o":{"x":0,"y":0}},{"s":[540.365,549.248,0],"t":551,"i":{"x":1,"y":1},"o":{"x":0,"y":0}},{"s":[540.661,549.381,0],"t":552,"i":{"x":1,"y":1},"o":{"x":0,"y":0}},{"s":[540.95,549.541,0],"t":553,"i":{"x":1,"y":1},"o":{"x":0,"y":0}},{"s":[541.229,549.724,0],"t":554,"i":{"x":1,"y":1},"o":{"x":0,"y":0}},{"s":[541.748,550.158,0],"t":556,"i":{"x":1,"y":1},"o":{"x":0,"y":0}},{"s":[542.198,550.665,0],"t":558,"i":{"x":1,"y":1},"o":{"x":0,"y":0}},{"s":[542.391,550.94,0],"t":559,"i":{"x":1,"y":1},"o":{"x":0,"y":0}},{"s":[542.56,551.226,0],"t":560,"i":{"x":1,"y":1},"o":{"x":0,"y":0}},{"s":[542.703,551.519,0],"t":561,"i":{"x":1,"y":1},"o":{"x":0,"y":0}},{"s":[542.819,551.817,0],"t":562,"i":{"x":1,"y":1},"o":{"x":0,"y":0}},{"s":[542.908,552.117,0],"t":563,"i":{"x":1,"y":1},"o":{"x":0,"y":0}},{"s":[542.967,552.415,0],"t":564,"i":{"x":1,"y":1},"o":{"x":0,"y":0}},{"s":[542.996,552.71,0],"t":565,"i":{"x":1,"y":1},"o":{"x":0,"y":0}},{"s":[542.996,552.997,0],"t":566,"i":{"x":1,"y":1},"o":{"x":0,"y":0}},{"s":[542.906,553.54,0],"t":568,"i":{"x":1,"y":1},"o":{"x":0,"y":0}},{"s":[542.7,554.021,0],"t":570,"i":{"x":1,"y":1},"o":{"x":0,"y":0}},{"s":[542.386,554.421,0],"t":572,"i":{"x":1,"y":1},"o":{"x":0,"y":0}},{"s":[541.977,554.725,0],"t":574,"i":{"x":1,"y":1},"o":{"x":0,"y":0}},{"s":[541.489,554.92,0],"t":576,"i":{"x":1,"y":1},"o":{"x":0,"y":0}},{"s":[541.222,554.974,0],"t":577,"i":{"x":1,"y":1},"o":{"x":0,"y":0}},{"s":[540.942,554.998,0],"t":578,"i":{"x":1,"y":1},"o":{"x":0,"y":0}},{"s":[540.653,554.993,0],"t":579,"i":{"x":1,"y":1},"o":{"x":0,"y":0}},{"s":[540.358,554.958,0],"t":580,"i":{"x":1,"y":1},"o":{"x":0,"y":0}},{"s":[540.058,554.893,0],"t":581,"i":{"x":1,"y":1},"o":{"x":0,"y":0}},{"s":[539.759,554.799,0],"t":582,"i":{"x":1,"y":1},"o":{"x":0,"y":0}},{"s":[539.461,554.677,0],"t":583,"i":{"x":1,"y":1},"o":{"x":0,"y":0}},{"s":[539.169,554.529,0],"t":584,"i":{"x":1,"y":1},"o":{"x":0,"y":0}},{"s":[538.886,554.355,0],"t":585,"i":{"x":1,"y":1},"o":{"x":0,"y":0}},{"s":[538.355,553.939,0],"t":587,"i":{"x":1,"y":1},"o":{"x":0,"y":0}},{"s":[537.889,553.445,0],"t":589,"i":{"x":1,"y":1},"o":{"x":0,"y":0}},{"s":[537.508,552.894,0],"t":591,"i":{"x":1,"y":1},"o":{"x":0,"y":0}},{"s":[537.353,552.604,0],"t":592,"i":{"x":1,"y":1},"o":{"x":0,"y":0}},{"s":[537.226,552.307,0],"t":593,"i":{"x":1,"y":1},"o":{"x":0,"y":0}},{"s":[537.125,552.008,0],"t":594,"i":{"x":1,"y":1},"o":{"x":0,"y":0}},{"s":[537.054,551.708,0],"t":595,"i":{"x":1,"y":1},"o":{"x":0,"y":0}},{"s":[537.012,551.412,0],"t":596,"i":{"x":1,"y":1},"o":{"x":0,"y":0}},{"s":[537,551.121,0],"t":597,"i":{"x":1,"y":1},"o":{"x":0,"y":0}},{"s":[537.018,550.839,0],"t":598,"i":{"x":1,"y":1},"o":{"x":0,"y":0}}],"l":2},"a":{"a":0,"k":[400,400,0],"ix":1,"l":2},"s":{"k":[{"s":[0,0,100],"t":0,"i":{"x":[1,1,1],"y":[1,1,1]},"o":{"x":[0,0,0],"y":[0,0,0]}},{"s":[19.091,19.091,100],"t":1,"i":{"x":[1,1,1],"y":[1,1,1]},"o":{"x":[0,0,0],"y":[0,0,0]}},{"s":[40.753,40.753,100],"t":2,"i":{"x":[1,1,1],"y":[1,1,1]},"o":{"x":[0,0,0],"y":[0,0,0]}},{"s":[62.121,62.121,100],"t":3,"i":{"x":[1,1,1],"y":[1,1,1]},"o":{"x":[0,0,0],"y":[0,0,0]}},{"s":[81.171,81.171,100],"t":4,"i":{"x":[1,1,1],"y":[1,1,1]},"o":{"x":[0,0,0],"y":[0,0,0]}},{"s":[96.683,96.683,100],"t":5,"i":{"x":[1,1,1],"y":[1,1,1]},"o":{"x":[0,0,0],"y":[0,0,0]}},{"s":[108.129,108.129,100],"t":6,"i":{"x":[1,1,1],"y":[1,1,1]},"o":{"x":[0,0,0],"y":[0,0,0]}},{"s":[115.531,115.531,100],"t":7,"i":{"x":[1,1,1],"y":[1,1,1]},"o":{"x":[0,0,0],"y":[0,0,0]}},{"s":[119.305,119.305,100],"t":8,"i":{"x":[1,1,1],"y":[1,1,1]},"o":{"x":[0,0,0],"y":[0,0,0]}},{"s":[120.107,120.107,100],"t":9,"i":{"x":[1,1,1],"y":[1,1,1]},"o":{"x":[0,0,0],"y":[0,0,0]}},{"s":[118.7,118.7,100],"t":10,"i":{"x":[1,1,1],"y":[1,1,1]},"o":{"x":[0,0,0],"y":[0,0,0]}},{"s":[115.847,115.847,100],"t":11,"i":{"x":[1,1,1],"y":[1,1,1]},"o":{"x":[0,0,0],"y":[0,0,0]}},{"s":[112.24,112.24,100],"t":12,"i":{"x":[1,1,1],"y":[1,1,1]},"o":{"x":[0,0,0],"y":[0,0,0]}},{"s":[108.447,108.447,100],"t":13,"i":{"x":[1,1,1],"y":[1,1,1]},"o":{"x":[0,0,0],"y":[0,0,0]}},{"s":[104.896,104.896,100],"t":14,"i":{"x":[1,1,1],"y":[1,1,1]},"o":{"x":[0,0,0],"y":[0,0,0]}},{"s":[101.868,101.868,100],"t":15,"i":{"x":[1,1,1],"y":[1,1,1]},"o":{"x":[0,0,0],"y":[0,0,0]}},{"s":[99.513,99.513,100],"t":16,"i":{"x":[1,1,1],"y":[1,1,1]},"o":{"x":[0,0,0],"y":[0,0,0]}},{"s":[97.874,97.874,100],"t":17,"i":{"x":[1,1,1],"y":[1,1,1]},"o":{"x":[0,0,0],"y":[0,0,0]}},{"s":[96.908,96.908,100],"t":18,"i":{"x":[1,1,1],"y":[1,1,1]},"o":{"x":[0,0,0],"y":[0,0,0]}},{"s":[96.521,96.521,100],"t":19,"i":{"x":[1,1,1],"y":[1,1,1]},"o":{"x":[0,0,0],"y":[0,0,0]}},{"s":[96.586,96.586,100],"t":20,"i":{"x":[1,1,1],"y":[1,1,1]},"o":{"x":[0,0,0],"y":[0,0,0]}},{"s":[96.97,96.97,100],"t":21,"i":{"x":[1,1,1],"y":[1,1,1]},"o":{"x":[0,0,0],"y":[0,0,0]}},{"s":[97.543,97.543,100],"t":22,"i":{"x":[1,1,1],"y":[1,1,1]},"o":{"x":[0,0,0],"y":[0,0,0]}},{"s":[98.197,98.197,100],"t":23,"i":{"x":[1,1,1],"y":[1,1,1]},"o":{"x":[0,0,0],"y":[0,0,0]}},{"s":[98.843,98.843,100],"t":24,"i":{"x":[1,1,1],"y":[1,1,1]},"o":{"x":[0,0,0],"y":[0,0,0]}},{"s":[99.42,99.42,100],"t":25,"i":{"x":[1,1,1],"y":[1,1,1]},"o":{"x":[0,0,0],"y":[0,0,0]}},{"s":[99.891,99.891,100],"t":26,"i":{"x":[1,1,1],"y":[1,1,1]},"o":{"x":[0,0,0],"y":[0,0,0]}},{"s":[100.239,100.239,100],"t":27,"i":{"x":[1,1,1],"y":[1,1,1]},"o":{"x":[0,0,0],"y":[0,0,0]}},{"s":[100.465,100.465,100],"t":28,"i":{"x":[1,1,1],"y":[1,1,1]},"o":{"x":[0,0,0],"y":[0,0,0]}},{"s":[100.582,100.582,100],"t":29,"i":{"x":[1,1,1],"y":[1,1,1]},"o":{"x":[0,0,0],"y":[0,0,0]}},{"s":[100.566,100.566,100],"t":31,"i":{"x":[1,1,1],"y":[1,1,1]},"o":{"x":[0,0,0],"y":[0,0,0]}},{"s":[100.481,100.481,100],"t":32,"i":{"x":[1,1,1],"y":[1,1,1]},"o":{"x":[0,0,0],"y":[0,0,0]}},{"s":[100.372,100.372,100],"t":33,"i":{"x":[1,1,1],"y":[1,1,1]},"o":{"x":[0,0,0],"y":[0,0,0]}},{"s":[100.246,100.246,100],"t":34,"i":{"x":[1,1,1],"y":[1,1,1]},"o":{"x":[0,0,0],"y":[0,0,0]}},{"s":[100.126,100.126,100],"t":35,"i":{"x":[1,1,1],"y":[1,1,1]},"o":{"x":[0,0,0],"y":[0,0,0]}},{"s":[100.042,100.042,100],"t":36,"i":{"x":[1,1,1],"y":[1,1,1]},"o":{"x":[0,0,0],"y":[0,0,0]}}],"l":2}},"ao":0,"ef":[{"ty":5,"nm":"AC IN [NWX] Controls","np":4,"mn":"Pseudo/MHAC PrCtrl NWX 10","ix":1,"en":1,"ef":[{"ty":0,"nm":"Number of bounces","mn":"Pseudo/MHAC PrCtrl NWX 10-0001","ix":1,"v":{"a":0,"k":2,"ix":1}},{"ty":0,"nm":"Scale","mn":"Pseudo/MHAC PrCtrl NWX 10-0002","ix":2,"v":{"a":0,"k":0,"ix":2}}]},{"ty":5,"nm":"AC FX [QJF] Controls","np":8,"mn":"Pseudo/MHAC PrCtrl QJF 9","ix":2,"en":1,"ef":[{"ty":0,"nm":"Intensity","mn":"Pseudo/MHAC PrCtrl QJF 9-0001","ix":1,"v":{"a":0,"k":2,"ix":1}},{"ty":3,"nm":"XY Motion Range","mn":"Pseudo/MHAC PrCtrl QJF 9-0002","ix":2,"v":{"a":0,"k":[150,150],"ix":2}},{"ty":0,"nm":"X Frequency","mn":"Pseudo/MHAC PrCtrl QJF 9-0003","ix":3,"v":{"a":0,"k":6,"ix":3}},{"ty":0,"nm":"Y Frequency","mn":"Pseudo/MHAC PrCtrl QJF 9-0004","ix":4,"v":{"a":0,"k":6,"ix":4}},{"ty":0,"nm":"X Time Offset","mn":"Pseudo/MHAC PrCtrl QJF 9-0005","ix":5,"v":{"a":0,"k":0,"ix":5}},{"ty":0,"nm":"Y Time Offset","mn":"Pseudo/MHAC PrCtrl QJF 9-0006","ix":6,"v":{"a":0,"k":5,"ix":6}}]}],"w":800,"h":800,"ip":0,"op":600,"st":0,"bm":0},{"ddd":0,"ind":2,"ty":6,"nm":"Hollow_Pop_01.wav","cl":"wav","refId":"audio_0","sr":1,"ip":3,"op":6.430625,"st":3,"bm":0}],"markers":[],"props":{}}