{"v":"5.12.1","fr":60,"ip":0,"op":600,"w":1080,"h":1920,"nm":"centered_text_emphasis","ddd":0,"assets":[{"id":"a_1","w":1920,"h":1920,"u":"images/","p":"a_1.png","e":0},{"id":"comp_0","nm":"full_image_slow_zoom_storytelling","fr":60,"layers":[{"ddd":0,"ind":1,"ty":0,"nm":"a_1","refId":"comp_1","sr":1,"ks":{"o":{"a":0,"k":100,"ix":11},"r":{"a":0,"k":0,"ix":10},"p":{"a":1,"k":[{"i":{"x":0.67,"y":1},"o":{"x":0.33,"y":0},"t":0,"s":[540,960,0],"to":[0,0,0],"ti":[0,0,0]},{"t":480,"s":[636,960,0]}],"ix":2,"l":2},"a":{"a":0,"k":[540,960,0],"ix":1,"l":2},"s":{"a":1,"k":[{"i":{"x":[0.67,0.67,0.67],"y":[1,1,1]},"o":{"x":[0.33,0.33,0.33],"y":[0,0,0]},"t":0,"s":[100,100,100]},{"t":480,"s":[120,120,100]}],"ix":6,"l":2}},"ao":0,"w":1080,"h":1920,"ip":0,"op":600,"st":0,"bm":0}]},{"id":"comp_1","nm":"a_1","fr":60,"layers":[{"ddd":0,"ind":1,"ty":2,"nm":"a_1","refId":"a_1","sr":1,"ks":{"o":{"a":0,"k":100,"ix":11},"r":{"a":0,"k":0,"ix":10},"p":{"a":0,"k":[540,960,0],"ix":2,"l":2},"a":{"a":0,"k":[960,960,0],"ix":1,"l":2},"s":{"a":0,"k":[100,100,100],"ix":6,"l":2}},"ao":0,"ip":0,"op":900,"st":0,"bm":0}]}],"fonts":{"list":[{"origin":0,"fPath":"","fClass":"","fFamily":"PT Serif","fWeight":"","fStyle":"Bold","fName":"PTSerif-Bold","ascent":79.2487671598792}]},"layers":[{"ddd":0,"ind":1,"ty":5,"nm":"t-1","tt":1,"tp":2,"sr":1,"ks":{"o":{"a":0,"k":100,"ix":11},"r":{"a":0,"k":0,"ix":10},"p":{"a":0,"k":[317.5,957.5,0],"ix":2,"l":2},"a":{"a":0,"k":[0.033,-24.42,0],"ix":1,"l":2},"s":{"a":0,"k":[100,100,100],"ix":6,"l":2}},"ao":0,"t":{"d":{"k":[{"s":{"s":66,"f":"PTSerif-Bold","t":"characters","ca":0,"j":2,"tr":0,"lh":99,"ls":0,"fc":[0,0,0]},"t":0}]},"p":{},"m":{"g":1,"a":{"a":0,"k":[0,0],"ix":2}},"a":[]},"ip":10,"op":610,"st":10,"ct":1,"bm":0},{"ddd":0,"ind":2,"ty":4,"nm":"stroke 2","td":1,"sr":1,"ks":{"o":{"a":0,"k":100,"ix":11},"r":{"a":0,"k":0,"ix":10},"p":{"a":0,"k":[142,960,0],"ix":2,"l":2},"a":{"a":0,"k":[-175.5,0,0],"ix":1,"l":2},"s":{"a":1,"k":[{"i":{"x":[0.05,0.05,0.05],"y":[1,1,1]},"o":{"x":[0.5,0.5,0.5],"y":[0,0,0]},"t":58,"s":[0,100,100]},{"t":70,"s":[100,100,100]}],"ix":6,"l":2}},"ao":0,"shapes":[{"ty":"gr","it":[{"ty":"rc","d":1,"s":{"a":0,"k":[351,100],"ix":2},"p":{"a":0,"k":[0,0],"ix":3},"r":{"a":0,"k":0,"ix":4},"nm":"Rectangle Path 1","mn":"ADBE Vector Shape - Rect","hd":false},{"ty":"fl","c":{"a":0,"k":[1,0.858823537827,0,1],"ix":4},"o":{"a":0,"k":100,"ix":5},"r":1,"bm":0,"nm":"Fill 1","mn":"ADBE Vector Graphic - Fill","hd":false},{"ty":"tr","p":{"a":0,"k":[0,0],"ix":2},"a":{"a":0,"k":[0,0],"ix":1},"s":{"a":0,"k":[100,100],"ix":3},"r":{"a":0,"k":0,"ix":6},"o":{"a":0,"k":100,"ix":7},"sk":{"a":0,"k":0,"ix":4},"sa":{"a":0,"k":0,"ix":5},"nm":"Transform"}],"nm":"stroke","np":2,"cix":2,"bm":0,"ix":1,"mn":"ADBE Vector Group","hd":false}],"ip":10,"op":610,"st":10,"ct":1,"bm":0},{"ddd":0,"ind":3,"ty":4,"nm":"stroke 1","sr":1,"ks":{"o":{"a":0,"k":100,"ix":11},"r":{"a":0,"k":0,"ix":10},"p":{"a":0,"k":[142,960,0],"ix":2,"l":2},"a":{"a":0,"k":[-175.5,0,0],"ix":1,"l":2},"s":{"a":1,"k":[{"i":{"x":[0.05,0.05,0.05],"y":[1,1,1]},"o":{"x":[0.5,0.5,0.5],"y":[0,0,0]},"t":58,"s":[0,100,100]},{"t":70,"s":[100,100,100]}],"ix":6,"l":2}},"ao":0,"shapes":[{"ty":"gr","it":[{"ty":"rc","d":1,"s":{"a":0,"k":[351,100],"ix":2},"p":{"a":0,"k":[0,0],"ix":3},"r":{"a":0,"k":0,"ix":4},"nm":"Rectangle Path 1","mn":"ADBE Vector Shape - Rect","hd":false},{"ty":"fl","c":{"a":0,"k":[1,0.862745098039,0,1],"ix":4},"o":{"a":0,"k":100,"ix":5},"r":1,"bm":0,"nm":"Fill 1","mn":"ADBE Vector Graphic - Fill","hd":false},{"ty":"tr","p":{"a":0,"k":[0,0],"ix":2},"a":{"a":0,"k":[0,0],"ix":1},"s":{"a":0,"k":[100,100],"ix":3},"r":{"a":0,"k":0,"ix":6},"o":{"a":0,"k":100,"ix":7},"sk":{"a":0,"k":0,"ix":4},"sa":{"a":0,"k":0,"ix":5},"nm":"Transform"}],"nm":"stroke","np":2,"cix":2,"bm":0,"ix":1,"mn":"ADBE Vector Group","hd":false}],"ip":10,"op":610,"st":10,"ct":1,"bm":0},{"ddd":0,"ind":4,"ty":5,"nm":"t-1","sr":1,"ks":{"o":{"a":0,"k":100,"ix":11},"r":{"a":0,"k":0,"ix":10},"p":{"a":0,"k":[538.836,993.881,0],"ix":2,"l":2},"a":{"a":0,"k":[0.36,-38.108,0],"ix":1,"l":2},"s":{"a":0,"k":[100,100,100],"ix":6,"l":2}},"ao":0,"ef":[{"ty":25,"nm":"Drop Shadow","np":8,"mn":"ADBE Drop Shadow","ix":1,"en":1,"ef":[{"ty":2,"nm":"Shadow Color","mn":"ADBE Drop Shadow-0001","ix":1,"v":{"a":0,"k":[0,0,0,1],"ix":1}},{"ty":0,"nm":"Opacity","mn":"ADBE Drop Shadow-0002","ix":2,"v":{"a":0,"k":255,"ix":2}},{"ty":0,"nm":"Direction","mn":"ADBE Drop Shadow-0003","ix":3,"v":{"a":0,"k":180,"ix":3}},{"ty":0,"nm":"Distance","mn":"ADBE Drop Shadow-0004","ix":4,"v":{"a":0,"k":4,"ix":4}},{"ty":0,"nm":"Softness","mn":"ADBE Drop Shadow-0005","ix":5,"v":{"a":0,"k":40,"ix":5}},{"ty":7,"nm":"Shadow Only","mn":"ADBE Drop Shadow-0006","ix":6,"v":{"a":0,"k":0,"ix":6}}]},{"ty":5,"nm":"AC IN [ICP] Controls","np":4,"mn":"Pseudo/MHAC PrCtrl ICP 23","ix":2,"en":1,"ef":[{"ty":0,"nm":"Opacity","mn":"Pseudo/MHAC PrCtrl ICP 23-0001","ix":1,"v":{"a":0,"k":0,"ix":1}},{"ty":7,"nm":"Reversed Order","mn":"Pseudo/MHAC PrCtrl ICP 23-0002","ix":2,"v":{"a":0,"k":0,"ix":2}}]}],"t":{"d":{"k":[{"s":{"sz":[816.3203125,398.376159667969],"ps":[-408.16015625,-199.188079833984],"s":66,"f":"PTSerif-Bold","t":"maximum amount of  characters Bullet points, or description","ca":0,"j":2,"tr":0,"lh":99,"ls":0,"fc":[1,1,1]},"t":0}]},"p":{},"m":{"g":1,"a":{"a":0,"k":[0,0],"ix":2}},"a":[{"nm":"AC IN [ICP] Animator 1","s":{"t":0,"xe":{"k":[{"s":[0],"t":10,"i":{"x":[1],"y":[1]},"o":{"x":[0],"y":[0]}},{"s":[0],"t":599,"i":{"x":[1],"y":[1]},"o":{"x":[0],"y":[0]}}]},"ne":{"k":[{"s":[0],"t":10,"i":{"x":[1],"y":[1]},"o":{"x":[0],"y":[0]}},{"s":[0],"t":599,"i":{"x":[1],"y":[1]},"o":{"x":[0],"y":[0]}}]},"a":{"a":0,"k":100,"ix":4},"b":3,"rn":0,"sh":2,"sm":{"a":0,"k":100,"ix":6},"o":{"k":[{"s":[-100],"t":10,"i":{"x":[1],"y":[1]},"o":{"x":[0],"y":[0]}},{"s":[99.797],"t":58,"i":{"x":[1],"y":[1]},"o":{"x":[0],"y":[0]}},{"s":[100],"t":59,"i":{"x":[1],"y":[1]},"o":{"x":[0],"y":[0]}}]},"r":1},"a":{"o":{"k":[{"s":[0],"t":10,"i":{"x":[1],"y":[1]},"o":{"x":[0],"y":[0]}},{"s":[0],"t":599,"i":{"x":[1],"y":[1]},"o":{"x":[0],"y":[0]}}]}}}]},"ip":10,"op":610,"st":10,"ct":1,"bm":0},{"ddd":0,"ind":5,"ty":4,"nm":"overlay","sr":1,"ks":{"o":{"a":1,"k":[{"i":{"x":[0.05],"y":[1]},"o":{"x":[0.5],"y":[0]},"t":0,"s":[0]},{"t":10,"s":[100]}],"ix":11},"r":{"a":0,"k":0,"ix":10},"p":{"a":0,"k":[540,960,0],"ix":2,"l":2},"a":{"a":0,"k":[0,0,0],"ix":1,"l":2},"s":{"a":0,"k":[100,100,100],"ix":6,"l":2}},"ao":0,"shapes":[{"ty":"gr","it":[{"ty":"rc","d":1,"s":{"a":0,"k":[1080,1920],"ix":2},"p":{"a":0,"k":[0,0],"ix":3},"r":{"a":0,"k":0,"ix":4},"nm":"Rectangle Path 1","mn":"ADBE Vector Shape - Rect","hd":false},{"ty":"fl","c":{"a":0,"k":[0,0,0,1],"ix":4},"o":{"a":0,"k":20,"ix":5},"r":1,"bm":0,"nm":"Fill 1","mn":"ADBE Vector Graphic - Fill","hd":false},{"ty":"tr","p":{"a":0,"k":[0,0],"ix":2},"a":{"a":0,"k":[0,0],"ix":1},"s":{"a":0,"k":[100,100],"ix":3},"r":{"a":0,"k":0,"ix":6},"o":{"a":0,"k":100,"ix":7},"sk":{"a":0,"k":0,"ix":4},"sa":{"a":0,"k":0,"ix":5},"nm":"Transform"}],"nm":"overlay","np":2,"cix":2,"bm":0,"ix":1,"mn":"ADBE Vector Group","hd":false}],"ip":0,"op":600,"st":0,"ct":1,"bm":0},{"ddd":0,"ind":6,"ty":3,"nm":"overlay_bgBlur","parent":5,"sr":1,"ks":{"o":{"a":1,"k":[{"i":{"x":[0.05],"y":[1]},"o":{"x":[0.5],"y":[0]},"t":0,"s":[0]},{"t":10,"s":[100]}],"ix":11},"r":{"a":0,"k":0,"ix":10},"p":{"a":0,"k":[0,0,0],"ix":2,"l":2},"a":{"a":0,"k":[0,0,0],"ix":1,"l":2},"s":{"a":0,"k":[100,100,100],"ix":6,"l":2}},"ao":0,"ef":[{"ty":29,"nm":"Gaussian Blur","np":5,"mn":"ADBE Gaussian Blur 2","ix":1,"en":1,"ef":[{"ty":0,"nm":"Blurriness","mn":"ADBE Gaussian Blur 2-0001","ix":1,"v":{"a":0,"k":60,"ix":1}},{"ty":7,"nm":"Blur Dimensions","mn":"ADBE Gaussian Blur 2-0002","ix":2,"v":{"a":0,"k":1,"ix":2}},{"ty":7,"nm":"Repeat Edge Pixels","mn":"ADBE Gaussian Blur 2-0003","ix":3,"v":{"a":0,"k":0,"ix":3}}]}],"ip":0,"op":600,"st":0,"ct":1,"bm":0},{"ddd":0,"ind":7,"ty":0,"nm":"full_image_slow_zoom_storytelling","refId":"comp_0","sr":1,"ks":{"o":{"a":0,"k":100,"ix":11},"r":{"a":0,"k":0,"ix":10},"p":{"a":0,"k":[540,960,0],"ix":2,"l":2},"a":{"a":0,"k":[540,960,0],"ix":1,"l":2},"s":{"a":0,"k":[100,100,100],"ix":6,"l":2}},"ao":0,"w":1080,"h":1920,"ip":0,"op":600,"st":0,"bm":0}],"markers":[],"props":{}}