{"v":"5.12.1","fr":60,"ip":0,"op":600,"w":1080,"h":1920,"nm":"full_image_add_vignettes","ddd":0,"assets":[{"id":"a_1","w":1920,"h":1920,"u":"images/","p":"a_1.png","e":0},{"id":"audio_0","u":"images/","p":"Swoosh_Transition_11.wav","e":0,"t":2},{"id":"comp_0","nm":"a_1","fr":60,"layers":[{"ddd":0,"ind":1,"ty":2,"nm":"a_1","refId":"a_1","sr":1,"ks":{"o":{"a":0,"k":100,"ix":11},"r":{"a":0,"k":0,"ix":10},"p":{"a":0,"k":[540,960,0],"ix":2,"l":2},"a":{"a":0,"k":[960,960,0],"ix":1,"l":2},"s":{"a":0,"k":[100,100,100],"ix":6,"l":2}},"ao":0,"ip":0,"op":600,"st":0,"bm":0}]}],"layers":[{"ddd":0,"ind":1,"ty":6,"nm":"Swoosh Transition 11.wav","cl":"wav","refId":"audio_0","sr":0.5,"ip":0,"op":33.75,"st":0,"bm":0},{"ddd":0,"ind":2,"ty":1,"nm":"Black Solid 7","sr":1,"ks":{"o":{"a":0,"k":100,"ix":11},"r":{"a":0,"k":0,"ix":10},"p":{"a":0,"k":[540,960,0],"ix":2,"l":2},"a":{"a":0,"k":[540,960,0],"ix":1,"l":2},"s":{"a":0,"k":[100,100,100],"ix":6,"l":2}},"ao":0,"hasMask":true,"masksProperties":[{"inv":false,"mode":"s","pt":{"a":0,"k":{"i":[[298.234,0],[0,-530.193],[-298.234,0],[0,530.193]],"o":[[-298.234,0],[0,530.193],[298.234,0],[0,-530.193]],"v":[[540,0],[0,960],[540,1920],[1080,960]],"c":true},"ix":1},"o":{"a":0,"k":100,"ix":3},"x":{"a":1,"k":[{"i":{"x":[0.05],"y":[1]},"o":{"x":[0.5],"y":[0]},"t":0,"s":[500]},{"t":30,"s":[100]}],"ix":4},"nm":"Mask 1"}],"sw":1080,"sh":1920,"sc":"#000000","ip":0,"op":600,"st":0,"bm":0},{"ddd":0,"ind":3,"ty":0,"nm":"a_1","refId":"comp_0","sr":1,"ks":{"o":{"a":0,"k":100,"ix":11},"r":{"a":0,"k":0,"ix":10},"p":{"a":1,"k":[{"i":{"x":0.67,"y":1},"o":{"x":0.33,"y":0},"t":0,"s":[540,960,0],"to":[0,0,0],"ti":[0,0,0]},{"t":480,"s":[636,960,0]}],"ix":2,"l":2},"a":{"a":0,"k":[540,960,0],"ix":1,"l":2},"s":{"a":1,"k":[{"i":{"x":[0.67,0.67,0.67],"y":[1,1,1]},"o":{"x":[0.33,0.33,0.33],"y":[0,0,0]},"t":0,"s":[100,100,100]},{"t":480,"s":[120,120,100]}],"ix":6,"l":2}},"ao":0,"w":1080,"h":1920,"ip":0,"op":600,"st":0,"bm":0}],"markers":[],"props":{}}