{"v":"5.12.1","fr":60,"ip":0,"op":600,"w":1080,"h":1920,"nm":"full_image_fast_zoom_emphasis","ddd":0,"assets":[{"id":"a_1","w":1920,"h":1920,"u":"images/","p":"a_1.png","e":0},{"id":"audio_0","u":"images/","p":"Swoosh_03_04.wav","e":0,"t":2},{"id":"audio_1","u":"images/","p":"Swoosh_03_05.wav","e":0,"t":2},{"id":"comp_0","nm":"a_1","fr":60,"layers":[{"ddd":0,"ind":1,"ty":2,"nm":"a_1","refId":"a_1","sr":1,"ks":{"o":{"a":0,"k":100,"ix":11},"r":{"a":0,"k":0,"ix":10},"p":{"a":0,"k":[540,960,0],"ix":2,"l":2},"a":{"a":0,"k":[960,960,0],"ix":1,"l":2},"s":{"a":0,"k":[100,100,100],"ix":6,"l":2}},"ao":0,"ip":0,"op":900,"st":0,"bm":0}]}],"layers":[{"ddd":0,"ind":1,"ty":6,"nm":"Swoosh_03_04.wav","cl":"wav","refId":"audio_0","sr":1,"ip":90,"op":110.9975,"st":90,"bm":0},{"ddd":0,"ind":2,"ty":6,"nm":"Swoosh_03_05.wav","cl":"wav","refId":"audio_1","sr":1,"ip":12,"op":27.144375,"st":12,"bm":0},{"ddd":0,"ind":3,"ty":0,"nm":"a_1","refId":"comp_0","sr":1,"ks":{"o":{"a":0,"k":100,"ix":11},"r":{"a":0,"k":0,"ix":10},"p":{"a":0,"k":[540,960,0],"ix":2,"l":2},"a":{"a":0,"k":[540,960,0],"ix":1,"l":2},"s":{"a":1,"k":[{"i":{"x":[0.05,0.05,0.05],"y":[1,1,1]},"o":{"x":[0.95,0.95,0.95],"y":[0,0,0]},"t":0,"s":[100,100,100]},{"i":{"x":[0.05,0.05,0.05],"y":[1,1,1]},"o":{"x":[0.95,0.95,0.95],"y":[0,0,0]},"t":30,"s":[150,150,100]},{"i":{"x":[0.05,0.05,0.05],"y":[1,1,1]},"o":{"x":[0.95,0.95,0.95],"y":[0,0,0]},"t":60,"s":[150,150,100]},{"t":120,"s":[100,100,100]}],"ix":6,"l":2}},"ao":0,"w":1080,"h":1920,"ip":0,"op":600,"st":0,"bm":0}],"markers":[],"props":{}}