{"v":"5.12.1","fr":60,"ip":0,"op":600,"w":1080,"h":1920,"nm":"full_image_3d_perspective","ddd":0,"assets":[{"id":"a_1","w":1920,"h":1920,"u":"images/","p":"a_1.png","e":0},{"id":"audio_0","u":"images/","p":"Swoosh_03_04.wav","e":0,"t":2},{"id":"audio_1","u":"images/","p":"Swoosh_03_05.wav","e":0,"t":2},{"id":"comp_0","nm":"a_1","fr":60,"layers":[{"ddd":0,"ind":1,"ty":2,"nm":"a_1","refId":"a_1","sr":1,"ks":{"o":{"a":0,"k":100,"ix":11},"r":{"a":0,"k":0,"ix":10},"p":{"a":0,"k":[540,960,0],"ix":2,"l":2},"a":{"a":0,"k":[960,960,0],"ix":1,"l":2},"s":{"a":0,"k":[100,100,100],"ix":6,"l":2}},"ao":0,"ip":0,"op":600,"st":0,"bm":0}]}],"layers":[{"ddd":0,"ind":1,"ty":6,"nm":"Swoosh_03_04.wav","cl":"wav","refId":"audio_0","sr":1,"ip":90,"op":110.9975,"st":90,"bm":0},{"ddd":0,"ind":2,"ty":6,"nm":"Swoosh_03_05.wav","cl":"wav","refId":"audio_1","sr":1,"ip":0,"op":15.144375,"st":0,"bm":0},{"ddd":0,"ind":3,"ty":0,"nm":"a_1","refId":"comp_0","sr":1,"ks":{"o":{"a":0,"k":100,"ix":11},"r":{"a":0,"k":0,"ix":10},"p":{"a":0,"k":[540,960,0],"ix":2,"l":2},"a":{"a":0,"k":[540,960,0],"ix":1,"l":2},"s":{"a":0,"k":[100,100,100],"ix":6,"l":2}},"ao":0,"ef":[{"ty":5,"nm":"CC Power Pin","np":14,"mn":"CC Power Pin","ix":1,"en":1,"ef":[{"ty":3,"nm":"Top Left","mn":"CC Power Pin-0002","ix":1,"v":{"a":1,"k":[{"i":{"x":0.05,"y":1},"o":{"x":0.5,"y":0},"t":0,"s":[0,0],"to":[0,0],"ti":[0,0]},{"i":{"x":0.05,"y":0.05},"o":{"x":0.5,"y":0.5},"t":30,"s":[152,96],"to":[0,0],"ti":[0,0]},{"i":{"x":0.05,"y":1},"o":{"x":0.5,"y":0},"t":99,"s":[152,96],"to":[0,0],"ti":[0,0]},{"t":120,"s":[0,0]}],"ix":1}},{"ty":3,"nm":"Top Right","mn":"CC Power Pin-0003","ix":2,"v":{"a":1,"k":[{"i":{"x":0.05,"y":1},"o":{"x":0.5,"y":0},"t":0,"s":[1080,0],"to":[0,0],"ti":[0,0]},{"i":{"x":0.05,"y":0.05},"o":{"x":0.5,"y":0.5},"t":30,"s":[936,280],"to":[0,0],"ti":[0,0]},{"i":{"x":0.05,"y":1},"o":{"x":0.5,"y":0},"t":99,"s":[936,280],"to":[0,0],"ti":[0,0]},{"t":120,"s":[1080,0]}],"ix":2}},{"ty":3,"nm":"Bottom Left","mn":"CC Power Pin-0004","ix":3,"v":{"a":1,"k":[{"i":{"x":0.05,"y":1},"o":{"x":0.5,"y":0},"t":0,"s":[0,1920],"to":[0,0],"ti":[0,0]},{"i":{"x":0.05,"y":0.05},"o":{"x":0.5,"y":0.5},"t":30,"s":[92,1836],"to":[0,0],"ti":[0,0]},{"i":{"x":0.05,"y":1},"o":{"x":0.5,"y":0},"t":99,"s":[92,1836],"to":[0,0],"ti":[0,0]},{"t":120,"s":[0,1920]}],"ix":3}},{"ty":3,"nm":"Bottom Right","mn":"CC Power Pin-0005","ix":4,"v":{"a":1,"k":[{"i":{"x":0.05,"y":1},"o":{"x":0.5,"y":0},"t":0,"s":[1080,1920],"to":[0,0],"ti":[0,0]},{"i":{"x":0.05,"y":0.05},"o":{"x":0.5,"y":0.5},"t":30,"s":[978,1692],"to":[0,0],"ti":[0,0]},{"i":{"x":0.05,"y":1},"o":{"x":0.5,"y":0},"t":99,"s":[978,1692],"to":[0,0],"ti":[0,0]},{"t":120,"s":[1080,1920]}],"ix":4}},{"ty":0,"nm":"Perspective","mn":"CC Power Pin-0006","ix":5,"v":{"a":0,"k":1,"ix":5}},{"ty":7,"nm":"Unstretch","mn":"CC Power Pin-0007","ix":6,"v":{"a":0,"k":0,"ix":6}},{"ty":6,"nm":"Expansion (%)","mn":"CC Power Pin-0008","ix":7,"v":0},{"ty":0,"nm":"Top","mn":"CC Power Pin-0009","ix":8,"v":{"a":0,"k":0,"ix":8}},{"ty":0,"nm":"Left","mn":"CC Power Pin-0010","ix":9,"v":{"a":0,"k":0,"ix":9}},{"ty":0,"nm":"Right","mn":"CC Power Pin-0011","ix":10,"v":{"a":0,"k":0,"ix":10}},{"ty":0,"nm":"Bottom","mn":"CC Power Pin-0012","ix":11,"v":{"a":0,"k":0,"ix":11}},{"ty":6,"nm":"","mn":"CC Power Pin-0013","ix":12,"v":0}]}],"sy":[{"c":{"a":0,"k":[1,1,1,1],"ix":5},"o":{"a":0,"k":75,"ix":2},"s":{"a":1,"k":[{"i":{"x":[0.05],"y":[1]},"o":{"x":[0.5],"y":[0]},"t":0,"s":[0]},{"t":30,"s":[100]}],"ix":10},"r":{"a":0,"k":100,"ix":11},"ch":{"a":0,"k":0,"ix":9},"bm":{"a":0,"k":11,"ix":1},"no":{"a":0,"k":0,"ix":3},"j":{"a":0,"k":0,"ix":12},"ty":3,"nm":"Outer Glow"}],"w":1080,"h":1920,"ip":0,"op":600,"st":0,"bm":0},{"ddd":0,"ind":4,"ty":4,"nm":"black","sr":1,"ks":{"o":{"a":0,"k":100,"ix":11},"r":{"a":0,"k":0,"ix":10},"p":{"a":0,"k":[540,960,0],"ix":2,"l":2},"a":{"a":0,"k":[0,0,0],"ix":1,"l":2},"s":{"a":0,"k":[100,100,100],"ix":6,"l":2}},"ao":0,"shapes":[{"ty":"gr","it":[{"ty":"rc","d":1,"s":{"a":0,"k":[1080,1920],"ix":2},"p":{"a":0,"k":[0,0],"ix":3},"r":{"a":0,"k":0,"ix":4},"nm":"Rectangle Path 1","mn":"ADBE Vector Shape - Rect","hd":false},{"ty":"fl","c":{"a":0,"k":[0,0,0,1],"ix":4},"o":{"a":0,"k":100,"ix":5},"r":1,"bm":0,"nm":"Fill 1","mn":"ADBE Vector Graphic - Fill","hd":false},{"ty":"tr","p":{"a":0,"k":[0,0],"ix":2},"a":{"a":0,"k":[0,0],"ix":1},"s":{"a":0,"k":[100,100],"ix":3},"r":{"a":0,"k":0,"ix":6},"o":{"a":0,"k":100,"ix":7},"sk":{"a":0,"k":0,"ix":4},"sa":{"a":0,"k":0,"ix":5},"nm":"Transform"}],"nm":"Rectangle 3","np":2,"cix":2,"bm":0,"ix":1,"mn":"ADBE Vector Group","hd":false}],"ip":0,"op":900,"st":0,"ct":1,"bm":0}],"markers":[],"props":{}}