{"v":"5.12.1","fr":30,"ip":0,"op":450,"w":1080,"h":1920,"nm":"full_image_add_graident","ddd":0,"assets":[{"id":"a_1","w":1920,"h":1920,"u":"images/","p":"a_1.png","e":0},{"id":"audio_0","u":"images/","p":"Swoosh_Transition_23.wav","e":0,"t":2},{"id":"comp_0","nm":"a_1","fr":30,"layers":[{"ddd":0,"ind":1,"ty":2,"nm":"a_1","refId":"a_1","sr":1,"ks":{"o":{"a":0,"k":100,"ix":11},"r":{"a":0,"k":0,"ix":10},"p":{"a":0,"k":[540,960,0],"ix":2,"l":2},"a":{"a":0,"k":[960,960,0],"ix":1,"l":2},"s":{"a":0,"k":[100,100,100],"ix":6,"l":2}},"ao":0,"ip":0,"op":450,"st":0,"bm":0}]}],"layers":[{"ddd":0,"ind":1,"ty":6,"nm":"Swoosh_Transition_23.wav","cl":"wav","refId":"audio_0","sr":0.3,"ip":12,"op":24.039,"st":12,"bm":0},{"ddd":0,"ind":2,"ty":4,"nm":"bottom_graident","sr":1,"ks":{"o":{"a":1,"k":[{"i":{"x":[0.05],"y":[1]},"o":{"x":[0.5],"y":[0]},"t":0,"s":[0]},{"t":17,"s":[100]}],"ix":11},"r":{"a":0,"k":0,"ix":10},"p":{"a":0,"k":[540,1405,0],"ix":2,"l":2},"a":{"a":0,"k":[0,0,0],"ix":1,"l":2},"s":{"a":0,"k":[100,100,100],"ix":6,"l":2}},"ao":0,"shapes":[{"ty":"gr","it":[{"ty":"rc","d":1,"s":{"a":0,"k":[1080,1030],"ix":2},"p":{"a":0,"k":[0,0],"ix":3},"r":{"a":0,"k":0,"ix":4},"nm":"Rectangle Path 1","mn":"ADBE Vector Shape - Rect","hd":false},{"ty":"gf","o":{"a":0,"k":100,"ix":10},"r":1,"bm":0,"g":{"p":3,"k":{"a":0,"k":[0,0,0,0,0.4,0,0,0,0.8,0,0,0,0,0,0.4,0.5,0.8,1],"ix":9}},"s":{"a":0,"k":[0,-515],"ix":5},"e":{"a":0,"k":[0,515],"ix":6},"t":1,"nm":"Gradient Fill 1","mn":"ADBE Vector Graphic - G-Fill","hd":false},{"ty":"tr","p":{"a":0,"k":[0,0],"ix":2},"a":{"a":0,"k":[0,0],"ix":1},"s":{"a":0,"k":[100,100],"ix":3},"r":{"a":0,"k":0,"ix":6},"o":{"a":0,"k":100,"ix":7},"sk":{"a":0,"k":0,"ix":4},"sa":{"a":0,"k":0,"ix":5},"nm":"Transform"}],"nm":"bottom_graident","np":2,"cix":2,"bm":0,"ix":1,"mn":"ADBE Vector Group","hd":false}],"ip":0,"op":450,"st":0,"ct":1,"bm":0},{"ddd":0,"ind":3,"ty":0,"nm":"a_1","refId":"comp_0","sr":1,"ks":{"o":{"a":0,"k":100,"ix":11},"r":{"a":0,"k":0,"ix":10},"p":{"a":1,"k":[{"i":{"x":0.05,"y":1},"o":{"x":0.5,"y":0},"t":11,"s":[540,960,0],"to":[0,0,0],"ti":[0,0,0]},{"t":26,"s":[540,840,0]}],"ix":2,"l":2},"a":{"a":0,"k":[540,960,0],"ix":1,"l":2},"s":{"a":0,"k":[100,100,100],"ix":6,"l":2}},"ao":0,"w":1080,"h":1920,"ip":0,"op":450,"st":0,"bm":0}],"markers":[],"props":{}}