{"v":"5.12.1","fr":60,"ip":0,"op":600,"w":1080,"h":1920,"nm":"line_chart_overlay_up","ddd":0,"assets":[{"id":"a_1","w":1920,"h":1920,"u":"images/","p":"a_1.png","e":0},{"id":"comp_0","nm":"full_image_slow_zoom_storytelling","fr":60,"layers":[{"ddd":0,"ind":1,"ty":0,"nm":"a_1","refId":"comp_1","sr":1,"ks":{"o":{"a":0,"k":100,"ix":11},"r":{"a":0,"k":0,"ix":10},"p":{"a":1,"k":[{"i":{"x":0.67,"y":1},"o":{"x":0.33,"y":0},"t":0,"s":[540,960,0],"to":[0,0,0],"ti":[0,0,0]},{"t":480,"s":[636,960,0]}],"ix":2,"l":2},"a":{"a":0,"k":[540,960,0],"ix":1,"l":2},"s":{"a":1,"k":[{"i":{"x":[0.67,0.67,0.67],"y":[1,1,1]},"o":{"x":[0.33,0.33,0.33],"y":[0,0,0]},"t":0,"s":[100,100,100]},{"t":480,"s":[120,120,100]}],"ix":6,"l":2}},"ao":0,"w":1080,"h":1920,"ip":0,"op":600,"st":0,"bm":0}]},{"id":"comp_1","nm":"a_1","fr":60,"layers":[{"ddd":0,"ind":1,"ty":2,"nm":"a_1","refId":"a_1","sr":1,"ks":{"o":{"a":0,"k":100,"ix":11},"r":{"a":0,"k":0,"ix":10},"p":{"a":0,"k":[540,960,0],"ix":2,"l":2},"a":{"a":0,"k":[960,960,0],"ix":1,"l":2},"s":{"a":0,"k":[100,100,100],"ix":6,"l":2}},"ao":0,"ip":0,"op":900,"st":0,"bm":0}]}],"fonts":{"list":[{"origin":0,"fPath":"","fClass":"","fFamily":"Alegreya","fWeight":"","fStyle":"Bold","fName":"Alegreya-Bold","ascent":75.8089136499912}]},"layers":[{"ddd":0,"ind":1,"ty":3,"nm":"position","sr":3,"ks":{"o":{"a":0,"k":0,"ix":11},"r":{"a":0,"k":0,"ix":10},"p":{"a":1,"k":[{"i":{"x":0.667,"y":1},"o":{"x":0.333,"y":0},"t":10,"s":[1220,240,0],"to":[0,0,0],"ti":[0,0,0]},{"i":{"x":0.667,"y":1},"o":{"x":0.333,"y":0},"t":79,"s":[966,590,0],"to":[0,0,0],"ti":[0,0,0]},{"i":{"x":0.667,"y":1},"o":{"x":0.333,"y":0},"t":109,"s":[806,470,0],"to":[0,0,0],"ti":[0,0,0]},{"i":{"x":0.667,"y":1},"o":{"x":0.333,"y":0},"t":169,"s":[566,790,0],"to":[0,0,0],"ti":[0,0,0]},{"i":{"x":0.667,"y":1},"o":{"x":0.333,"y":0},"t":187,"s":[446,750,0],"to":[0,0,0],"ti":[0,0,0]},{"i":{"x":0.667,"y":1},"o":{"x":0.333,"y":0},"t":286,"s":[286,1430,0],"to":[0,0,0],"ti":[0,0,0]},{"i":{"x":0.667,"y":1},"o":{"x":0.333,"y":0},"t":307,"s":[206,1350,0],"to":[0,0,0],"ti":[0,0,0]},{"i":{"x":0.667,"y":1},"o":{"x":0.333,"y":0},"t":349,"s":[86,1630,0],"to":[0,0,0],"ti":[0,0,0]},{"t":370,"s":[46,1750,0]}],"ix":2,"l":2},"a":{"a":0,"k":[0,0,0],"ix":1,"l":2},"s":{"a":0,"k":[100,100,100],"ix":6,"l":2}},"ao":0,"ip":10,"op":1810,"st":10,"bm":0},{"ddd":0,"ind":2,"ty":4,"nm":"dot","parent":1,"sr":3,"ks":{"o":{"a":0,"k":100,"ix":11},"r":{"a":0,"k":0,"ix":10},"p":{"a":1,"k":[{"i":{"x":0.564,"y":0.564},"o":{"x":0.167,"y":0.167},"t":10,"s":[-692,780,0],"to":[0,0,0],"ti":[0,0,0]},{"i":{"x":0.654,"y":0.654},"o":{"x":0.319,"y":0.319},"t":80.527,"s":[-404,364,0],"to":[0,0,0],"ti":[0,0,0]},{"i":{"x":0.658,"y":0.658},"o":{"x":0.32,"y":0.32},"t":109.334,"s":[-252,504,0],"to":[0,0,0],"ti":[0,0,0]},{"i":{"x":0.666,"y":0.666},"o":{"x":0.332,"y":0.332},"t":167.803,"s":[-12,160,0],"to":[0,0,0],"ti":[0,0,0]},{"i":{"x":0.706,"y":0.706},"o":{"x":0.353,"y":0.353},"t":186.988,"s":[100,240,0],"to":[0,0,0],"ti":[0,0,0]},{"i":{"x":0.68,"y":0.68},"o":{"x":0.344,"y":0.344},"t":287.504,"s":[256,-464,0],"to":[0,0,0],"ti":[0,0,0]},{"i":{"x":0.833,"y":0.833},"o":{"x":0.444,"y":0.444},"t":306.828,"s":[352,-364,0],"to":[0,0,0],"ti":[0,0,0]},{"i":{"x":0.833,"y":0.833},"o":{"x":0.167,"y":0.167},"t":349,"s":[458.811,-647.049,0],"to":[0,0,0],"ti":[0,0,0]},{"t":370,"s":[512,-788,0]}],"ix":2,"l":2},"a":{"a":0,"k":[0,0,0],"ix":1,"l":2},"s":{"a":0,"k":[100,100,100],"ix":6,"l":2}},"ao":0,"ef":[{"ty":25,"nm":"Drop Shadow","np":8,"mn":"ADBE Drop Shadow","ix":1,"en":1,"ef":[{"ty":2,"nm":"Shadow Color","mn":"ADBE Drop Shadow-0001","ix":1,"v":{"a":0,"k":[0.998422503471,0.998422503471,0.998422503471,1],"ix":1}},{"ty":0,"nm":"Opacity","mn":"ADBE Drop Shadow-0002","ix":2,"v":{"a":0,"k":255,"ix":2}},{"ty":0,"nm":"Direction","mn":"ADBE Drop Shadow-0003","ix":3,"v":{"a":0,"k":90,"ix":3}},{"ty":0,"nm":"Distance","mn":"ADBE Drop Shadow-0004","ix":4,"v":{"a":0,"k":0,"ix":4}},{"ty":0,"nm":"Softness","mn":"ADBE Drop Shadow-0005","ix":5,"v":{"a":0,"k":200,"ix":5}},{"ty":7,"nm":"Shadow Only","mn":"ADBE Drop Shadow-0006","ix":6,"v":{"a":0,"k":0,"ix":6}}]}],"shapes":[{"ty":"gr","it":[{"d":1,"ty":"el","s":{"a":0,"k":[65,65],"ix":2},"p":{"a":0,"k":[0,0],"ix":3},"nm":"Ellipse Path 1","mn":"ADBE Vector Shape - Ellipse","hd":false},{"ty":"fl","c":{"a":0,"k":[1,1,1,1],"ix":4},"o":{"a":0,"k":100,"ix":5},"r":1,"bm":0,"nm":"Fill 1","mn":"ADBE Vector Graphic - Fill","hd":false},{"ty":"tr","p":{"a":0,"k":[0,0],"ix":2},"a":{"a":0,"k":[0,0],"ix":1},"s":{"a":0,"k":[100,100],"ix":3},"r":{"a":0,"k":0,"ix":6},"o":{"a":0,"k":100,"ix":7},"sk":{"a":0,"k":0,"ix":4},"sa":{"a":0,"k":0,"ix":5},"nm":"Transform"}],"nm":"dot","np":2,"cix":2,"bm":0,"ix":1,"mn":"ADBE Vector Group","hd":false}],"ip":10,"op":1810,"st":10,"ct":1,"bm":0},{"ddd":0,"ind":3,"ty":4,"nm":"line","parent":1,"sr":3,"ks":{"o":{"a":0,"k":100,"ix":11},"r":{"a":0,"k":0,"ix":10},"p":{"a":0,"k":[-2,8,0],"ix":2,"l":2},"a":{"a":0,"k":[0,0,0],"ix":1,"l":2},"s":{"a":0,"k":[100,100,100],"ix":6,"l":2}},"ao":0,"ef":[{"ty":25,"nm":"Drop Shadow","np":8,"mn":"ADBE Drop Shadow","ix":1,"en":1,"ef":[{"ty":2,"nm":"Shadow Color","mn":"ADBE Drop Shadow-0001","ix":1,"v":{"a":0,"k":[0.998422503471,0.998422503471,0.998422503471,1],"ix":1}},{"ty":0,"nm":"Opacity","mn":"ADBE Drop Shadow-0002","ix":2,"v":{"a":0,"k":255,"ix":2}},{"ty":0,"nm":"Direction","mn":"ADBE Drop Shadow-0003","ix":3,"v":{"a":0,"k":90,"ix":3}},{"ty":0,"nm":"Distance","mn":"ADBE Drop Shadow-0004","ix":4,"v":{"a":0,"k":0,"ix":4}},{"ty":0,"nm":"Softness","mn":"ADBE Drop Shadow-0005","ix":5,"v":{"a":0,"k":200,"ix":5}},{"ty":7,"nm":"Shadow Only","mn":"ADBE Drop Shadow-0006","ix":6,"v":{"a":0,"k":0,"ix":6}}]}],"shapes":[{"ty":"gr","it":[{"ind":0,"ty":"sh","ix":1,"ks":{"a":0,"k":{"i":[[0,0],[0,0],[0,0],[0,0],[0,0],[0,0],[0,0],[0,0]],"o":[[0,0],[0,0],[0,0],[0,0],[0,0],[0,0],[0,0],[0,0]],"v":[[-692,780],[-404,364],[-252,504],[-12,160],[100,240],[256,-464],[352,-364],[512,-788]],"c":false},"ix":2},"nm":"Path 1","mn":"ADBE Vector Shape - Group","hd":false},{"ty":"st","c":{"a":0,"k":[1,1,1,1],"ix":3},"o":{"a":0,"k":100,"ix":4},"w":{"a":0,"k":8,"ix":5},"lc":1,"lj":1,"ml":4,"bm":0,"nm":"Stroke 1","mn":"ADBE Vector Graphic - Stroke","hd":false},{"ty":"tr","p":{"a":0,"k":[0,0],"ix":2},"a":{"a":0,"k":[0,0],"ix":1},"s":{"a":0,"k":[100,100],"ix":3},"r":{"a":0,"k":0,"ix":6},"o":{"a":0,"k":100,"ix":7},"sk":{"a":0,"k":0,"ix":4},"sa":{"a":0,"k":0,"ix":5},"nm":"Transform"}],"nm":"Shape 1","np":3,"cix":2,"bm":0,"ix":1,"mn":"ADBE Vector Group","hd":false},{"ty":"gr","it":[{"ty":"st","c":{"a":0,"k":[1,1,1,1],"ix":3},"o":{"a":0,"k":100,"ix":4},"w":{"a":0,"k":8,"ix":5},"lc":1,"lj":1,"ml":4,"bm":0,"nm":"Stroke 1","mn":"ADBE Vector Graphic - Stroke","hd":false},{"ty":"tr","p":{"a":0,"k":[0,0],"ix":2},"a":{"a":0,"k":[0,0],"ix":1},"s":{"a":0,"k":[100,100],"ix":3},"r":{"a":0,"k":0,"ix":6},"o":{"a":0,"k":100,"ix":7},"sk":{"a":0,"k":0,"ix":4},"sa":{"a":0,"k":0,"ix":5},"nm":"Transform"}],"nm":"Group 1","np":1,"cix":2,"bm":0,"ix":2,"mn":"ADBE Vector Group","hd":false},{"ty":"tm","s":{"a":0,"k":0,"ix":1},"e":{"a":1,"k":[{"i":{"x":[0.833],"y":[0.833]},"o":{"x":[0.167],"y":[0.167]},"t":10,"s":[0]},{"t":370,"s":[100]}],"ix":2},"o":{"a":0,"k":0,"ix":3},"m":1,"ix":3,"nm":"Trim Paths 1","mn":"ADBE Vector Filter - Trim","hd":false}],"ip":10,"op":1810,"st":10,"ct":1,"bm":0},{"ddd":0,"ind":4,"ty":5,"nm":"title_line_2","sr":1,"ks":{"o":{"k":[{"s":[0],"t":10,"i":{"x":[1],"y":[1]},"o":{"x":[0],"y":[0]}},{"s":[13.853],"t":11,"i":{"x":[1],"y":[1]},"o":{"x":[0],"y":[0]}},{"s":[26.127],"t":12,"i":{"x":[1],"y":[1]},"o":{"x":[0],"y":[0]}},{"s":[36.96],"t":13,"i":{"x":[1],"y":[1]},"o":{"x":[0],"y":[0]}},{"s":[46.483],"t":14,"i":{"x":[1],"y":[1]},"o":{"x":[0],"y":[0]}},{"s":[54.819],"t":15,"i":{"x":[1],"y":[1]},"o":{"x":[0],"y":[0]}},{"s":[62.082],"t":16,"i":{"x":[1],"y":[1]},"o":{"x":[0],"y":[0]}},{"s":[68.379],"t":17,"i":{"x":[1],"y":[1]},"o":{"x":[0],"y":[0]}},{"s":[73.811],"t":18,"i":{"x":[1],"y":[1]},"o":{"x":[0],"y":[0]}},{"s":[78.469],"t":19,"i":{"x":[1],"y":[1]},"o":{"x":[0],"y":[0]}},{"s":[82.439],"t":20,"i":{"x":[1],"y":[1]},"o":{"x":[0],"y":[0]}},{"s":[85.801],"t":21,"i":{"x":[1],"y":[1]},"o":{"x":[0],"y":[0]}},{"s":[88.627],"t":22,"i":{"x":[1],"y":[1]},"o":{"x":[0],"y":[0]}},{"s":[90.984],"t":23,"i":{"x":[1],"y":[1]},"o":{"x":[0],"y":[0]}},{"s":[92.933],"t":24,"i":{"x":[1],"y":[1]},"o":{"x":[0],"y":[0]}},{"s":[94.529],"t":25,"i":{"x":[1],"y":[1]},"o":{"x":[0],"y":[0]}},{"s":[95.823],"t":26,"i":{"x":[1],"y":[1]},"o":{"x":[0],"y":[0]}},{"s":[96.86],"t":27,"i":{"x":[1],"y":[1]},"o":{"x":[0],"y":[0]}},{"s":[97.679],"t":28,"i":{"x":[1],"y":[1]},"o":{"x":[0],"y":[0]}},{"s":[98.318],"t":29,"i":{"x":[1],"y":[1]},"o":{"x":[0],"y":[0]}},{"s":[98.808],"t":30,"i":{"x":[1],"y":[1]},"o":{"x":[0],"y":[0]}},{"s":[99.176],"t":31,"i":{"x":[1],"y":[1]},"o":{"x":[0],"y":[0]}},{"s":[99.447],"t":32,"i":{"x":[1],"y":[1]},"o":{"x":[0],"y":[0]}},{"s":[99.642],"t":33,"i":{"x":[1],"y":[1]},"o":{"x":[0],"y":[0]}},{"s":[99.777],"t":34,"i":{"x":[1],"y":[1]},"o":{"x":[0],"y":[0]}},{"s":[99.868],"t":35,"i":{"x":[1],"y":[1]},"o":{"x":[0],"y":[0]}},{"s":[99.962],"t":37,"i":{"x":[1],"y":[1]},"o":{"x":[0],"y":[0]}}]},"r":{"a":0,"k":0,"ix":10},"p":{"k":[{"s":[543,814.351,0],"t":10,"i":{"x":1,"y":1},"o":{"x":0,"y":0}},{"s":[542.985,807.787,0],"t":11,"i":{"x":1,"y":1},"o":{"x":0,"y":0}},{"s":[542.94,801.614,0],"t":12,"i":{"x":1,"y":1},"o":{"x":0,"y":0}},{"s":[542.866,795.817,0],"t":13,"i":{"x":1,"y":1},"o":{"x":0,"y":0}},{"s":[542.763,790.382,0],"t":14,"i":{"x":1,"y":1},"o":{"x":0,"y":0}},{"s":[542.633,785.293,0],"t":15,"i":{"x":1,"y":1},"o":{"x":0,"y":0}},{"s":[542.476,780.536,0],"t":16,"i":{"x":1,"y":1},"o":{"x":0,"y":0}},{"s":[542.295,776.098,0],"t":17,"i":{"x":1,"y":1},"o":{"x":0,"y":0}},{"s":[542.09,771.963,0],"t":18,"i":{"x":1,"y":1},"o":{"x":0,"y":0}},{"s":[541.865,768.119,0],"t":19,"i":{"x":1,"y":1},"o":{"x":0,"y":0}},{"s":[541.621,764.552,0],"t":20,"i":{"x":1,"y":1},"o":{"x":0,"y":0}},{"s":[541.361,761.249,0],"t":21,"i":{"x":1,"y":1},"o":{"x":0,"y":0}},{"s":[541.087,758.197,0],"t":22,"i":{"x":1,"y":1},"o":{"x":0,"y":0}},{"s":[540.802,755.384,0],"t":23,"i":{"x":1,"y":1},"o":{"x":0,"y":0}},{"s":[540.51,752.796,0],"t":24,"i":{"x":1,"y":1},"o":{"x":0,"y":0}},{"s":[540.212,750.423,0],"t":25,"i":{"x":1,"y":1},"o":{"x":0,"y":0}},{"s":[539.912,748.252,0],"t":26,"i":{"x":1,"y":1},"o":{"x":0,"y":0}},{"s":[539.613,746.272,0],"t":27,"i":{"x":1,"y":1},"o":{"x":0,"y":0}},{"s":[539.318,744.473,0],"t":28,"i":{"x":1,"y":1},"o":{"x":0,"y":0}},{"s":[539.03,742.842,0],"t":29,"i":{"x":1,"y":1},"o":{"x":0,"y":0}},{"s":[538.752,741.37,0],"t":30,"i":{"x":1,"y":1},"o":{"x":0,"y":0}},{"s":[538.485,740.047,0],"t":31,"i":{"x":1,"y":1},"o":{"x":0,"y":0}},{"s":[538.234,738.861,0],"t":32,"i":{"x":1,"y":1},"o":{"x":0,"y":0}},{"s":[538.001,737.804,0],"t":33,"i":{"x":1,"y":1},"o":{"x":0,"y":0}},{"s":[537.788,736.865,0],"t":34,"i":{"x":1,"y":1},"o":{"x":0,"y":0}},{"s":[537.597,736.036,0],"t":35,"i":{"x":1,"y":1},"o":{"x":0,"y":0}},{"s":[537.429,735.306,0],"t":36,"i":{"x":1,"y":1},"o":{"x":0,"y":0}},{"s":[537.288,734.666,0],"t":37,"i":{"x":1,"y":1},"o":{"x":0,"y":0}},{"s":[537.173,734.108,0],"t":38,"i":{"x":1,"y":1},"o":{"x":0,"y":0}},{"s":[537.087,733.621,0],"t":39,"i":{"x":1,"y":1},"o":{"x":0,"y":0}},{"s":[537.03,733.197,0],"t":40,"i":{"x":1,"y":1},"o":{"x":0,"y":0}},{"s":[537.005,732.5,0],"t":42,"i":{"x":1,"y":1},"o":{"x":0,"y":0}},{"s":[537.1,731.942,0],"t":44,"i":{"x":1,"y":1},"o":{"x":0,"y":0}},{"s":[537.456,731.254,0],"t":47,"i":{"x":1,"y":1},"o":{"x":0,"y":0}},{"s":[537.822,730.904,0],"t":49,"i":{"x":1,"y":1},"o":{"x":0,"y":0}},{"s":[538.276,730.657,0],"t":51,"i":{"x":1,"y":1},"o":{"x":0,"y":0}},{"s":[538.798,730.523,0],"t":53,"i":{"x":1,"y":1},"o":{"x":0,"y":0}},{"s":[539.078,730.501,0],"t":54,"i":{"x":1,"y":1},"o":{"x":0,"y":0}},{"s":[539.368,730.508,0],"t":55,"i":{"x":1,"y":1},"o":{"x":0,"y":0}},{"s":[539.664,730.546,0],"t":56,"i":{"x":1,"y":1},"o":{"x":0,"y":0}},{"s":[539.963,730.613,0],"t":57,"i":{"x":1,"y":1},"o":{"x":0,"y":0}},{"s":[540.262,730.709,0],"t":58,"i":{"x":1,"y":1},"o":{"x":0,"y":0}},{"s":[540.56,730.832,0],"t":59,"i":{"x":1,"y":1},"o":{"x":0,"y":0}},{"s":[540.851,730.983,0],"t":60,"i":{"x":1,"y":1},"o":{"x":0,"y":0}},{"s":[541.134,731.158,0],"t":61,"i":{"x":1,"y":1},"o":{"x":0,"y":0}},{"s":[541.663,731.578,0],"t":63,"i":{"x":1,"y":1},"o":{"x":0,"y":0}},{"s":[542.126,732.073,0],"t":65,"i":{"x":1,"y":1},"o":{"x":0,"y":0}},{"s":[542.504,732.626,0],"t":67,"i":{"x":1,"y":1},"o":{"x":0,"y":0}},{"s":[542.782,733.214,0],"t":69,"i":{"x":1,"y":1},"o":{"x":0,"y":0}},{"s":[542.95,733.813,0],"t":71,"i":{"x":1,"y":1},"o":{"x":0,"y":0}},{"s":[543,734.399,0],"t":73,"i":{"x":1,"y":1},"o":{"x":0,"y":0}},{"s":[542.93,734.95,0],"t":75,"i":{"x":1,"y":1},"o":{"x":0,"y":0}},{"s":[542.608,735.661,0],"t":78,"i":{"x":1,"y":1},"o":{"x":0,"y":0}},{"s":[542.262,736.032,0],"t":80,"i":{"x":1,"y":1},"o":{"x":0,"y":0}},{"s":[541.825,736.301,0],"t":82,"i":{"x":1,"y":1},"o":{"x":0,"y":0}},{"s":[541.316,736.459,0],"t":84,"i":{"x":1,"y":1},"o":{"x":0,"y":0}},{"s":[541.04,736.493,0],"t":85,"i":{"x":1,"y":1},"o":{"x":0,"y":0}},{"s":[540.754,736.498,0],"t":86,"i":{"x":1,"y":1},"o":{"x":0,"y":0}},{"s":[540.46,736.473,0],"t":87,"i":{"x":1,"y":1},"o":{"x":0,"y":0}},{"s":[540.162,736.418,0],"t":88,"i":{"x":1,"y":1},"o":{"x":0,"y":0}},{"s":[539.862,736.335,0],"t":89,"i":{"x":1,"y":1},"o":{"x":0,"y":0}},{"s":[539.563,736.222,0],"t":90,"i":{"x":1,"y":1},"o":{"x":0,"y":0}},{"s":[539.269,736.083,0],"t":91,"i":{"x":1,"y":1},"o":{"x":0,"y":0}},{"s":[538.983,735.918,0],"t":92,"i":{"x":1,"y":1},"o":{"x":0,"y":0}},{"s":[538.706,735.728,0],"t":93,"i":{"x":1,"y":1},"o":{"x":0,"y":0}},{"s":[538.194,735.285,0],"t":95,"i":{"x":1,"y":1},"o":{"x":0,"y":0}},{"s":[537.754,734.77,0],"t":97,"i":{"x":1,"y":1},"o":{"x":0,"y":0}},{"s":[537.404,734.205,0],"t":99,"i":{"x":1,"y":1},"o":{"x":0,"y":0}},{"s":[537.157,733.611,0],"t":101,"i":{"x":1,"y":1},"o":{"x":0,"y":0}},{"s":[537.023,733.014,0],"t":103,"i":{"x":1,"y":1},"o":{"x":0,"y":0}},{"s":[537.008,732.435,0],"t":105,"i":{"x":1,"y":1},"o":{"x":0,"y":0}},{"s":[537.113,731.899,0],"t":107,"i":{"x":1,"y":1},"o":{"x":0,"y":0}},{"s":[537.483,731.221,0],"t":110,"i":{"x":1,"y":1},"o":{"x":0,"y":0}},{"s":[537.857,730.879,0],"t":112,"i":{"x":1,"y":1},"o":{"x":0,"y":0}},{"s":[538.317,730.641,0],"t":114,"i":{"x":1,"y":1},"o":{"x":0,"y":0}},{"s":[538.844,730.517,0],"t":116,"i":{"x":1,"y":1},"o":{"x":0,"y":0}},{"s":[539.126,730.5,0],"t":117,"i":{"x":1,"y":1},"o":{"x":0,"y":0}},{"s":[539.417,730.513,0],"t":118,"i":{"x":1,"y":1},"o":{"x":0,"y":0}},{"s":[539.714,730.555,0],"t":119,"i":{"x":1,"y":1},"o":{"x":0,"y":0}},{"s":[540.013,730.627,0],"t":120,"i":{"x":1,"y":1},"o":{"x":0,"y":0}},{"s":[540.313,730.728,0],"t":121,"i":{"x":1,"y":1},"o":{"x":0,"y":0}},{"s":[540.609,730.856,0],"t":122,"i":{"x":1,"y":1},"o":{"x":0,"y":0}},{"s":[540.899,731.011,0],"t":123,"i":{"x":1,"y":1},"o":{"x":0,"y":0}},{"s":[541.18,731.19,0],"t":124,"i":{"x":1,"y":1},"o":{"x":0,"y":0}},{"s":[541.705,731.617,0],"t":126,"i":{"x":1,"y":1},"o":{"x":0,"y":0}},{"s":[542.161,732.118,0],"t":128,"i":{"x":1,"y":1},"o":{"x":0,"y":0}},{"s":[542.532,732.675,0],"t":130,"i":{"x":1,"y":1},"o":{"x":0,"y":0}},{"s":[542.801,733.264,0],"t":132,"i":{"x":1,"y":1},"o":{"x":0,"y":0}},{"s":[542.959,733.863,0],"t":134,"i":{"x":1,"y":1},"o":{"x":0,"y":0}},{"s":[542.998,734.447,0],"t":136,"i":{"x":1,"y":1},"o":{"x":0,"y":0}},{"s":[542.918,734.994,0],"t":138,"i":{"x":1,"y":1},"o":{"x":0,"y":0}},{"s":[542.583,735.696,0],"t":141,"i":{"x":1,"y":1},"o":{"x":0,"y":0}},{"s":[542.228,736.058,0],"t":143,"i":{"x":1,"y":1},"o":{"x":0,"y":0}},{"s":[541.785,736.319,0],"t":145,"i":{"x":1,"y":1},"o":{"x":0,"y":0}},{"s":[541.27,736.467,0],"t":147,"i":{"x":1,"y":1},"o":{"x":0,"y":0}},{"s":[540.992,736.496,0],"t":148,"i":{"x":1,"y":1},"o":{"x":0,"y":0}},{"s":[540.705,736.496,0],"t":149,"i":{"x":1,"y":1},"o":{"x":0,"y":0}},{"s":[540.41,736.466,0],"t":150,"i":{"x":1,"y":1},"o":{"x":0,"y":0}},{"s":[540.111,736.406,0],"t":151,"i":{"x":1,"y":1},"o":{"x":0,"y":0}},{"s":[539.812,736.318,0],"t":152,"i":{"x":1,"y":1},"o":{"x":0,"y":0}},{"s":[539.514,736.201,0],"t":153,"i":{"x":1,"y":1},"o":{"x":0,"y":0}},{"s":[539.221,736.057,0],"t":154,"i":{"x":1,"y":1},"o":{"x":0,"y":0}},{"s":[538.935,735.887,0],"t":155,"i":{"x":1,"y":1},"o":{"x":0,"y":0}},{"s":[538.399,735.479,0],"t":157,"i":{"x":1,"y":1},"o":{"x":0,"y":0}},{"s":[537.927,734.992,0],"t":159,"i":{"x":1,"y":1},"o":{"x":0,"y":0}},{"s":[537.538,734.445,0],"t":161,"i":{"x":1,"y":1},"o":{"x":0,"y":0}},{"s":[537.246,733.86,0],"t":163,"i":{"x":1,"y":1},"o":{"x":0,"y":0}},{"s":[537.065,733.261,0],"t":165,"i":{"x":1,"y":1},"o":{"x":0,"y":0}},{"s":[537,732.672,0],"t":167,"i":{"x":1,"y":1},"o":{"x":0,"y":0}},{"s":[537.055,732.116,0],"t":169,"i":{"x":1,"y":1},"o":{"x":0,"y":0}},{"s":[537.356,731.391,0],"t":172,"i":{"x":1,"y":1},"o":{"x":0,"y":0}},{"s":[537.893,730.855,0],"t":175,"i":{"x":1,"y":1},"o":{"x":0,"y":0}},{"s":[538.359,730.626,0],"t":177,"i":{"x":1,"y":1},"o":{"x":0,"y":0}},{"s":[538.891,730.512,0],"t":179,"i":{"x":1,"y":1},"o":{"x":0,"y":0}},{"s":[539.175,730.5,0],"t":180,"i":{"x":1,"y":1},"o":{"x":0,"y":0}},{"s":[539.467,730.518,0],"t":181,"i":{"x":1,"y":1},"o":{"x":0,"y":0}},{"s":[539.764,730.565,0],"t":182,"i":{"x":1,"y":1},"o":{"x":0,"y":0}},{"s":[540.064,730.642,0],"t":183,"i":{"x":1,"y":1},"o":{"x":0,"y":0}},{"s":[540.363,730.747,0],"t":184,"i":{"x":1,"y":1},"o":{"x":0,"y":0}},{"s":[540.658,730.88,0],"t":185,"i":{"x":1,"y":1},"o":{"x":0,"y":0}},{"s":[540.947,731.039,0],"t":186,"i":{"x":1,"y":1},"o":{"x":0,"y":0}},{"s":[541.227,731.223,0],"t":187,"i":{"x":1,"y":1},"o":{"x":0,"y":0}},{"s":[541.746,731.656,0],"t":189,"i":{"x":1,"y":1},"o":{"x":0,"y":0}},{"s":[542.196,732.163,0],"t":191,"i":{"x":1,"y":1},"o":{"x":0,"y":0}},{"s":[542.558,732.723,0],"t":193,"i":{"x":1,"y":1},"o":{"x":0,"y":0}},{"s":[542.819,733.314,0],"t":195,"i":{"x":1,"y":1},"o":{"x":0,"y":0}},{"s":[542.967,733.913,0],"t":197,"i":{"x":1,"y":1},"o":{"x":0,"y":0}},{"s":[542.996,734.495,0],"t":199,"i":{"x":1,"y":1},"o":{"x":0,"y":0}},{"s":[542.906,735.037,0],"t":201,"i":{"x":1,"y":1},"o":{"x":0,"y":0}},{"s":[542.557,735.73,0],"t":204,"i":{"x":1,"y":1},"o":{"x":0,"y":0}},{"s":[542.194,736.084,0],"t":206,"i":{"x":1,"y":1},"o":{"x":0,"y":0}},{"s":[541.744,736.335,0],"t":208,"i":{"x":1,"y":1},"o":{"x":0,"y":0}},{"s":[541.224,736.474,0],"t":210,"i":{"x":1,"y":1},"o":{"x":0,"y":0}},{"s":[540.945,736.498,0],"t":211,"i":{"x":1,"y":1},"o":{"x":0,"y":0}},{"s":[540.656,736.493,0],"t":212,"i":{"x":1,"y":1},"o":{"x":0,"y":0}},{"s":[540.36,736.458,0],"t":213,"i":{"x":1,"y":1},"o":{"x":0,"y":0}},{"s":[540.061,736.393,0],"t":214,"i":{"x":1,"y":1},"o":{"x":0,"y":0}},{"s":[539.761,736.3,0],"t":215,"i":{"x":1,"y":1},"o":{"x":0,"y":0}},{"s":[539.464,736.178,0],"t":216,"i":{"x":1,"y":1},"o":{"x":0,"y":0}},{"s":[539.172,736.03,0],"t":217,"i":{"x":1,"y":1},"o":{"x":0,"y":0}},{"s":[538.888,735.857,0],"t":218,"i":{"x":1,"y":1},"o":{"x":0,"y":0}},{"s":[538.357,735.441,0],"t":220,"i":{"x":1,"y":1},"o":{"x":0,"y":0}},{"s":[537.891,734.948,0],"t":222,"i":{"x":1,"y":1},"o":{"x":0,"y":0}},{"s":[537.509,734.397,0],"t":224,"i":{"x":1,"y":1},"o":{"x":0,"y":0}},{"s":[537.227,733.81,0],"t":226,"i":{"x":1,"y":1},"o":{"x":0,"y":0}},{"s":[537.055,733.211,0],"t":228,"i":{"x":1,"y":1},"o":{"x":0,"y":0}},{"s":[537,732.624,0],"t":230,"i":{"x":1,"y":1},"o":{"x":0,"y":0}},{"s":[537.065,732.071,0],"t":232,"i":{"x":1,"y":1},"o":{"x":0,"y":0}},{"s":[537.38,731.355,0],"t":235,"i":{"x":1,"y":1},"o":{"x":0,"y":0}},{"s":[537.723,730.981,0],"t":237,"i":{"x":1,"y":1},"o":{"x":0,"y":0}},{"s":[538.156,730.708,0],"t":239,"i":{"x":1,"y":1},"o":{"x":0,"y":0}},{"s":[538.663,730.545,0],"t":241,"i":{"x":1,"y":1},"o":{"x":0,"y":0}},{"s":[538.938,730.508,0],"t":242,"i":{"x":1,"y":1},"o":{"x":0,"y":0}},{"s":[539.223,730.501,0],"t":243,"i":{"x":1,"y":1},"o":{"x":0,"y":0}},{"s":[539.516,730.524,0],"t":244,"i":{"x":1,"y":1},"o":{"x":0,"y":0}},{"s":[539.814,730.576,0],"t":245,"i":{"x":1,"y":1},"o":{"x":0,"y":0}},{"s":[540.114,730.658,0],"t":246,"i":{"x":1,"y":1},"o":{"x":0,"y":0}},{"s":[540.413,730.768,0],"t":247,"i":{"x":1,"y":1},"o":{"x":0,"y":0}},{"s":[540.707,730.905,0],"t":248,"i":{"x":1,"y":1},"o":{"x":0,"y":0}},{"s":[540.995,731.068,0],"t":249,"i":{"x":1,"y":1},"o":{"x":0,"y":0}},{"s":[541.273,731.256,0],"t":250,"i":{"x":1,"y":1},"o":{"x":0,"y":0}},{"s":[541.787,731.696,0],"t":252,"i":{"x":1,"y":1},"o":{"x":0,"y":0}},{"s":[542.23,732.208,0],"t":254,"i":{"x":1,"y":1},"o":{"x":0,"y":0}},{"s":[542.584,732.772,0],"t":256,"i":{"x":1,"y":1},"o":{"x":0,"y":0}},{"s":[542.835,733.365,0],"t":258,"i":{"x":1,"y":1},"o":{"x":0,"y":0}},{"s":[542.974,733.963,0],"t":260,"i":{"x":1,"y":1},"o":{"x":0,"y":0}},{"s":[542.993,734.542,0],"t":262,"i":{"x":1,"y":1},"o":{"x":0,"y":0}},{"s":[542.893,735.08,0],"t":264,"i":{"x":1,"y":1},"o":{"x":0,"y":0}},{"s":[542.53,735.763,0],"t":267,"i":{"x":1,"y":1},"o":{"x":0,"y":0}},{"s":[542.159,736.11,0],"t":269,"i":{"x":1,"y":1},"o":{"x":0,"y":0}},{"s":[541.703,736.352,0],"t":271,"i":{"x":1,"y":1},"o":{"x":0,"y":0}},{"s":[541.178,736.48,0],"t":273,"i":{"x":1,"y":1},"o":{"x":0,"y":0}},{"s":[540.897,736.5,0],"t":274,"i":{"x":1,"y":1},"o":{"x":0,"y":0}},{"s":[540.606,736.489,0],"t":275,"i":{"x":1,"y":1},"o":{"x":0,"y":0}},{"s":[540.31,736.449,0],"t":276,"i":{"x":1,"y":1},"o":{"x":0,"y":0}},{"s":[540.011,736.38,0],"t":277,"i":{"x":1,"y":1},"o":{"x":0,"y":0}},{"s":[539.711,736.281,0],"t":278,"i":{"x":1,"y":1},"o":{"x":0,"y":0}},{"s":[539.414,736.155,0],"t":279,"i":{"x":1,"y":1},"o":{"x":0,"y":0}},{"s":[539.124,736.003,0],"t":280,"i":{"x":1,"y":1},"o":{"x":0,"y":0}},{"s":[538.842,735.825,0],"t":281,"i":{"x":1,"y":1},"o":{"x":0,"y":0}},{"s":[538.315,735.402,0],"t":283,"i":{"x":1,"y":1},"o":{"x":0,"y":0}},{"s":[537.855,734.903,0],"t":285,"i":{"x":1,"y":1},"o":{"x":0,"y":0}},{"s":[537.481,734.348,0],"t":287,"i":{"x":1,"y":1},"o":{"x":0,"y":0}},{"s":[537.208,733.76,0],"t":289,"i":{"x":1,"y":1},"o":{"x":0,"y":0}},{"s":[537.045,733.161,0],"t":291,"i":{"x":1,"y":1},"o":{"x":0,"y":0}},{"s":[537.001,732.575,0],"t":293,"i":{"x":1,"y":1},"o":{"x":0,"y":0}},{"s":[537.076,732.027,0],"t":295,"i":{"x":1,"y":1},"o":{"x":0,"y":0}},{"s":[537.405,731.32,0],"t":298,"i":{"x":1,"y":1},"o":{"x":0,"y":0}},{"s":[537.756,730.954,0],"t":300,"i":{"x":1,"y":1},"o":{"x":0,"y":0}},{"s":[538.196,730.69,0],"t":302,"i":{"x":1,"y":1},"o":{"x":0,"y":0}},{"s":[538.708,730.537,0],"t":304,"i":{"x":1,"y":1},"o":{"x":0,"y":0}},{"s":[538.985,730.505,0],"t":305,"i":{"x":1,"y":1},"o":{"x":0,"y":0}},{"s":[539.272,730.503,0],"t":306,"i":{"x":1,"y":1},"o":{"x":0,"y":0}},{"s":[539.566,730.53,0],"t":307,"i":{"x":1,"y":1},"o":{"x":0,"y":0}},{"s":[539.865,730.588,0],"t":308,"i":{"x":1,"y":1},"o":{"x":0,"y":0}},{"s":[540.165,730.674,0],"t":309,"i":{"x":1,"y":1},"o":{"x":0,"y":0}},{"s":[540.463,730.789,0],"t":310,"i":{"x":1,"y":1},"o":{"x":0,"y":0}},{"s":[540.756,730.931,0],"t":311,"i":{"x":1,"y":1},"o":{"x":0,"y":0}},{"s":[541.042,731.098,0],"t":312,"i":{"x":1,"y":1},"o":{"x":0,"y":0}},{"s":[541.58,731.503,0],"t":314,"i":{"x":1,"y":1},"o":{"x":0,"y":0}},{"s":[542.056,731.988,0],"t":316,"i":{"x":1,"y":1},"o":{"x":0,"y":0}},{"s":[542.449,732.533,0],"t":318,"i":{"x":1,"y":1},"o":{"x":0,"y":0}},{"s":[542.744,733.116,0],"t":320,"i":{"x":1,"y":1},"o":{"x":0,"y":0}},{"s":[542.93,733.715,0],"t":322,"i":{"x":1,"y":1},"o":{"x":0,"y":0}},{"s":[543,734.305,0],"t":324,"i":{"x":1,"y":1},"o":{"x":0,"y":0}},{"s":[542.949,734.863,0],"t":326,"i":{"x":1,"y":1},"o":{"x":0,"y":0}},{"s":[542.655,735.592,0],"t":329,"i":{"x":1,"y":1},"o":{"x":0,"y":0}},{"s":[542.124,736.134,0],"t":332,"i":{"x":1,"y":1},"o":{"x":0,"y":0}},{"s":[541.661,736.367,0],"t":334,"i":{"x":1,"y":1},"o":{"x":0,"y":0}},{"s":[541.131,736.485,0],"t":336,"i":{"x":1,"y":1},"o":{"x":0,"y":0}},{"s":[540.848,736.5,0],"t":337,"i":{"x":1,"y":1},"o":{"x":0,"y":0}},{"s":[540.557,736.485,0],"t":338,"i":{"x":1,"y":1},"o":{"x":0,"y":0}},{"s":[540.26,736.44,0],"t":339,"i":{"x":1,"y":1},"o":{"x":0,"y":0}},{"s":[539.96,736.365,0],"t":340,"i":{"x":1,"y":1},"o":{"x":0,"y":0}},{"s":[539.661,736.262,0],"t":341,"i":{"x":1,"y":1},"o":{"x":0,"y":0}},{"s":[539.365,736.131,0],"t":342,"i":{"x":1,"y":1},"o":{"x":0,"y":0}},{"s":[539.075,735.975,0],"t":343,"i":{"x":1,"y":1},"o":{"x":0,"y":0}},{"s":[538.795,735.793,0],"t":344,"i":{"x":1,"y":1},"o":{"x":0,"y":0}},{"s":[538.273,735.363,0],"t":346,"i":{"x":1,"y":1},"o":{"x":0,"y":0}},{"s":[537.82,734.858,0],"t":348,"i":{"x":1,"y":1},"o":{"x":0,"y":0}},{"s":[537.454,734.3,0],"t":350,"i":{"x":1,"y":1},"o":{"x":0,"y":0}},{"s":[537.19,733.71,0],"t":352,"i":{"x":1,"y":1},"o":{"x":0,"y":0}},{"s":[537.037,733.111,0],"t":354,"i":{"x":1,"y":1},"o":{"x":0,"y":0}},{"s":[537.003,732.528,0],"t":356,"i":{"x":1,"y":1},"o":{"x":0,"y":0}},{"s":[537.088,731.983,0],"t":358,"i":{"x":1,"y":1},"o":{"x":0,"y":0}},{"s":[537.431,731.286,0],"t":361,"i":{"x":1,"y":1},"o":{"x":0,"y":0}},{"s":[537.79,730.928,0],"t":363,"i":{"x":1,"y":1},"o":{"x":0,"y":0}},{"s":[538.237,730.672,0],"t":365,"i":{"x":1,"y":1},"o":{"x":0,"y":0}},{"s":[538.754,730.53,0],"t":367,"i":{"x":1,"y":1},"o":{"x":0,"y":0}},{"s":[539.033,730.502,0],"t":368,"i":{"x":1,"y":1},"o":{"x":0,"y":0}},{"s":[539.321,730.505,0],"t":369,"i":{"x":1,"y":1},"o":{"x":0,"y":0}},{"s":[539.616,730.538,0],"t":370,"i":{"x":1,"y":1},"o":{"x":0,"y":0}},{"s":[539.915,730.6,0],"t":371,"i":{"x":1,"y":1},"o":{"x":0,"y":0}},{"s":[540.215,730.692,0],"t":372,"i":{"x":1,"y":1},"o":{"x":0,"y":0}},{"s":[540.513,730.811,0],"t":373,"i":{"x":1,"y":1},"o":{"x":0,"y":0}},{"s":[540.805,730.957,0],"t":374,"i":{"x":1,"y":1},"o":{"x":0,"y":0}},{"s":[541.09,731.129,0],"t":375,"i":{"x":1,"y":1},"o":{"x":0,"y":0}},{"s":[541.623,731.541,0],"t":377,"i":{"x":1,"y":1},"o":{"x":0,"y":0}},{"s":[542.092,732.032,0],"t":379,"i":{"x":1,"y":1},"o":{"x":0,"y":0}},{"s":[542.478,732.581,0],"t":381,"i":{"x":1,"y":1},"o":{"x":0,"y":0}},{"s":[542.764,733.166,0],"t":383,"i":{"x":1,"y":1},"o":{"x":0,"y":0}},{"s":[542.941,733.765,0],"t":385,"i":{"x":1,"y":1},"o":{"x":0,"y":0}},{"s":[543,734.354,0],"t":387,"i":{"x":1,"y":1},"o":{"x":0,"y":0}},{"s":[542.94,734.908,0],"t":389,"i":{"x":1,"y":1},"o":{"x":0,"y":0}},{"s":[542.631,735.628,0],"t":392,"i":{"x":1,"y":1},"o":{"x":0,"y":0}},{"s":[542.293,736.006,0],"t":394,"i":{"x":1,"y":1},"o":{"x":0,"y":0}},{"s":[541.863,736.283,0],"t":396,"i":{"x":1,"y":1},"o":{"x":0,"y":0}},{"s":[541.358,736.45,0],"t":398,"i":{"x":1,"y":1},"o":{"x":0,"y":0}},{"s":[541.085,736.49,0],"t":399,"i":{"x":1,"y":1},"o":{"x":0,"y":0}},{"s":[540.8,736.5,0],"t":400,"i":{"x":1,"y":1},"o":{"x":0,"y":0}},{"s":[540.507,736.479,0],"t":401,"i":{"x":1,"y":1},"o":{"x":0,"y":0}},{"s":[540.21,736.429,0],"t":402,"i":{"x":1,"y":1},"o":{"x":0,"y":0}},{"s":[539.91,736.35,0],"t":403,"i":{"x":1,"y":1},"o":{"x":0,"y":0}},{"s":[539.611,736.242,0],"t":404,"i":{"x":1,"y":1},"o":{"x":0,"y":0}},{"s":[539.316,736.107,0],"t":405,"i":{"x":1,"y":1},"o":{"x":0,"y":0}},{"s":[539.028,735.946,0],"t":406,"i":{"x":1,"y":1},"o":{"x":0,"y":0}},{"s":[538.749,735.76,0],"t":407,"i":{"x":1,"y":1},"o":{"x":0,"y":0}},{"s":[538.232,735.323,0],"t":409,"i":{"x":1,"y":1},"o":{"x":0,"y":0}},{"s":[537.786,734.813,0],"t":411,"i":{"x":1,"y":1},"o":{"x":0,"y":0}},{"s":[537.428,734.251,0],"t":413,"i":{"x":1,"y":1},"o":{"x":0,"y":0}},{"s":[537.172,733.659,0],"t":415,"i":{"x":1,"y":1},"o":{"x":0,"y":0}},{"s":[537.03,733.061,0],"t":417,"i":{"x":1,"y":1},"o":{"x":0,"y":0}},{"s":[537.005,732.48,0],"t":419,"i":{"x":1,"y":1},"o":{"x":0,"y":0}},{"s":[537.1,731.94,0],"t":421,"i":{"x":1,"y":1},"o":{"x":0,"y":0}},{"s":[537.457,731.252,0],"t":424,"i":{"x":1,"y":1},"o":{"x":0,"y":0}},{"s":[537.824,730.902,0],"t":426,"i":{"x":1,"y":1},"o":{"x":0,"y":0}},{"s":[538.278,730.656,0],"t":428,"i":{"x":1,"y":1},"o":{"x":0,"y":0}},{"s":[538.8,730.523,0],"t":430,"i":{"x":1,"y":1},"o":{"x":0,"y":0}},{"s":[539.081,730.501,0],"t":431,"i":{"x":1,"y":1},"o":{"x":0,"y":0}},{"s":[539.37,730.509,0],"t":432,"i":{"x":1,"y":1},"o":{"x":0,"y":0}},{"s":[539.666,730.546,0],"t":433,"i":{"x":1,"y":1},"o":{"x":0,"y":0}},{"s":[539.965,730.614,0],"t":434,"i":{"x":1,"y":1},"o":{"x":0,"y":0}},{"s":[540.265,730.71,0],"t":435,"i":{"x":1,"y":1},"o":{"x":0,"y":0}},{"s":[540.562,730.834,0],"t":436,"i":{"x":1,"y":1},"o":{"x":0,"y":0}},{"s":[540.854,730.984,0],"t":437,"i":{"x":1,"y":1},"o":{"x":0,"y":0}},{"s":[541.136,731.16,0],"t":438,"i":{"x":1,"y":1},"o":{"x":0,"y":0}},{"s":[541.665,731.58,0],"t":440,"i":{"x":1,"y":1},"o":{"x":0,"y":0}},{"s":[542.128,732.076,0],"t":442,"i":{"x":1,"y":1},"o":{"x":0,"y":0}},{"s":[542.506,732.629,0],"t":444,"i":{"x":1,"y":1},"o":{"x":0,"y":0}},{"s":[542.783,733.216,0],"t":446,"i":{"x":1,"y":1},"o":{"x":0,"y":0}},{"s":[542.95,733.815,0],"t":448,"i":{"x":1,"y":1},"o":{"x":0,"y":0}},{"s":[543,734.402,0],"t":450,"i":{"x":1,"y":1},"o":{"x":0,"y":0}},{"s":[542.929,734.952,0],"t":452,"i":{"x":1,"y":1},"o":{"x":0,"y":0}},{"s":[542.607,735.663,0],"t":455,"i":{"x":1,"y":1},"o":{"x":0,"y":0}},{"s":[542.26,736.033,0],"t":457,"i":{"x":1,"y":1},"o":{"x":0,"y":0}},{"s":[541.823,736.302,0],"t":459,"i":{"x":1,"y":1},"o":{"x":0,"y":0}},{"s":[541.313,736.459,0],"t":461,"i":{"x":1,"y":1},"o":{"x":0,"y":0}},{"s":[541.037,736.494,0],"t":462,"i":{"x":1,"y":1},"o":{"x":0,"y":0}},{"s":[540.751,736.498,0],"t":463,"i":{"x":1,"y":1},"o":{"x":0,"y":0}},{"s":[540.457,736.473,0],"t":464,"i":{"x":1,"y":1},"o":{"x":0,"y":0}},{"s":[540.159,736.418,0],"t":465,"i":{"x":1,"y":1},"o":{"x":0,"y":0}},{"s":[539.859,736.334,0],"t":466,"i":{"x":1,"y":1},"o":{"x":0,"y":0}},{"s":[539.561,736.221,0],"t":467,"i":{"x":1,"y":1},"o":{"x":0,"y":0}},{"s":[539.267,736.082,0],"t":468,"i":{"x":1,"y":1},"o":{"x":0,"y":0}},{"s":[538.98,735.916,0],"t":469,"i":{"x":1,"y":1},"o":{"x":0,"y":0}},{"s":[538.703,735.726,0],"t":470,"i":{"x":1,"y":1},"o":{"x":0,"y":0}},{"s":[538.192,735.283,0],"t":472,"i":{"x":1,"y":1},"o":{"x":0,"y":0}},{"s":[537.752,734.768,0],"t":474,"i":{"x":1,"y":1},"o":{"x":0,"y":0}},{"s":[537.402,734.202,0],"t":476,"i":{"x":1,"y":1},"o":{"x":0,"y":0}},{"s":[537.156,733.609,0],"t":478,"i":{"x":1,"y":1},"o":{"x":0,"y":0}},{"s":[537.023,733.011,0],"t":480,"i":{"x":1,"y":1},"o":{"x":0,"y":0}},{"s":[537.009,732.433,0],"t":482,"i":{"x":1,"y":1},"o":{"x":0,"y":0}},{"s":[537.114,731.897,0],"t":484,"i":{"x":1,"y":1},"o":{"x":0,"y":0}},{"s":[537.484,731.219,0],"t":487,"i":{"x":1,"y":1},"o":{"x":0,"y":0}},{"s":[537.859,730.877,0],"t":489,"i":{"x":1,"y":1},"o":{"x":0,"y":0}},{"s":[538.319,730.64,0],"t":491,"i":{"x":1,"y":1},"o":{"x":0,"y":0}},{"s":[538.846,730.517,0],"t":493,"i":{"x":1,"y":1},"o":{"x":0,"y":0}},{"s":[539.129,730.5,0],"t":494,"i":{"x":1,"y":1},"o":{"x":0,"y":0}},{"s":[539.42,730.513,0],"t":495,"i":{"x":1,"y":1},"o":{"x":0,"y":0}},{"s":[539.716,730.556,0],"t":496,"i":{"x":1,"y":1},"o":{"x":0,"y":0}},{"s":[540.016,730.628,0],"t":497,"i":{"x":1,"y":1},"o":{"x":0,"y":0}},{"s":[540.315,730.729,0],"t":498,"i":{"x":1,"y":1},"o":{"x":0,"y":0}},{"s":[540.612,730.857,0],"t":499,"i":{"x":1,"y":1},"o":{"x":0,"y":0}},{"s":[540.902,731.012,0],"t":500,"i":{"x":1,"y":1},"o":{"x":0,"y":0}},{"s":[541.183,731.192,0],"t":501,"i":{"x":1,"y":1},"o":{"x":0,"y":0}},{"s":[541.707,731.619,0],"t":503,"i":{"x":1,"y":1},"o":{"x":0,"y":0}},{"s":[542.163,732.12,0],"t":505,"i":{"x":1,"y":1},"o":{"x":0,"y":0}},{"s":[542.533,732.677,0],"t":507,"i":{"x":1,"y":1},"o":{"x":0,"y":0}},{"s":[542.802,733.267,0],"t":509,"i":{"x":1,"y":1},"o":{"x":0,"y":0}},{"s":[542.959,733.865,0],"t":511,"i":{"x":1,"y":1},"o":{"x":0,"y":0}},{"s":[542.998,734.45,0],"t":513,"i":{"x":1,"y":1},"o":{"x":0,"y":0}},{"s":[542.918,734.996,0],"t":515,"i":{"x":1,"y":1},"o":{"x":0,"y":0}},{"s":[542.582,735.698,0],"t":518,"i":{"x":1,"y":1},"o":{"x":0,"y":0}},{"s":[542.226,736.06,0],"t":520,"i":{"x":1,"y":1},"o":{"x":0,"y":0}},{"s":[541.783,736.319,0],"t":522,"i":{"x":1,"y":1},"o":{"x":0,"y":0}},{"s":[541.268,736.467,0],"t":524,"i":{"x":1,"y":1},"o":{"x":0,"y":0}},{"s":[540.99,736.496,0],"t":525,"i":{"x":1,"y":1},"o":{"x":0,"y":0}},{"s":[540.702,736.496,0],"t":526,"i":{"x":1,"y":1},"o":{"x":0,"y":0}},{"s":[540.408,736.466,0],"t":527,"i":{"x":1,"y":1},"o":{"x":0,"y":0}},{"s":[540.109,736.406,0],"t":528,"i":{"x":1,"y":1},"o":{"x":0,"y":0}},{"s":[539.809,736.317,0],"t":529,"i":{"x":1,"y":1},"o":{"x":0,"y":0}},{"s":[539.511,736.2,0],"t":530,"i":{"x":1,"y":1},"o":{"x":0,"y":0}},{"s":[539.218,736.055,0],"t":531,"i":{"x":1,"y":1},"o":{"x":0,"y":0}},{"s":[538.933,735.886,0],"t":532,"i":{"x":1,"y":1},"o":{"x":0,"y":0}},{"s":[538.397,735.477,0],"t":534,"i":{"x":1,"y":1},"o":{"x":0,"y":0}},{"s":[537.925,734.989,0],"t":536,"i":{"x":1,"y":1},"o":{"x":0,"y":0}},{"s":[537.536,734.442,0],"t":538,"i":{"x":1,"y":1},"o":{"x":0,"y":0}},{"s":[537.245,733.858,0],"t":540,"i":{"x":1,"y":1},"o":{"x":0,"y":0}},{"s":[537.064,733.259,0],"t":542,"i":{"x":1,"y":1},"o":{"x":0,"y":0}},{"s":[537,732.669,0],"t":544,"i":{"x":1,"y":1},"o":{"x":0,"y":0}},{"s":[537.056,732.113,0],"t":546,"i":{"x":1,"y":1},"o":{"x":0,"y":0}},{"s":[537.357,731.389,0],"t":549,"i":{"x":1,"y":1},"o":{"x":0,"y":0}},{"s":[537.692,731.008,0],"t":551,"i":{"x":1,"y":1},"o":{"x":0,"y":0}},{"s":[538.119,730.726,0],"t":553,"i":{"x":1,"y":1},"o":{"x":0,"y":0}},{"s":[538.62,730.554,0],"t":555,"i":{"x":1,"y":1},"o":{"x":0,"y":0}},{"s":[538.893,730.512,0],"t":556,"i":{"x":1,"y":1},"o":{"x":0,"y":0}},{"s":[539.177,730.5,0],"t":557,"i":{"x":1,"y":1},"o":{"x":0,"y":0}},{"s":[539.469,730.518,0],"t":558,"i":{"x":1,"y":1},"o":{"x":0,"y":0}},{"s":[539.767,730.566,0],"t":559,"i":{"x":1,"y":1},"o":{"x":0,"y":0}},{"s":[540.066,730.643,0],"t":560,"i":{"x":1,"y":1},"o":{"x":0,"y":0}},{"s":[540.365,730.748,0],"t":561,"i":{"x":1,"y":1},"o":{"x":0,"y":0}},{"s":[540.661,730.881,0],"t":562,"i":{"x":1,"y":1},"o":{"x":0,"y":0}},{"s":[540.95,731.041,0],"t":563,"i":{"x":1,"y":1},"o":{"x":0,"y":0}},{"s":[541.229,731.224,0],"t":564,"i":{"x":1,"y":1},"o":{"x":0,"y":0}},{"s":[541.748,731.658,0],"t":566,"i":{"x":1,"y":1},"o":{"x":0,"y":0}},{"s":[542.198,732.165,0],"t":568,"i":{"x":1,"y":1},"o":{"x":0,"y":0}},{"s":[542.56,732.726,0],"t":570,"i":{"x":1,"y":1},"o":{"x":0,"y":0}},{"s":[542.819,733.317,0],"t":572,"i":{"x":1,"y":1},"o":{"x":0,"y":0}},{"s":[542.967,733.915,0],"t":574,"i":{"x":1,"y":1},"o":{"x":0,"y":0}},{"s":[542.996,734.497,0],"t":576,"i":{"x":1,"y":1},"o":{"x":0,"y":0}},{"s":[542.906,735.04,0],"t":578,"i":{"x":1,"y":1},"o":{"x":0,"y":0}},{"s":[542.555,735.732,0],"t":581,"i":{"x":1,"y":1},"o":{"x":0,"y":0}},{"s":[542.192,736.086,0],"t":583,"i":{"x":1,"y":1},"o":{"x":0,"y":0}},{"s":[541.742,736.336,0],"t":585,"i":{"x":1,"y":1},"o":{"x":0,"y":0}},{"s":[541.222,736.474,0],"t":587,"i":{"x":1,"y":1},"o":{"x":0,"y":0}},{"s":[540.942,736.498,0],"t":588,"i":{"x":1,"y":1},"o":{"x":0,"y":0}},{"s":[540.653,736.493,0],"t":589,"i":{"x":1,"y":1},"o":{"x":0,"y":0}},{"s":[540.358,736.458,0],"t":590,"i":{"x":1,"y":1},"o":{"x":0,"y":0}},{"s":[540.058,736.393,0],"t":591,"i":{"x":1,"y":1},"o":{"x":0,"y":0}},{"s":[539.759,736.299,0],"t":592,"i":{"x":1,"y":1},"o":{"x":0,"y":0}},{"s":[539.461,736.177,0],"t":593,"i":{"x":1,"y":1},"o":{"x":0,"y":0}},{"s":[539.169,736.029,0],"t":594,"i":{"x":1,"y":1},"o":{"x":0,"y":0}},{"s":[538.886,735.855,0],"t":595,"i":{"x":1,"y":1},"o":{"x":0,"y":0}},{"s":[538.355,735.439,0],"t":597,"i":{"x":1,"y":1},"o":{"x":0,"y":0}}],"l":2},"a":{"a":0,"k":[0.84,-34.93,0],"ix":1,"l":2},"s":{"a":0,"k":[100,100,100],"ix":6,"l":2}},"ao":0,"ef":[{"ty":25,"nm":"Drop Shadow","np":8,"mn":"ADBE Drop Shadow","ix":1,"en":1,"ef":[{"ty":2,"nm":"Shadow Color","mn":"ADBE Drop Shadow-0001","ix":1,"v":{"a":0,"k":[0,0,0,1],"ix":1}},{"ty":0,"nm":"Opacity","mn":"ADBE Drop Shadow-0002","ix":2,"v":{"a":0,"k":255,"ix":2}},{"ty":0,"nm":"Direction","mn":"ADBE Drop Shadow-0003","ix":3,"v":{"a":0,"k":180,"ix":3}},{"ty":0,"nm":"Distance","mn":"ADBE Drop Shadow-0004","ix":4,"v":{"a":0,"k":4,"ix":4}},{"ty":0,"nm":"Softness","mn":"ADBE Drop Shadow-0005","ix":5,"v":{"a":0,"k":200,"ix":5}},{"ty":7,"nm":"Shadow Only","mn":"ADBE Drop Shadow-0006","ix":6,"v":{"a":0,"k":0,"ix":6}}]},{"ty":5,"nm":"AC IN [XUT] Controls","np":3,"mn":"Pseudo/MHAC PrCtrl XUT 7","ix":2,"en":1,"ef":[{"ty":3,"nm":"Position","mn":"Pseudo/MHAC PrCtrl XUT 7-0001","ix":1,"v":{"a":0,"k":[0,80],"ix":1}}]},{"ty":5,"nm":"AC FX [QJF] Controls","np":8,"mn":"Pseudo/MHAC PrCtrl QJF 9","ix":3,"en":1,"ef":[{"ty":0,"nm":"Intensity","mn":"Pseudo/MHAC PrCtrl QJF 9-0001","ix":1,"v":{"a":0,"k":2,"ix":1}},{"ty":3,"nm":"XY Motion Range","mn":"Pseudo/MHAC PrCtrl QJF 9-0002","ix":2,"v":{"a":0,"k":[150,150],"ix":2}},{"ty":0,"nm":"X Frequency","mn":"Pseudo/MHAC PrCtrl QJF 9-0003","ix":3,"v":{"a":0,"k":6,"ix":3}},{"ty":0,"nm":"Y Frequency","mn":"Pseudo/MHAC PrCtrl QJF 9-0004","ix":4,"v":{"a":0,"k":6,"ix":4}},{"ty":0,"nm":"X Time Offset","mn":"Pseudo/MHAC PrCtrl QJF 9-0005","ix":5,"v":{"a":0,"k":0,"ix":5}},{"ty":0,"nm":"Y Time Offset","mn":"Pseudo/MHAC PrCtrl QJF 9-0006","ix":6,"v":{"a":0,"k":5,"ix":6}}]}],"t":{"d":{"k":[{"s":{"s":140,"f":"Alegreya-Bold","t":"$25,456","ca":0,"j":2,"tr":0,"lh":182,"ls":0,"fc":[1,1,1]},"t":0}]},"p":{},"m":{"g":1,"a":{"a":0,"k":[0,0],"ix":2}},"a":[]},"ip":10,"op":610,"st":10,"ct":1,"bm":0},{"ddd":0,"ind":5,"ty":5,"nm":"title_line_1","sr":1,"ks":{"o":{"k":[{"s":[0],"t":10,"i":{"x":[1],"y":[1]},"o":{"x":[0],"y":[0]}},{"s":[13.853],"t":11,"i":{"x":[1],"y":[1]},"o":{"x":[0],"y":[0]}},{"s":[26.127],"t":12,"i":{"x":[1],"y":[1]},"o":{"x":[0],"y":[0]}},{"s":[36.96],"t":13,"i":{"x":[1],"y":[1]},"o":{"x":[0],"y":[0]}},{"s":[46.483],"t":14,"i":{"x":[1],"y":[1]},"o":{"x":[0],"y":[0]}},{"s":[54.819],"t":15,"i":{"x":[1],"y":[1]},"o":{"x":[0],"y":[0]}},{"s":[62.082],"t":16,"i":{"x":[1],"y":[1]},"o":{"x":[0],"y":[0]}},{"s":[68.379],"t":17,"i":{"x":[1],"y":[1]},"o":{"x":[0],"y":[0]}},{"s":[73.811],"t":18,"i":{"x":[1],"y":[1]},"o":{"x":[0],"y":[0]}},{"s":[78.469],"t":19,"i":{"x":[1],"y":[1]},"o":{"x":[0],"y":[0]}},{"s":[82.439],"t":20,"i":{"x":[1],"y":[1]},"o":{"x":[0],"y":[0]}},{"s":[85.801],"t":21,"i":{"x":[1],"y":[1]},"o":{"x":[0],"y":[0]}},{"s":[88.627],"t":22,"i":{"x":[1],"y":[1]},"o":{"x":[0],"y":[0]}},{"s":[90.984],"t":23,"i":{"x":[1],"y":[1]},"o":{"x":[0],"y":[0]}},{"s":[92.933],"t":24,"i":{"x":[1],"y":[1]},"o":{"x":[0],"y":[0]}},{"s":[94.529],"t":25,"i":{"x":[1],"y":[1]},"o":{"x":[0],"y":[0]}},{"s":[95.823],"t":26,"i":{"x":[1],"y":[1]},"o":{"x":[0],"y":[0]}},{"s":[96.86],"t":27,"i":{"x":[1],"y":[1]},"o":{"x":[0],"y":[0]}},{"s":[97.679],"t":28,"i":{"x":[1],"y":[1]},"o":{"x":[0],"y":[0]}},{"s":[98.318],"t":29,"i":{"x":[1],"y":[1]},"o":{"x":[0],"y":[0]}},{"s":[98.808],"t":30,"i":{"x":[1],"y":[1]},"o":{"x":[0],"y":[0]}},{"s":[99.176],"t":31,"i":{"x":[1],"y":[1]},"o":{"x":[0],"y":[0]}},{"s":[99.447],"t":32,"i":{"x":[1],"y":[1]},"o":{"x":[0],"y":[0]}},{"s":[99.642],"t":33,"i":{"x":[1],"y":[1]},"o":{"x":[0],"y":[0]}},{"s":[99.777],"t":34,"i":{"x":[1],"y":[1]},"o":{"x":[0],"y":[0]}},{"s":[99.868],"t":35,"i":{"x":[1],"y":[1]},"o":{"x":[0],"y":[0]}},{"s":[99.962],"t":37,"i":{"x":[1],"y":[1]},"o":{"x":[0],"y":[0]}}]},"r":{"a":0,"k":0,"ix":10},"p":{"k":[{"s":[539.5,669.351,0],"t":10,"i":{"x":1,"y":1},"o":{"x":0,"y":0}},{"s":[539.485,662.787,0],"t":11,"i":{"x":1,"y":1},"o":{"x":0,"y":0}},{"s":[539.44,656.614,0],"t":12,"i":{"x":1,"y":1},"o":{"x":0,"y":0}},{"s":[539.366,650.817,0],"t":13,"i":{"x":1,"y":1},"o":{"x":0,"y":0}},{"s":[539.263,645.382,0],"t":14,"i":{"x":1,"y":1},"o":{"x":0,"y":0}},{"s":[539.133,640.293,0],"t":15,"i":{"x":1,"y":1},"o":{"x":0,"y":0}},{"s":[538.976,635.536,0],"t":16,"i":{"x":1,"y":1},"o":{"x":0,"y":0}},{"s":[538.795,631.098,0],"t":17,"i":{"x":1,"y":1},"o":{"x":0,"y":0}},{"s":[538.59,626.963,0],"t":18,"i":{"x":1,"y":1},"o":{"x":0,"y":0}},{"s":[538.365,623.119,0],"t":19,"i":{"x":1,"y":1},"o":{"x":0,"y":0}},{"s":[538.121,619.552,0],"t":20,"i":{"x":1,"y":1},"o":{"x":0,"y":0}},{"s":[537.861,616.249,0],"t":21,"i":{"x":1,"y":1},"o":{"x":0,"y":0}},{"s":[537.587,613.197,0],"t":22,"i":{"x":1,"y":1},"o":{"x":0,"y":0}},{"s":[537.302,610.384,0],"t":23,"i":{"x":1,"y":1},"o":{"x":0,"y":0}},{"s":[537.01,607.796,0],"t":24,"i":{"x":1,"y":1},"o":{"x":0,"y":0}},{"s":[536.712,605.423,0],"t":25,"i":{"x":1,"y":1},"o":{"x":0,"y":0}},{"s":[536.412,603.252,0],"t":26,"i":{"x":1,"y":1},"o":{"x":0,"y":0}},{"s":[536.113,601.272,0],"t":27,"i":{"x":1,"y":1},"o":{"x":0,"y":0}},{"s":[535.818,599.473,0],"t":28,"i":{"x":1,"y":1},"o":{"x":0,"y":0}},{"s":[535.53,597.842,0],"t":29,"i":{"x":1,"y":1},"o":{"x":0,"y":0}},{"s":[535.252,596.37,0],"t":30,"i":{"x":1,"y":1},"o":{"x":0,"y":0}},{"s":[534.985,595.047,0],"t":31,"i":{"x":1,"y":1},"o":{"x":0,"y":0}},{"s":[534.734,593.861,0],"t":32,"i":{"x":1,"y":1},"o":{"x":0,"y":0}},{"s":[534.501,592.804,0],"t":33,"i":{"x":1,"y":1},"o":{"x":0,"y":0}},{"s":[534.288,591.865,0],"t":34,"i":{"x":1,"y":1},"o":{"x":0,"y":0}},{"s":[534.097,591.036,0],"t":35,"i":{"x":1,"y":1},"o":{"x":0,"y":0}},{"s":[533.929,590.306,0],"t":36,"i":{"x":1,"y":1},"o":{"x":0,"y":0}},{"s":[533.788,589.666,0],"t":37,"i":{"x":1,"y":1},"o":{"x":0,"y":0}},{"s":[533.673,589.108,0],"t":38,"i":{"x":1,"y":1},"o":{"x":0,"y":0}},{"s":[533.587,588.621,0],"t":39,"i":{"x":1,"y":1},"o":{"x":0,"y":0}},{"s":[533.53,588.197,0],"t":40,"i":{"x":1,"y":1},"o":{"x":0,"y":0}},{"s":[533.503,587.826,0],"t":41,"i":{"x":1,"y":1},"o":{"x":0,"y":0}},{"s":[533.505,587.5,0],"t":42,"i":{"x":1,"y":1},"o":{"x":0,"y":0}},{"s":[533.6,586.942,0],"t":44,"i":{"x":1,"y":1},"o":{"x":0,"y":0}},{"s":[533.81,586.464,0],"t":46,"i":{"x":1,"y":1},"o":{"x":0,"y":0}},{"s":[534.322,585.904,0],"t":49,"i":{"x":1,"y":1},"o":{"x":0,"y":0}},{"s":[534.776,585.657,0],"t":51,"i":{"x":1,"y":1},"o":{"x":0,"y":0}},{"s":[535.298,585.523,0],"t":53,"i":{"x":1,"y":1},"o":{"x":0,"y":0}},{"s":[535.578,585.501,0],"t":54,"i":{"x":1,"y":1},"o":{"x":0,"y":0}},{"s":[535.868,585.508,0],"t":55,"i":{"x":1,"y":1},"o":{"x":0,"y":0}},{"s":[536.164,585.546,0],"t":56,"i":{"x":1,"y":1},"o":{"x":0,"y":0}},{"s":[536.463,585.613,0],"t":57,"i":{"x":1,"y":1},"o":{"x":0,"y":0}},{"s":[536.762,585.709,0],"t":58,"i":{"x":1,"y":1},"o":{"x":0,"y":0}},{"s":[537.06,585.832,0],"t":59,"i":{"x":1,"y":1},"o":{"x":0,"y":0}},{"s":[537.351,585.983,0],"t":60,"i":{"x":1,"y":1},"o":{"x":0,"y":0}},{"s":[537.634,586.158,0],"t":61,"i":{"x":1,"y":1},"o":{"x":0,"y":0}},{"s":[538.163,586.578,0],"t":63,"i":{"x":1,"y":1},"o":{"x":0,"y":0}},{"s":[538.626,587.073,0],"t":65,"i":{"x":1,"y":1},"o":{"x":0,"y":0}},{"s":[539.004,587.626,0],"t":67,"i":{"x":1,"y":1},"o":{"x":0,"y":0}},{"s":[539.282,588.214,0],"t":69,"i":{"x":1,"y":1},"o":{"x":0,"y":0}},{"s":[539.381,588.513,0],"t":70,"i":{"x":1,"y":1},"o":{"x":0,"y":0}},{"s":[539.45,588.813,0],"t":71,"i":{"x":1,"y":1},"o":{"x":0,"y":0}},{"s":[539.5,589.399,0],"t":73,"i":{"x":1,"y":1},"o":{"x":0,"y":0}},{"s":[539.43,589.95,0],"t":75,"i":{"x":1,"y":1},"o":{"x":0,"y":0}},{"s":[539.243,590.443,0],"t":77,"i":{"x":1,"y":1},"o":{"x":0,"y":0}},{"s":[538.762,591.032,0],"t":80,"i":{"x":1,"y":1},"o":{"x":0,"y":0}},{"s":[538.325,591.301,0],"t":82,"i":{"x":1,"y":1},"o":{"x":0,"y":0}},{"s":[537.816,591.459,0],"t":84,"i":{"x":1,"y":1},"o":{"x":0,"y":0}},{"s":[537.54,591.493,0],"t":85,"i":{"x":1,"y":1},"o":{"x":0,"y":0}},{"s":[537.254,591.498,0],"t":86,"i":{"x":1,"y":1},"o":{"x":0,"y":0}},{"s":[536.96,591.473,0],"t":87,"i":{"x":1,"y":1},"o":{"x":0,"y":0}},{"s":[536.662,591.418,0],"t":88,"i":{"x":1,"y":1},"o":{"x":0,"y":0}},{"s":[536.362,591.335,0],"t":89,"i":{"x":1,"y":1},"o":{"x":0,"y":0}},{"s":[536.063,591.222,0],"t":90,"i":{"x":1,"y":1},"o":{"x":0,"y":0}},{"s":[535.769,591.083,0],"t":91,"i":{"x":1,"y":1},"o":{"x":0,"y":0}},{"s":[535.483,590.918,0],"t":92,"i":{"x":1,"y":1},"o":{"x":0,"y":0}},{"s":[535.206,590.728,0],"t":93,"i":{"x":1,"y":1},"o":{"x":0,"y":0}},{"s":[534.694,590.285,0],"t":95,"i":{"x":1,"y":1},"o":{"x":0,"y":0}},{"s":[534.254,589.77,0],"t":97,"i":{"x":1,"y":1},"o":{"x":0,"y":0}},{"s":[533.904,589.205,0],"t":99,"i":{"x":1,"y":1},"o":{"x":0,"y":0}},{"s":[533.767,588.91,0],"t":100,"i":{"x":1,"y":1},"o":{"x":0,"y":0}},{"s":[533.657,588.611,0],"t":101,"i":{"x":1,"y":1},"o":{"x":0,"y":0}},{"s":[533.575,588.312,0],"t":102,"i":{"x":1,"y":1},"o":{"x":0,"y":0}},{"s":[533.523,588.014,0],"t":103,"i":{"x":1,"y":1},"o":{"x":0,"y":0}},{"s":[533.508,587.435,0],"t":105,"i":{"x":1,"y":1},"o":{"x":0,"y":0}},{"s":[533.613,586.899,0],"t":107,"i":{"x":1,"y":1},"o":{"x":0,"y":0}},{"s":[533.832,586.427,0],"t":109,"i":{"x":1,"y":1},"o":{"x":0,"y":0}},{"s":[534.357,585.879,0],"t":112,"i":{"x":1,"y":1},"o":{"x":0,"y":0}},{"s":[534.817,585.641,0],"t":114,"i":{"x":1,"y":1},"o":{"x":0,"y":0}},{"s":[535.344,585.517,0],"t":116,"i":{"x":1,"y":1},"o":{"x":0,"y":0}},{"s":[535.626,585.5,0],"t":117,"i":{"x":1,"y":1},"o":{"x":0,"y":0}},{"s":[535.917,585.513,0],"t":118,"i":{"x":1,"y":1},"o":{"x":0,"y":0}},{"s":[536.214,585.555,0],"t":119,"i":{"x":1,"y":1},"o":{"x":0,"y":0}},{"s":[536.513,585.627,0],"t":120,"i":{"x":1,"y":1},"o":{"x":0,"y":0}},{"s":[536.813,585.728,0],"t":121,"i":{"x":1,"y":1},"o":{"x":0,"y":0}},{"s":[537.109,585.856,0],"t":122,"i":{"x":1,"y":1},"o":{"x":0,"y":0}},{"s":[537.399,586.011,0],"t":123,"i":{"x":1,"y":1},"o":{"x":0,"y":0}},{"s":[537.68,586.19,0],"t":124,"i":{"x":1,"y":1},"o":{"x":0,"y":0}},{"s":[538.205,586.617,0],"t":126,"i":{"x":1,"y":1},"o":{"x":0,"y":0}},{"s":[538.661,587.118,0],"t":128,"i":{"x":1,"y":1},"o":{"x":0,"y":0}},{"s":[539.032,587.675,0],"t":130,"i":{"x":1,"y":1},"o":{"x":0,"y":0}},{"s":[539.18,587.967,0],"t":131,"i":{"x":1,"y":1},"o":{"x":0,"y":0}},{"s":[539.301,588.264,0],"t":132,"i":{"x":1,"y":1},"o":{"x":0,"y":0}},{"s":[539.394,588.564,0],"t":133,"i":{"x":1,"y":1},"o":{"x":0,"y":0}},{"s":[539.459,588.863,0],"t":134,"i":{"x":1,"y":1},"o":{"x":0,"y":0}},{"s":[539.498,589.447,0],"t":136,"i":{"x":1,"y":1},"o":{"x":0,"y":0}},{"s":[539.418,589.994,0],"t":138,"i":{"x":1,"y":1},"o":{"x":0,"y":0}},{"s":[539.222,590.481,0],"t":140,"i":{"x":1,"y":1},"o":{"x":0,"y":0}},{"s":[538.728,591.058,0],"t":143,"i":{"x":1,"y":1},"o":{"x":0,"y":0}},{"s":[538.285,591.319,0],"t":145,"i":{"x":1,"y":1},"o":{"x":0,"y":0}},{"s":[537.77,591.467,0],"t":147,"i":{"x":1,"y":1},"o":{"x":0,"y":0}},{"s":[537.492,591.496,0],"t":148,"i":{"x":1,"y":1},"o":{"x":0,"y":0}},{"s":[537.205,591.496,0],"t":149,"i":{"x":1,"y":1},"o":{"x":0,"y":0}},{"s":[536.91,591.466,0],"t":150,"i":{"x":1,"y":1},"o":{"x":0,"y":0}},{"s":[536.611,591.406,0],"t":151,"i":{"x":1,"y":1},"o":{"x":0,"y":0}},{"s":[536.312,591.318,0],"t":152,"i":{"x":1,"y":1},"o":{"x":0,"y":0}},{"s":[536.014,591.201,0],"t":153,"i":{"x":1,"y":1},"o":{"x":0,"y":0}},{"s":[535.721,591.057,0],"t":154,"i":{"x":1,"y":1},"o":{"x":0,"y":0}},{"s":[535.435,590.887,0],"t":155,"i":{"x":1,"y":1},"o":{"x":0,"y":0}},{"s":[535.161,590.694,0],"t":156,"i":{"x":1,"y":1},"o":{"x":0,"y":0}},{"s":[534.654,590.244,0],"t":158,"i":{"x":1,"y":1},"o":{"x":0,"y":0}},{"s":[534.221,589.724,0],"t":160,"i":{"x":1,"y":1},"o":{"x":0,"y":0}},{"s":[533.879,589.156,0],"t":162,"i":{"x":1,"y":1},"o":{"x":0,"y":0}},{"s":[533.746,588.86,0],"t":163,"i":{"x":1,"y":1},"o":{"x":0,"y":0}},{"s":[533.641,588.561,0],"t":164,"i":{"x":1,"y":1},"o":{"x":0,"y":0}},{"s":[533.565,588.261,0],"t":165,"i":{"x":1,"y":1},"o":{"x":0,"y":0}},{"s":[533.517,587.964,0],"t":166,"i":{"x":1,"y":1},"o":{"x":0,"y":0}},{"s":[533.513,587.388,0],"t":168,"i":{"x":1,"y":1},"o":{"x":0,"y":0}},{"s":[533.627,586.857,0],"t":170,"i":{"x":1,"y":1},"o":{"x":0,"y":0}},{"s":[533.856,586.391,0],"t":172,"i":{"x":1,"y":1},"o":{"x":0,"y":0}},{"s":[534.19,586.009,0],"t":174,"i":{"x":1,"y":1},"o":{"x":0,"y":0}},{"s":[534.617,585.727,0],"t":176,"i":{"x":1,"y":1},"o":{"x":0,"y":0}},{"s":[535.118,585.555,0],"t":178,"i":{"x":1,"y":1},"o":{"x":0,"y":0}},{"s":[535.391,585.512,0],"t":179,"i":{"x":1,"y":1},"o":{"x":0,"y":0}},{"s":[535.675,585.5,0],"t":180,"i":{"x":1,"y":1},"o":{"x":0,"y":0}},{"s":[535.967,585.518,0],"t":181,"i":{"x":1,"y":1},"o":{"x":0,"y":0}},{"s":[536.264,585.565,0],"t":182,"i":{"x":1,"y":1},"o":{"x":0,"y":0}},{"s":[536.564,585.642,0],"t":183,"i":{"x":1,"y":1},"o":{"x":0,"y":0}},{"s":[536.863,585.747,0],"t":184,"i":{"x":1,"y":1},"o":{"x":0,"y":0}},{"s":[537.158,585.88,0],"t":185,"i":{"x":1,"y":1},"o":{"x":0,"y":0}},{"s":[537.447,586.039,0],"t":186,"i":{"x":1,"y":1},"o":{"x":0,"y":0}},{"s":[537.727,586.223,0],"t":187,"i":{"x":1,"y":1},"o":{"x":0,"y":0}},{"s":[538.246,586.656,0],"t":189,"i":{"x":1,"y":1},"o":{"x":0,"y":0}},{"s":[538.696,587.163,0],"t":191,"i":{"x":1,"y":1},"o":{"x":0,"y":0}},{"s":[539.058,587.723,0],"t":193,"i":{"x":1,"y":1},"o":{"x":0,"y":0}},{"s":[539.202,588.016,0],"t":194,"i":{"x":1,"y":1},"o":{"x":0,"y":0}},{"s":[539.319,588.314,0],"t":195,"i":{"x":1,"y":1},"o":{"x":0,"y":0}},{"s":[539.407,588.614,0],"t":196,"i":{"x":1,"y":1},"o":{"x":0,"y":0}},{"s":[539.467,588.913,0],"t":197,"i":{"x":1,"y":1},"o":{"x":0,"y":0}},{"s":[539.496,589.495,0],"t":199,"i":{"x":1,"y":1},"o":{"x":0,"y":0}},{"s":[539.406,590.037,0],"t":201,"i":{"x":1,"y":1},"o":{"x":0,"y":0}},{"s":[539.201,590.519,0],"t":203,"i":{"x":1,"y":1},"o":{"x":0,"y":0}},{"s":[538.694,591.084,0],"t":206,"i":{"x":1,"y":1},"o":{"x":0,"y":0}},{"s":[538.244,591.335,0],"t":208,"i":{"x":1,"y":1},"o":{"x":0,"y":0}},{"s":[537.724,591.474,0],"t":210,"i":{"x":1,"y":1},"o":{"x":0,"y":0}},{"s":[537.445,591.498,0],"t":211,"i":{"x":1,"y":1},"o":{"x":0,"y":0}},{"s":[537.156,591.493,0],"t":212,"i":{"x":1,"y":1},"o":{"x":0,"y":0}},{"s":[536.86,591.458,0],"t":213,"i":{"x":1,"y":1},"o":{"x":0,"y":0}},{"s":[536.561,591.393,0],"t":214,"i":{"x":1,"y":1},"o":{"x":0,"y":0}},{"s":[536.261,591.3,0],"t":215,"i":{"x":1,"y":1},"o":{"x":0,"y":0}},{"s":[535.964,591.178,0],"t":216,"i":{"x":1,"y":1},"o":{"x":0,"y":0}},{"s":[535.672,591.03,0],"t":217,"i":{"x":1,"y":1},"o":{"x":0,"y":0}},{"s":[535.388,590.857,0],"t":218,"i":{"x":1,"y":1},"o":{"x":0,"y":0}},{"s":[534.857,590.441,0],"t":220,"i":{"x":1,"y":1},"o":{"x":0,"y":0}},{"s":[534.391,589.948,0],"t":222,"i":{"x":1,"y":1},"o":{"x":0,"y":0}},{"s":[534.009,589.397,0],"t":224,"i":{"x":1,"y":1},"o":{"x":0,"y":0}},{"s":[533.727,588.81,0],"t":226,"i":{"x":1,"y":1},"o":{"x":0,"y":0}},{"s":[533.626,588.511,0],"t":227,"i":{"x":1,"y":1},"o":{"x":0,"y":0}},{"s":[533.555,588.211,0],"t":228,"i":{"x":1,"y":1},"o":{"x":0,"y":0}},{"s":[533.5,587.624,0],"t":230,"i":{"x":1,"y":1},"o":{"x":0,"y":0}},{"s":[533.565,587.071,0],"t":232,"i":{"x":1,"y":1},"o":{"x":0,"y":0}},{"s":[533.747,586.575,0],"t":234,"i":{"x":1,"y":1},"o":{"x":0,"y":0}},{"s":[534.039,586.157,0],"t":236,"i":{"x":1,"y":1},"o":{"x":0,"y":0}},{"s":[534.429,585.831,0],"t":238,"i":{"x":1,"y":1},"o":{"x":0,"y":0}},{"s":[534.902,585.612,0],"t":240,"i":{"x":1,"y":1},"o":{"x":0,"y":0}},{"s":[535.163,585.545,0],"t":241,"i":{"x":1,"y":1},"o":{"x":0,"y":0}},{"s":[535.438,585.508,0],"t":242,"i":{"x":1,"y":1},"o":{"x":0,"y":0}},{"s":[535.723,585.501,0],"t":243,"i":{"x":1,"y":1},"o":{"x":0,"y":0}},{"s":[536.016,585.524,0],"t":244,"i":{"x":1,"y":1},"o":{"x":0,"y":0}},{"s":[536.314,585.576,0],"t":245,"i":{"x":1,"y":1},"o":{"x":0,"y":0}},{"s":[536.614,585.658,0],"t":246,"i":{"x":1,"y":1},"o":{"x":0,"y":0}},{"s":[536.913,585.768,0],"t":247,"i":{"x":1,"y":1},"o":{"x":0,"y":0}},{"s":[537.207,585.905,0],"t":248,"i":{"x":1,"y":1},"o":{"x":0,"y":0}},{"s":[537.495,586.068,0],"t":249,"i":{"x":1,"y":1},"o":{"x":0,"y":0}},{"s":[537.773,586.256,0],"t":250,"i":{"x":1,"y":1},"o":{"x":0,"y":0}},{"s":[538.287,586.696,0],"t":252,"i":{"x":1,"y":1},"o":{"x":0,"y":0}},{"s":[538.73,587.208,0],"t":254,"i":{"x":1,"y":1},"o":{"x":0,"y":0}},{"s":[539.084,587.772,0],"t":256,"i":{"x":1,"y":1},"o":{"x":0,"y":0}},{"s":[539.223,588.066,0],"t":257,"i":{"x":1,"y":1},"o":{"x":0,"y":0}},{"s":[539.335,588.365,0],"t":258,"i":{"x":1,"y":1},"o":{"x":0,"y":0}},{"s":[539.419,588.665,0],"t":259,"i":{"x":1,"y":1},"o":{"x":0,"y":0}},{"s":[539.474,588.963,0],"t":260,"i":{"x":1,"y":1},"o":{"x":0,"y":0}},{"s":[539.493,589.542,0],"t":262,"i":{"x":1,"y":1},"o":{"x":0,"y":0}},{"s":[539.393,590.08,0],"t":264,"i":{"x":1,"y":1},"o":{"x":0,"y":0}},{"s":[539.178,590.556,0],"t":266,"i":{"x":1,"y":1},"o":{"x":0,"y":0}},{"s":[538.659,591.11,0],"t":269,"i":{"x":1,"y":1},"o":{"x":0,"y":0}},{"s":[538.203,591.352,0],"t":271,"i":{"x":1,"y":1},"o":{"x":0,"y":0}},{"s":[537.678,591.48,0],"t":273,"i":{"x":1,"y":1},"o":{"x":0,"y":0}},{"s":[537.397,591.5,0],"t":274,"i":{"x":1,"y":1},"o":{"x":0,"y":0}},{"s":[537.106,591.489,0],"t":275,"i":{"x":1,"y":1},"o":{"x":0,"y":0}},{"s":[536.81,591.449,0],"t":276,"i":{"x":1,"y":1},"o":{"x":0,"y":0}},{"s":[536.511,591.38,0],"t":277,"i":{"x":1,"y":1},"o":{"x":0,"y":0}},{"s":[536.211,591.281,0],"t":278,"i":{"x":1,"y":1},"o":{"x":0,"y":0}},{"s":[535.914,591.155,0],"t":279,"i":{"x":1,"y":1},"o":{"x":0,"y":0}},{"s":[535.624,591.003,0],"t":280,"i":{"x":1,"y":1},"o":{"x":0,"y":0}},{"s":[535.342,590.825,0],"t":281,"i":{"x":1,"y":1},"o":{"x":0,"y":0}},{"s":[534.815,590.402,0],"t":283,"i":{"x":1,"y":1},"o":{"x":0,"y":0}},{"s":[534.355,589.903,0],"t":285,"i":{"x":1,"y":1},"o":{"x":0,"y":0}},{"s":[533.981,589.348,0],"t":287,"i":{"x":1,"y":1},"o":{"x":0,"y":0}},{"s":[533.708,588.76,0],"t":289,"i":{"x":1,"y":1},"o":{"x":0,"y":0}},{"s":[533.612,588.46,0],"t":290,"i":{"x":1,"y":1},"o":{"x":0,"y":0}},{"s":[533.545,588.161,0],"t":291,"i":{"x":1,"y":1},"o":{"x":0,"y":0}},{"s":[533.501,587.575,0],"t":293,"i":{"x":1,"y":1},"o":{"x":0,"y":0}},{"s":[533.576,587.027,0],"t":295,"i":{"x":1,"y":1},"o":{"x":0,"y":0}},{"s":[533.768,586.537,0],"t":297,"i":{"x":1,"y":1},"o":{"x":0,"y":0}},{"s":[534.256,585.954,0],"t":300,"i":{"x":1,"y":1},"o":{"x":0,"y":0}},{"s":[534.696,585.69,0],"t":302,"i":{"x":1,"y":1},"o":{"x":0,"y":0}},{"s":[535.208,585.537,0],"t":304,"i":{"x":1,"y":1},"o":{"x":0,"y":0}},{"s":[535.485,585.505,0],"t":305,"i":{"x":1,"y":1},"o":{"x":0,"y":0}},{"s":[535.772,585.503,0],"t":306,"i":{"x":1,"y":1},"o":{"x":0,"y":0}},{"s":[536.066,585.53,0],"t":307,"i":{"x":1,"y":1},"o":{"x":0,"y":0}},{"s":[536.365,585.588,0],"t":308,"i":{"x":1,"y":1},"o":{"x":0,"y":0}},{"s":[536.665,585.674,0],"t":309,"i":{"x":1,"y":1},"o":{"x":0,"y":0}},{"s":[536.963,585.789,0],"t":310,"i":{"x":1,"y":1},"o":{"x":0,"y":0}},{"s":[537.256,585.931,0],"t":311,"i":{"x":1,"y":1},"o":{"x":0,"y":0}},{"s":[537.542,586.098,0],"t":312,"i":{"x":1,"y":1},"o":{"x":0,"y":0}},{"s":[537.818,586.29,0],"t":313,"i":{"x":1,"y":1},"o":{"x":0,"y":0}},{"s":[538.327,586.737,0],"t":315,"i":{"x":1,"y":1},"o":{"x":0,"y":0}},{"s":[538.763,587.254,0],"t":317,"i":{"x":1,"y":1},"o":{"x":0,"y":0}},{"s":[539.11,587.821,0],"t":319,"i":{"x":1,"y":1},"o":{"x":0,"y":0}},{"s":[539.244,588.116,0],"t":320,"i":{"x":1,"y":1},"o":{"x":0,"y":0}},{"s":[539.352,588.415,0],"t":321,"i":{"x":1,"y":1},"o":{"x":0,"y":0}},{"s":[539.43,588.715,0],"t":322,"i":{"x":1,"y":1},"o":{"x":0,"y":0}},{"s":[539.48,589.013,0],"t":323,"i":{"x":1,"y":1},"o":{"x":0,"y":0}},{"s":[539.489,589.59,0],"t":325,"i":{"x":1,"y":1},"o":{"x":0,"y":0}},{"s":[539.38,590.123,0],"t":327,"i":{"x":1,"y":1},"o":{"x":0,"y":0}},{"s":[539.155,590.592,0],"t":329,"i":{"x":1,"y":1},"o":{"x":0,"y":0}},{"s":[538.624,591.134,0],"t":332,"i":{"x":1,"y":1},"o":{"x":0,"y":0}},{"s":[538.161,591.367,0],"t":334,"i":{"x":1,"y":1},"o":{"x":0,"y":0}},{"s":[537.631,591.485,0],"t":336,"i":{"x":1,"y":1},"o":{"x":0,"y":0}},{"s":[537.348,591.5,0],"t":337,"i":{"x":1,"y":1},"o":{"x":0,"y":0}},{"s":[537.057,591.485,0],"t":338,"i":{"x":1,"y":1},"o":{"x":0,"y":0}},{"s":[536.76,591.44,0],"t":339,"i":{"x":1,"y":1},"o":{"x":0,"y":0}},{"s":[536.46,591.365,0],"t":340,"i":{"x":1,"y":1},"o":{"x":0,"y":0}},{"s":[536.161,591.262,0],"t":341,"i":{"x":1,"y":1},"o":{"x":0,"y":0}},{"s":[535.865,591.131,0],"t":342,"i":{"x":1,"y":1},"o":{"x":0,"y":0}},{"s":[535.575,590.975,0],"t":343,"i":{"x":1,"y":1},"o":{"x":0,"y":0}},{"s":[535.295,590.793,0],"t":344,"i":{"x":1,"y":1},"o":{"x":0,"y":0}},{"s":[534.773,590.363,0],"t":346,"i":{"x":1,"y":1},"o":{"x":0,"y":0}},{"s":[534.32,589.858,0],"t":348,"i":{"x":1,"y":1},"o":{"x":0,"y":0}},{"s":[533.954,589.3,0],"t":350,"i":{"x":1,"y":1},"o":{"x":0,"y":0}},{"s":[533.809,589.007,0],"t":351,"i":{"x":1,"y":1},"o":{"x":0,"y":0}},{"s":[533.69,588.71,0],"t":352,"i":{"x":1,"y":1},"o":{"x":0,"y":0}},{"s":[533.599,588.41,0],"t":353,"i":{"x":1,"y":1},"o":{"x":0,"y":0}},{"s":[533.537,588.111,0],"t":354,"i":{"x":1,"y":1},"o":{"x":0,"y":0}},{"s":[533.503,587.528,0],"t":356,"i":{"x":1,"y":1},"o":{"x":0,"y":0}},{"s":[533.588,586.983,0],"t":358,"i":{"x":1,"y":1},"o":{"x":0,"y":0}},{"s":[533.789,586.499,0],"t":360,"i":{"x":1,"y":1},"o":{"x":0,"y":0}},{"s":[534.29,585.928,0],"t":363,"i":{"x":1,"y":1},"o":{"x":0,"y":0}},{"s":[534.737,585.672,0],"t":365,"i":{"x":1,"y":1},"o":{"x":0,"y":0}},{"s":[535.254,585.53,0],"t":367,"i":{"x":1,"y":1},"o":{"x":0,"y":0}},{"s":[535.533,585.502,0],"t":368,"i":{"x":1,"y":1},"o":{"x":0,"y":0}},{"s":[535.821,585.505,0],"t":369,"i":{"x":1,"y":1},"o":{"x":0,"y":0}},{"s":[536.116,585.538,0],"t":370,"i":{"x":1,"y":1},"o":{"x":0,"y":0}},{"s":[536.415,585.6,0],"t":371,"i":{"x":1,"y":1},"o":{"x":0,"y":0}},{"s":[536.715,585.692,0],"t":372,"i":{"x":1,"y":1},"o":{"x":0,"y":0}},{"s":[537.013,585.811,0],"t":373,"i":{"x":1,"y":1},"o":{"x":0,"y":0}},{"s":[537.305,585.957,0],"t":374,"i":{"x":1,"y":1},"o":{"x":0,"y":0}},{"s":[537.59,586.129,0],"t":375,"i":{"x":1,"y":1},"o":{"x":0,"y":0}},{"s":[538.123,586.541,0],"t":377,"i":{"x":1,"y":1},"o":{"x":0,"y":0}},{"s":[538.592,587.032,0],"t":379,"i":{"x":1,"y":1},"o":{"x":0,"y":0}},{"s":[538.978,587.581,0],"t":381,"i":{"x":1,"y":1},"o":{"x":0,"y":0}},{"s":[539.264,588.166,0],"t":383,"i":{"x":1,"y":1},"o":{"x":0,"y":0}},{"s":[539.367,588.465,0],"t":384,"i":{"x":1,"y":1},"o":{"x":0,"y":0}},{"s":[539.441,588.765,0],"t":385,"i":{"x":1,"y":1},"o":{"x":0,"y":0}},{"s":[539.5,589.354,0],"t":387,"i":{"x":1,"y":1},"o":{"x":0,"y":0}},{"s":[539.44,589.908,0],"t":389,"i":{"x":1,"y":1},"o":{"x":0,"y":0}},{"s":[539.262,590.406,0],"t":391,"i":{"x":1,"y":1},"o":{"x":0,"y":0}},{"s":[538.975,590.828,0],"t":393,"i":{"x":1,"y":1},"o":{"x":0,"y":0}},{"s":[538.588,591.158,0],"t":395,"i":{"x":1,"y":1},"o":{"x":0,"y":0}},{"s":[538.119,591.381,0],"t":397,"i":{"x":1,"y":1},"o":{"x":0,"y":0}},{"s":[537.585,591.49,0],"t":399,"i":{"x":1,"y":1},"o":{"x":0,"y":0}},{"s":[537.3,591.5,0],"t":400,"i":{"x":1,"y":1},"o":{"x":0,"y":0}},{"s":[537.007,591.479,0],"t":401,"i":{"x":1,"y":1},"o":{"x":0,"y":0}},{"s":[536.71,591.429,0],"t":402,"i":{"x":1,"y":1},"o":{"x":0,"y":0}},{"s":[536.41,591.35,0],"t":403,"i":{"x":1,"y":1},"o":{"x":0,"y":0}},{"s":[536.111,591.242,0],"t":404,"i":{"x":1,"y":1},"o":{"x":0,"y":0}},{"s":[535.816,591.107,0],"t":405,"i":{"x":1,"y":1},"o":{"x":0,"y":0}},{"s":[535.528,590.946,0],"t":406,"i":{"x":1,"y":1},"o":{"x":0,"y":0}},{"s":[535.249,590.76,0],"t":407,"i":{"x":1,"y":1},"o":{"x":0,"y":0}},{"s":[534.732,590.323,0],"t":409,"i":{"x":1,"y":1},"o":{"x":0,"y":0}},{"s":[534.286,589.813,0],"t":411,"i":{"x":1,"y":1},"o":{"x":0,"y":0}},{"s":[533.928,589.251,0],"t":413,"i":{"x":1,"y":1},"o":{"x":0,"y":0}},{"s":[533.787,588.957,0],"t":414,"i":{"x":1,"y":1},"o":{"x":0,"y":0}},{"s":[533.672,588.659,0],"t":415,"i":{"x":1,"y":1},"o":{"x":0,"y":0}},{"s":[533.586,588.359,0],"t":416,"i":{"x":1,"y":1},"o":{"x":0,"y":0}},{"s":[533.53,588.061,0],"t":417,"i":{"x":1,"y":1},"o":{"x":0,"y":0}},{"s":[533.505,587.48,0],"t":419,"i":{"x":1,"y":1},"o":{"x":0,"y":0}},{"s":[533.6,586.94,0],"t":421,"i":{"x":1,"y":1},"o":{"x":0,"y":0}},{"s":[533.811,586.462,0],"t":423,"i":{"x":1,"y":1},"o":{"x":0,"y":0}},{"s":[534.324,585.902,0],"t":426,"i":{"x":1,"y":1},"o":{"x":0,"y":0}},{"s":[534.778,585.656,0],"t":428,"i":{"x":1,"y":1},"o":{"x":0,"y":0}},{"s":[535.3,585.523,0],"t":430,"i":{"x":1,"y":1},"o":{"x":0,"y":0}},{"s":[535.581,585.501,0],"t":431,"i":{"x":1,"y":1},"o":{"x":0,"y":0}},{"s":[535.87,585.509,0],"t":432,"i":{"x":1,"y":1},"o":{"x":0,"y":0}},{"s":[536.166,585.546,0],"t":433,"i":{"x":1,"y":1},"o":{"x":0,"y":0}},{"s":[536.465,585.614,0],"t":434,"i":{"x":1,"y":1},"o":{"x":0,"y":0}},{"s":[536.765,585.71,0],"t":435,"i":{"x":1,"y":1},"o":{"x":0,"y":0}},{"s":[537.062,585.834,0],"t":436,"i":{"x":1,"y":1},"o":{"x":0,"y":0}},{"s":[537.354,585.984,0],"t":437,"i":{"x":1,"y":1},"o":{"x":0,"y":0}},{"s":[537.636,586.16,0],"t":438,"i":{"x":1,"y":1},"o":{"x":0,"y":0}},{"s":[538.165,586.58,0],"t":440,"i":{"x":1,"y":1},"o":{"x":0,"y":0}},{"s":[538.628,587.076,0],"t":442,"i":{"x":1,"y":1},"o":{"x":0,"y":0}},{"s":[539.006,587.629,0],"t":444,"i":{"x":1,"y":1},"o":{"x":0,"y":0}},{"s":[539.158,587.92,0],"t":445,"i":{"x":1,"y":1},"o":{"x":0,"y":0}},{"s":[539.283,588.216,0],"t":446,"i":{"x":1,"y":1},"o":{"x":0,"y":0}},{"s":[539.381,588.516,0],"t":447,"i":{"x":1,"y":1},"o":{"x":0,"y":0}},{"s":[539.45,588.815,0],"t":448,"i":{"x":1,"y":1},"o":{"x":0,"y":0}},{"s":[539.5,589.402,0],"t":450,"i":{"x":1,"y":1},"o":{"x":0,"y":0}},{"s":[539.429,589.952,0],"t":452,"i":{"x":1,"y":1},"o":{"x":0,"y":0}},{"s":[539.242,590.445,0],"t":454,"i":{"x":1,"y":1},"o":{"x":0,"y":0}},{"s":[538.76,591.033,0],"t":457,"i":{"x":1,"y":1},"o":{"x":0,"y":0}},{"s":[538.323,591.302,0],"t":459,"i":{"x":1,"y":1},"o":{"x":0,"y":0}},{"s":[537.813,591.459,0],"t":461,"i":{"x":1,"y":1},"o":{"x":0,"y":0}},{"s":[537.537,591.494,0],"t":462,"i":{"x":1,"y":1},"o":{"x":0,"y":0}},{"s":[537.251,591.498,0],"t":463,"i":{"x":1,"y":1},"o":{"x":0,"y":0}},{"s":[536.957,591.473,0],"t":464,"i":{"x":1,"y":1},"o":{"x":0,"y":0}},{"s":[536.659,591.418,0],"t":465,"i":{"x":1,"y":1},"o":{"x":0,"y":0}},{"s":[536.359,591.334,0],"t":466,"i":{"x":1,"y":1},"o":{"x":0,"y":0}},{"s":[536.061,591.221,0],"t":467,"i":{"x":1,"y":1},"o":{"x":0,"y":0}},{"s":[535.767,591.082,0],"t":468,"i":{"x":1,"y":1},"o":{"x":0,"y":0}},{"s":[535.48,590.916,0],"t":469,"i":{"x":1,"y":1},"o":{"x":0,"y":0}},{"s":[535.203,590.726,0],"t":470,"i":{"x":1,"y":1},"o":{"x":0,"y":0}},{"s":[534.692,590.283,0],"t":472,"i":{"x":1,"y":1},"o":{"x":0,"y":0}},{"s":[534.252,589.768,0],"t":474,"i":{"x":1,"y":1},"o":{"x":0,"y":0}},{"s":[533.902,589.202,0],"t":476,"i":{"x":1,"y":1},"o":{"x":0,"y":0}},{"s":[533.766,588.908,0],"t":477,"i":{"x":1,"y":1},"o":{"x":0,"y":0}},{"s":[533.656,588.609,0],"t":478,"i":{"x":1,"y":1},"o":{"x":0,"y":0}},{"s":[533.575,588.309,0],"t":479,"i":{"x":1,"y":1},"o":{"x":0,"y":0}},{"s":[533.523,588.011,0],"t":480,"i":{"x":1,"y":1},"o":{"x":0,"y":0}},{"s":[533.509,587.433,0],"t":482,"i":{"x":1,"y":1},"o":{"x":0,"y":0}},{"s":[533.614,586.897,0],"t":484,"i":{"x":1,"y":1},"o":{"x":0,"y":0}},{"s":[533.834,586.425,0],"t":486,"i":{"x":1,"y":1},"o":{"x":0,"y":0}},{"s":[534.359,585.877,0],"t":489,"i":{"x":1,"y":1},"o":{"x":0,"y":0}},{"s":[534.819,585.64,0],"t":491,"i":{"x":1,"y":1},"o":{"x":0,"y":0}},{"s":[535.346,585.517,0],"t":493,"i":{"x":1,"y":1},"o":{"x":0,"y":0}},{"s":[535.629,585.5,0],"t":494,"i":{"x":1,"y":1},"o":{"x":0,"y":0}},{"s":[535.92,585.513,0],"t":495,"i":{"x":1,"y":1},"o":{"x":0,"y":0}},{"s":[536.216,585.556,0],"t":496,"i":{"x":1,"y":1},"o":{"x":0,"y":0}},{"s":[536.516,585.628,0],"t":497,"i":{"x":1,"y":1},"o":{"x":0,"y":0}},{"s":[536.815,585.729,0],"t":498,"i":{"x":1,"y":1},"o":{"x":0,"y":0}},{"s":[537.112,585.857,0],"t":499,"i":{"x":1,"y":1},"o":{"x":0,"y":0}},{"s":[537.402,586.012,0],"t":500,"i":{"x":1,"y":1},"o":{"x":0,"y":0}},{"s":[537.683,586.192,0],"t":501,"i":{"x":1,"y":1},"o":{"x":0,"y":0}},{"s":[538.207,586.619,0],"t":503,"i":{"x":1,"y":1},"o":{"x":0,"y":0}},{"s":[538.663,587.12,0],"t":505,"i":{"x":1,"y":1},"o":{"x":0,"y":0}},{"s":[539.033,587.677,0],"t":507,"i":{"x":1,"y":1},"o":{"x":0,"y":0}},{"s":[539.181,587.969,0],"t":508,"i":{"x":1,"y":1},"o":{"x":0,"y":0}},{"s":[539.302,588.267,0],"t":509,"i":{"x":1,"y":1},"o":{"x":0,"y":0}},{"s":[539.395,588.566,0],"t":510,"i":{"x":1,"y":1},"o":{"x":0,"y":0}},{"s":[539.459,588.865,0],"t":511,"i":{"x":1,"y":1},"o":{"x":0,"y":0}},{"s":[539.498,589.45,0],"t":513,"i":{"x":1,"y":1},"o":{"x":0,"y":0}},{"s":[539.418,589.996,0],"t":515,"i":{"x":1,"y":1},"o":{"x":0,"y":0}},{"s":[539.221,590.483,0],"t":517,"i":{"x":1,"y":1},"o":{"x":0,"y":0}},{"s":[538.726,591.06,0],"t":520,"i":{"x":1,"y":1},"o":{"x":0,"y":0}},{"s":[538.283,591.319,0],"t":522,"i":{"x":1,"y":1},"o":{"x":0,"y":0}},{"s":[537.768,591.467,0],"t":524,"i":{"x":1,"y":1},"o":{"x":0,"y":0}},{"s":[537.49,591.496,0],"t":525,"i":{"x":1,"y":1},"o":{"x":0,"y":0}},{"s":[537.202,591.496,0],"t":526,"i":{"x":1,"y":1},"o":{"x":0,"y":0}},{"s":[536.908,591.466,0],"t":527,"i":{"x":1,"y":1},"o":{"x":0,"y":0}},{"s":[536.609,591.406,0],"t":528,"i":{"x":1,"y":1},"o":{"x":0,"y":0}},{"s":[536.309,591.317,0],"t":529,"i":{"x":1,"y":1},"o":{"x":0,"y":0}},{"s":[536.011,591.2,0],"t":530,"i":{"x":1,"y":1},"o":{"x":0,"y":0}},{"s":[535.718,591.055,0],"t":531,"i":{"x":1,"y":1},"o":{"x":0,"y":0}},{"s":[535.433,590.886,0],"t":532,"i":{"x":1,"y":1},"o":{"x":0,"y":0}},{"s":[535.158,590.692,0],"t":533,"i":{"x":1,"y":1},"o":{"x":0,"y":0}},{"s":[534.652,590.242,0],"t":535,"i":{"x":1,"y":1},"o":{"x":0,"y":0}},{"s":[534.219,589.722,0],"t":537,"i":{"x":1,"y":1},"o":{"x":0,"y":0}},{"s":[533.877,589.153,0],"t":539,"i":{"x":1,"y":1},"o":{"x":0,"y":0}},{"s":[533.745,588.858,0],"t":540,"i":{"x":1,"y":1},"o":{"x":0,"y":0}},{"s":[533.64,588.558,0],"t":541,"i":{"x":1,"y":1},"o":{"x":0,"y":0}},{"s":[533.564,588.259,0],"t":542,"i":{"x":1,"y":1},"o":{"x":0,"y":0}},{"s":[533.517,587.961,0],"t":543,"i":{"x":1,"y":1},"o":{"x":0,"y":0}},{"s":[533.513,587.386,0],"t":545,"i":{"x":1,"y":1},"o":{"x":0,"y":0}},{"s":[533.628,586.855,0],"t":547,"i":{"x":1,"y":1},"o":{"x":0,"y":0}},{"s":[533.857,586.389,0],"t":549,"i":{"x":1,"y":1},"o":{"x":0,"y":0}},{"s":[534.192,586.008,0],"t":551,"i":{"x":1,"y":1},"o":{"x":0,"y":0}},{"s":[534.619,585.726,0],"t":553,"i":{"x":1,"y":1},"o":{"x":0,"y":0}},{"s":[535.12,585.554,0],"t":555,"i":{"x":1,"y":1},"o":{"x":0,"y":0}},{"s":[535.393,585.512,0],"t":556,"i":{"x":1,"y":1},"o":{"x":0,"y":0}},{"s":[535.677,585.5,0],"t":557,"i":{"x":1,"y":1},"o":{"x":0,"y":0}},{"s":[535.969,585.518,0],"t":558,"i":{"x":1,"y":1},"o":{"x":0,"y":0}},{"s":[536.267,585.566,0],"t":559,"i":{"x":1,"y":1},"o":{"x":0,"y":0}},{"s":[536.566,585.643,0],"t":560,"i":{"x":1,"y":1},"o":{"x":0,"y":0}},{"s":[536.865,585.748,0],"t":561,"i":{"x":1,"y":1},"o":{"x":0,"y":0}},{"s":[537.161,585.881,0],"t":562,"i":{"x":1,"y":1},"o":{"x":0,"y":0}},{"s":[537.45,586.041,0],"t":563,"i":{"x":1,"y":1},"o":{"x":0,"y":0}},{"s":[537.729,586.224,0],"t":564,"i":{"x":1,"y":1},"o":{"x":0,"y":0}},{"s":[538.248,586.658,0],"t":566,"i":{"x":1,"y":1},"o":{"x":0,"y":0}},{"s":[538.698,587.165,0],"t":568,"i":{"x":1,"y":1},"o":{"x":0,"y":0}},{"s":[539.06,587.726,0],"t":570,"i":{"x":1,"y":1},"o":{"x":0,"y":0}},{"s":[539.203,588.019,0],"t":571,"i":{"x":1,"y":1},"o":{"x":0,"y":0}},{"s":[539.319,588.317,0],"t":572,"i":{"x":1,"y":1},"o":{"x":0,"y":0}},{"s":[539.408,588.617,0],"t":573,"i":{"x":1,"y":1},"o":{"x":0,"y":0}},{"s":[539.467,588.915,0],"t":574,"i":{"x":1,"y":1},"o":{"x":0,"y":0}},{"s":[539.496,589.497,0],"t":576,"i":{"x":1,"y":1},"o":{"x":0,"y":0}},{"s":[539.406,590.04,0],"t":578,"i":{"x":1,"y":1},"o":{"x":0,"y":0}},{"s":[539.2,590.521,0],"t":580,"i":{"x":1,"y":1},"o":{"x":0,"y":0}},{"s":[538.692,591.086,0],"t":583,"i":{"x":1,"y":1},"o":{"x":0,"y":0}},{"s":[538.242,591.336,0],"t":585,"i":{"x":1,"y":1},"o":{"x":0,"y":0}},{"s":[537.722,591.474,0],"t":587,"i":{"x":1,"y":1},"o":{"x":0,"y":0}},{"s":[537.442,591.498,0],"t":588,"i":{"x":1,"y":1},"o":{"x":0,"y":0}},{"s":[537.153,591.493,0],"t":589,"i":{"x":1,"y":1},"o":{"x":0,"y":0}},{"s":[536.858,591.458,0],"t":590,"i":{"x":1,"y":1},"o":{"x":0,"y":0}},{"s":[536.558,591.393,0],"t":591,"i":{"x":1,"y":1},"o":{"x":0,"y":0}},{"s":[536.259,591.299,0],"t":592,"i":{"x":1,"y":1},"o":{"x":0,"y":0}},{"s":[535.961,591.177,0],"t":593,"i":{"x":1,"y":1},"o":{"x":0,"y":0}},{"s":[535.669,591.029,0],"t":594,"i":{"x":1,"y":1},"o":{"x":0,"y":0}},{"s":[535.386,590.855,0],"t":595,"i":{"x":1,"y":1},"o":{"x":0,"y":0}},{"s":[534.855,590.439,0],"t":597,"i":{"x":1,"y":1},"o":{"x":0,"y":0}}],"l":2},"a":{"a":0,"k":[1.04,-20.24,0],"ix":1,"l":2},"s":{"a":0,"k":[100,100,100],"ix":6,"l":2}},"ao":0,"ef":[{"ty":25,"nm":"Drop Shadow","np":8,"mn":"ADBE Drop Shadow","ix":1,"en":1,"ef":[{"ty":2,"nm":"Shadow Color","mn":"ADBE Drop Shadow-0001","ix":1,"v":{"a":0,"k":[0,0,0,1],"ix":1}},{"ty":0,"nm":"Opacity","mn":"ADBE Drop Shadow-0002","ix":2,"v":{"a":0,"k":255,"ix":2}},{"ty":0,"nm":"Direction","mn":"ADBE Drop Shadow-0003","ix":3,"v":{"a":0,"k":180,"ix":3}},{"ty":0,"nm":"Distance","mn":"ADBE Drop Shadow-0004","ix":4,"v":{"a":0,"k":4,"ix":4}},{"ty":0,"nm":"Softness","mn":"ADBE Drop Shadow-0005","ix":5,"v":{"a":0,"k":200,"ix":5}},{"ty":7,"nm":"Shadow Only","mn":"ADBE Drop Shadow-0006","ix":6,"v":{"a":0,"k":0,"ix":6}}]},{"ty":5,"nm":"AC IN [XUT] Controls","np":3,"mn":"Pseudo/MHAC PrCtrl XUT 7","ix":2,"en":1,"ef":[{"ty":3,"nm":"Position","mn":"Pseudo/MHAC PrCtrl XUT 7-0001","ix":1,"v":{"a":0,"k":[0,80],"ix":1}}]},{"ty":5,"nm":"AC FX [QJF] Controls","np":8,"mn":"Pseudo/MHAC PrCtrl QJF 9","ix":3,"en":1,"ef":[{"ty":0,"nm":"Intensity","mn":"Pseudo/MHAC PrCtrl QJF 9-0001","ix":1,"v":{"a":0,"k":2,"ix":1}},{"ty":3,"nm":"XY Motion Range","mn":"Pseudo/MHAC PrCtrl QJF 9-0002","ix":2,"v":{"a":0,"k":[150,150],"ix":2}},{"ty":0,"nm":"X Frequency","mn":"Pseudo/MHAC PrCtrl QJF 9-0003","ix":3,"v":{"a":0,"k":6,"ix":3}},{"ty":0,"nm":"Y Frequency","mn":"Pseudo/MHAC PrCtrl QJF 9-0004","ix":4,"v":{"a":0,"k":6,"ix":4}},{"ty":0,"nm":"X Time Offset","mn":"Pseudo/MHAC PrCtrl QJF 9-0005","ix":5,"v":{"a":0,"k":0,"ix":5}},{"ty":0,"nm":"Y Time Offset","mn":"Pseudo/MHAC PrCtrl QJF 9-0006","ix":6,"v":{"a":0,"k":5,"ix":6}}]}],"t":{"d":{"k":[{"s":{"s":80,"f":"Alegreya-Bold","t":"Sales Report","ca":0,"j":2,"tr":0,"lh":104,"ls":0,"fc":[1,1,1]},"t":0}]},"p":{},"m":{"g":1,"a":{"a":0,"k":[0,0],"ix":2}},"a":[]},"ip":10,"op":610,"st":10,"ct":1,"bm":0},{"ddd":0,"ind":6,"ty":4,"nm":"overlay","sr":1,"ks":{"o":{"a":1,"k":[{"i":{"x":[0.05],"y":[1]},"o":{"x":[0.5],"y":[0]},"t":0,"s":[0]},{"t":10,"s":[100]}],"ix":11},"r":{"a":0,"k":0,"ix":10},"p":{"a":0,"k":[540,960,0],"ix":2,"l":2},"a":{"a":0,"k":[0,0,0],"ix":1,"l":2},"s":{"a":0,"k":[100,100,100],"ix":6,"l":2}},"ao":0,"shapes":[{"ty":"gr","it":[{"ty":"rc","d":1,"s":{"a":0,"k":[1080,1920],"ix":2},"p":{"a":0,"k":[0,0],"ix":3},"r":{"a":0,"k":0,"ix":4},"nm":"Rectangle Path 1","mn":"ADBE Vector Shape - Rect","hd":false},{"ty":"fl","c":{"a":0,"k":[0,0,0,1],"ix":4},"o":{"a":0,"k":20,"ix":5},"r":1,"bm":0,"nm":"Fill 1","mn":"ADBE Vector Graphic - Fill","hd":false},{"ty":"tr","p":{"a":0,"k":[0,0],"ix":2},"a":{"a":0,"k":[0,0],"ix":1},"s":{"a":0,"k":[100,100],"ix":3},"r":{"a":0,"k":0,"ix":6},"o":{"a":0,"k":100,"ix":7},"sk":{"a":0,"k":0,"ix":4},"sa":{"a":0,"k":0,"ix":5},"nm":"Transform"}],"nm":"overlay","np":2,"cix":2,"bm":0,"ix":1,"mn":"ADBE Vector Group","hd":false}],"ip":0,"op":600,"st":0,"ct":1,"bm":0},{"ddd":0,"ind":7,"ty":3,"nm":"overlay_bgBlur","parent":6,"sr":1,"ks":{"o":{"a":1,"k":[{"i":{"x":[0.05],"y":[1]},"o":{"x":[0.5],"y":[0]},"t":0,"s":[0]},{"t":10,"s":[100]}],"ix":11},"r":{"a":0,"k":0,"ix":10},"p":{"a":0,"k":[0,0,0],"ix":2,"l":2},"a":{"a":0,"k":[0,0,0],"ix":1,"l":2},"s":{"a":0,"k":[100,100,100],"ix":6,"l":2}},"ao":0,"ef":[{"ty":29,"nm":"Gaussian Blur","np":5,"mn":"ADBE Gaussian Blur 2","ix":1,"en":1,"ef":[{"ty":0,"nm":"Blurriness","mn":"ADBE Gaussian Blur 2-0001","ix":1,"v":{"a":0,"k":60,"ix":1}},{"ty":7,"nm":"Blur Dimensions","mn":"ADBE Gaussian Blur 2-0002","ix":2,"v":{"a":0,"k":1,"ix":2}},{"ty":7,"nm":"Repeat Edge Pixels","mn":"ADBE Gaussian Blur 2-0003","ix":3,"v":{"a":0,"k":0,"ix":3}}]}],"ip":0,"op":600,"st":0,"ct":1,"bm":0},{"ddd":0,"ind":8,"ty":0,"nm":"full_image_slow_zoom_storytelling","refId":"comp_0","sr":1,"ks":{"o":{"a":0,"k":100,"ix":11},"r":{"a":0,"k":0,"ix":10},"p":{"a":0,"k":[540,960,0],"ix":2,"l":2},"a":{"a":0,"k":[540,960,0],"ix":1,"l":2},"s":{"a":0,"k":[100,100,100],"ix":6,"l":2}},"ao":0,"w":1080,"h":1920,"ip":0,"op":600,"st":0,"bm":0}],"markers":[],"props":{}}