{"v":"5.12.1","fr":60,"ip":0,"op":600,"w":1080,"h":1920,"nm":"line_chart_overlay_down","ddd":0,"assets":[{"id":"a_1","w":1920,"h":1920,"u":"images/","p":"a_1.png","e":0},{"id":"comp_0","nm":"full_image_slow_zoom_storytelling","fr":60,"layers":[{"ddd":0,"ind":1,"ty":0,"nm":"a_1","refId":"comp_1","sr":1,"ks":{"o":{"a":0,"k":100,"ix":11},"r":{"a":0,"k":0,"ix":10},"p":{"a":1,"k":[{"i":{"x":0.67,"y":1},"o":{"x":0.33,"y":0},"t":0,"s":[540,960,0],"to":[0,0,0],"ti":[0,0,0]},{"t":480,"s":[636,960,0]}],"ix":2,"l":2},"a":{"a":0,"k":[540,960,0],"ix":1,"l":2},"s":{"a":1,"k":[{"i":{"x":[0.67,0.67,0.67],"y":[1,1,1]},"o":{"x":[0.33,0.33,0.33],"y":[0,0,0]},"t":0,"s":[100,100,100]},{"t":480,"s":[120,120,100]}],"ix":6,"l":2}},"ao":0,"w":1080,"h":1920,"ip":0,"op":600,"st":0,"bm":0}]},{"id":"comp_1","nm":"a_1","fr":60,"layers":[{"ddd":0,"ind":1,"ty":2,"nm":"a_1","refId":"a_1","sr":1,"ks":{"o":{"a":0,"k":100,"ix":11},"r":{"a":0,"k":0,"ix":10},"p":{"a":0,"k":[540,960,0],"ix":2,"l":2},"a":{"a":0,"k":[960,960,0],"ix":1,"l":2},"s":{"a":0,"k":[100,100,100],"ix":6,"l":2}},"ao":0,"ip":0,"op":900,"st":0,"bm":0}]}],"fonts":{"list":[{"origin":0,"fPath":"","fClass":"","fFamily":"Alegreya","fWeight":"","fStyle":"Bold","fName":"Alegreya-Bold","ascent":75.8089136499912}]},"layers":[{"ddd":0,"ind":1,"ty":3,"nm":"position","sr":3,"ks":{"o":{"a":0,"k":0,"ix":11},"r":{"a":0,"k":0,"ix":10},"p":{"a":1,"k":[{"i":{"x":0.833,"y":0.833},"o":{"x":0.167,"y":0.167},"t":10,"s":[1212,1840,0],"to":[0,0,0],"ti":[0,0,0]},{"i":{"x":0.833,"y":0.833},"o":{"x":0.167,"y":0.167},"t":82,"s":[892,1440,0],"to":[0,0,0],"ti":[0,0,0]},{"i":{"x":0.833,"y":0.833},"o":{"x":0.167,"y":0.167},"t":109,"s":[812,1560,0],"to":[0,0,0],"ti":[0,0,0]},{"i":{"x":0.833,"y":0.833},"o":{"x":0.167,"y":0.167},"t":166,"s":[572,1200,0],"to":[0,0,0],"ti":[0,0,0]},{"i":{"x":0.833,"y":0.833},"o":{"x":0.167,"y":0.167},"t":187,"s":[492,1280,0],"to":[0,0,0],"ti":[0,0,0]},{"i":{"x":0.833,"y":0.833},"o":{"x":0.167,"y":0.167},"t":250,"s":[252,880,0],"to":[0,0,0],"ti":[0,0,0]},{"i":{"x":0.833,"y":0.833},"o":{"x":0.167,"y":0.167},"t":271,"s":[132,960,0],"to":[0,0,0],"ti":[0,0,0]},{"t":370,"s":[-68,240,0]}],"ix":2,"l":2},"a":{"a":0,"k":[0,0,0],"ix":1,"l":2},"s":{"a":0,"k":[100,100,100],"ix":6,"l":2}},"ao":0,"ip":10,"op":1810,"st":10,"bm":0},{"ddd":0,"ind":2,"ty":4,"nm":"line","parent":1,"sr":3,"ks":{"o":{"a":0,"k":100,"ix":11},"r":{"a":0,"k":0,"ix":10},"p":{"a":0,"k":[0,0,0],"ix":2,"l":2},"a":{"a":0,"k":[0,0,0],"ix":1,"l":2},"s":{"a":0,"k":[100,100,100],"ix":6,"l":2}},"ao":0,"ef":[{"ty":25,"nm":"Drop Shadow","np":8,"mn":"ADBE Drop Shadow","ix":1,"en":1,"ef":[{"ty":2,"nm":"Shadow Color","mn":"ADBE Drop Shadow-0001","ix":1,"v":{"a":0,"k":[0.998422503471,0.998422503471,0.998422503471,1],"ix":1}},{"ty":0,"nm":"Opacity","mn":"ADBE Drop Shadow-0002","ix":2,"v":{"a":0,"k":255,"ix":2}},{"ty":0,"nm":"Direction","mn":"ADBE Drop Shadow-0003","ix":3,"v":{"a":0,"k":90,"ix":3}},{"ty":0,"nm":"Distance","mn":"ADBE Drop Shadow-0004","ix":4,"v":{"a":0,"k":0,"ix":4}},{"ty":0,"nm":"Softness","mn":"ADBE Drop Shadow-0005","ix":5,"v":{"a":0,"k":200,"ix":5}},{"ty":7,"nm":"Shadow Only","mn":"ADBE Drop Shadow-0006","ix":6,"v":{"a":0,"k":0,"ix":6}}]}],"shapes":[{"ty":"gr","it":[{"ind":0,"ty":"sh","ix":1,"ks":{"a":0,"k":{"i":[[-184,-212],[0,0],[0,0],[0,0],[0,0],[0,0],[0,0],[0,0]],"o":[[184,212],[0,0],[0,0],[0,0],[0,0],[0,0],[0,0],[0,0]],"v":[[-680,-1060],[-352,-624],[-264,-792],[-32,-420],[44,-544],[272,-108],[392,-188],[604,528]],"c":false},"ix":2},"nm":"Path 1","mn":"ADBE Vector Shape - Group","hd":false},{"ty":"st","c":{"a":0,"k":[1,1,1,1],"ix":3},"o":{"a":0,"k":100,"ix":4},"w":{"a":0,"k":8,"ix":5},"lc":1,"lj":1,"ml":4,"bm":0,"nm":"Stroke 1","mn":"ADBE Vector Graphic - Stroke","hd":false},{"ty":"tr","p":{"a":0,"k":[0,0],"ix":2},"a":{"a":0,"k":[0,0],"ix":1},"s":{"a":0,"k":[100,100],"ix":3},"r":{"a":0,"k":0,"ix":6},"o":{"a":0,"k":100,"ix":7},"sk":{"a":0,"k":0,"ix":4},"sa":{"a":0,"k":0,"ix":5},"nm":"Transform"}],"nm":"Shape 1","np":3,"cix":2,"bm":0,"ix":1,"mn":"ADBE Vector Group","hd":false},{"ty":"tm","s":{"a":0,"k":0,"ix":1},"e":{"a":1,"k":[{"i":{"x":[0.833],"y":[0.833]},"o":{"x":[0.167],"y":[0.167]},"t":10,"s":[0]},{"t":370,"s":[100]}],"ix":2},"o":{"a":0,"k":0,"ix":3},"m":1,"ix":2,"nm":"Trim Paths 1","mn":"ADBE Vector Filter - Trim","hd":false}],"ip":10,"op":1810,"st":10,"ct":1,"bm":0},{"ddd":0,"ind":3,"ty":4,"nm":"dot","parent":1,"sr":3,"ks":{"o":{"a":0,"k":100,"ix":11},"r":{"a":0,"k":0,"ix":10},"p":{"a":1,"k":[{"i":{"x":0.564,"y":0.564},"o":{"x":0.167,"y":0.167},"t":10,"s":[-680,-1060,0],"to":[184,212,0],"ti":[0,0,0]},{"i":{"x":0.655,"y":0.655},"o":{"x":0.321,"y":0.321},"t":82.73,"s":[-352,-624,0],"to":[0,0,0],"ti":[0,0,0]},{"i":{"x":0.656,"y":0.656},"o":{"x":0.318,"y":0.318},"t":107.994,"s":[-264,-792,0],"to":[0,0,0],"ti":[0,0,0]},{"i":{"x":0.666,"y":0.666},"o":{"x":0.332,"y":0.332},"t":166.396,"s":[-32,-420,0],"to":[0,0,0],"ti":[0,0,0]},{"i":{"x":0.676,"y":0.676},"o":{"x":0.337,"y":0.337},"t":185.771,"s":[44,-544,0],"to":[0,0,0],"ti":[0,0,0]},{"i":{"x":0.672,"y":0.672},"o":{"x":0.338,"y":0.338},"t":251.314,"s":[272,-108,0],"to":[0,0,0],"ti":[0,0,0]},{"i":{"x":0.833,"y":0.833},"o":{"x":0.44,"y":0.44},"t":270.527,"s":[392,-188,0],"to":[0,0,0],"ti":[0,0,0]},{"t":370,"s":[604,528,0]}],"ix":2,"l":2},"a":{"a":0,"k":[0,0,0],"ix":1,"l":2},"s":{"a":0,"k":[100,100,100],"ix":6,"l":2}},"ao":0,"ef":[{"ty":25,"nm":"Drop Shadow","np":8,"mn":"ADBE Drop Shadow","ix":1,"en":1,"ef":[{"ty":2,"nm":"Shadow Color","mn":"ADBE Drop Shadow-0001","ix":1,"v":{"a":0,"k":[0.998422503471,0.998422503471,0.998422503471,1],"ix":1}},{"ty":0,"nm":"Opacity","mn":"ADBE Drop Shadow-0002","ix":2,"v":{"a":0,"k":255,"ix":2}},{"ty":0,"nm":"Direction","mn":"ADBE Drop Shadow-0003","ix":3,"v":{"a":0,"k":90,"ix":3}},{"ty":0,"nm":"Distance","mn":"ADBE Drop Shadow-0004","ix":4,"v":{"a":0,"k":0,"ix":4}},{"ty":0,"nm":"Softness","mn":"ADBE Drop Shadow-0005","ix":5,"v":{"a":0,"k":200,"ix":5}},{"ty":7,"nm":"Shadow Only","mn":"ADBE Drop Shadow-0006","ix":6,"v":{"a":0,"k":0,"ix":6}}]}],"shapes":[{"ty":"gr","it":[{"d":1,"ty":"el","s":{"a":0,"k":[65,65],"ix":2},"p":{"a":0,"k":[0,0],"ix":3},"nm":"Ellipse Path 1","mn":"ADBE Vector Shape - Ellipse","hd":false},{"ty":"fl","c":{"a":0,"k":[1,1,1,1],"ix":4},"o":{"a":0,"k":100,"ix":5},"r":1,"bm":0,"nm":"Fill 1","mn":"ADBE Vector Graphic - Fill","hd":false},{"ty":"tr","p":{"a":0,"k":[0,0],"ix":2},"a":{"a":0,"k":[0,0],"ix":1},"s":{"a":0,"k":[100,100],"ix":3},"r":{"a":0,"k":0,"ix":6},"o":{"a":0,"k":100,"ix":7},"sk":{"a":0,"k":0,"ix":4},"sa":{"a":0,"k":0,"ix":5},"nm":"Transform"}],"nm":"dot","np":2,"cix":2,"bm":0,"ix":1,"mn":"ADBE Vector Group","hd":false}],"ip":10,"op":1810,"st":10,"ct":1,"bm":0},{"ddd":0,"ind":4,"ty":5,"nm":"title_line_2","sr":1,"ks":{"o":{"k":[{"s":[0],"t":10,"i":{"x":[1],"y":[1]},"o":{"x":[0],"y":[0]}},{"s":[13.853],"t":11,"i":{"x":[1],"y":[1]},"o":{"x":[0],"y":[0]}},{"s":[26.127],"t":12,"i":{"x":[1],"y":[1]},"o":{"x":[0],"y":[0]}},{"s":[36.96],"t":13,"i":{"x":[1],"y":[1]},"o":{"x":[0],"y":[0]}},{"s":[46.483],"t":14,"i":{"x":[1],"y":[1]},"o":{"x":[0],"y":[0]}},{"s":[54.819],"t":15,"i":{"x":[1],"y":[1]},"o":{"x":[0],"y":[0]}},{"s":[62.082],"t":16,"i":{"x":[1],"y":[1]},"o":{"x":[0],"y":[0]}},{"s":[68.379],"t":17,"i":{"x":[1],"y":[1]},"o":{"x":[0],"y":[0]}},{"s":[73.811],"t":18,"i":{"x":[1],"y":[1]},"o":{"x":[0],"y":[0]}},{"s":[78.469],"t":19,"i":{"x":[1],"y":[1]},"o":{"x":[0],"y":[0]}},{"s":[82.439],"t":20,"i":{"x":[1],"y":[1]},"o":{"x":[0],"y":[0]}},{"s":[85.801],"t":21,"i":{"x":[1],"y":[1]},"o":{"x":[0],"y":[0]}},{"s":[88.627],"t":22,"i":{"x":[1],"y":[1]},"o":{"x":[0],"y":[0]}},{"s":[90.984],"t":23,"i":{"x":[1],"y":[1]},"o":{"x":[0],"y":[0]}},{"s":[92.933],"t":24,"i":{"x":[1],"y":[1]},"o":{"x":[0],"y":[0]}},{"s":[94.529],"t":25,"i":{"x":[1],"y":[1]},"o":{"x":[0],"y":[0]}},{"s":[95.823],"t":26,"i":{"x":[1],"y":[1]},"o":{"x":[0],"y":[0]}},{"s":[96.86],"t":27,"i":{"x":[1],"y":[1]},"o":{"x":[0],"y":[0]}},{"s":[97.679],"t":28,"i":{"x":[1],"y":[1]},"o":{"x":[0],"y":[0]}},{"s":[98.318],"t":29,"i":{"x":[1],"y":[1]},"o":{"x":[0],"y":[0]}},{"s":[98.808],"t":30,"i":{"x":[1],"y":[1]},"o":{"x":[0],"y":[0]}},{"s":[99.176],"t":31,"i":{"x":[1],"y":[1]},"o":{"x":[0],"y":[0]}},{"s":[99.447],"t":32,"i":{"x":[1],"y":[1]},"o":{"x":[0],"y":[0]}},{"s":[99.642],"t":33,"i":{"x":[1],"y":[1]},"o":{"x":[0],"y":[0]}},{"s":[99.777],"t":34,"i":{"x":[1],"y":[1]},"o":{"x":[0],"y":[0]}},{"s":[99.868],"t":35,"i":{"x":[1],"y":[1]},"o":{"x":[0],"y":[0]}},{"s":[99.962],"t":37,"i":{"x":[1],"y":[1]},"o":{"x":[0],"y":[0]}}]},"r":{"a":0,"k":0,"ix":10},"p":{"k":[{"s":[543,1214.351,0],"t":10,"i":{"x":1,"y":1},"o":{"x":0,"y":0}},{"s":[542.985,1207.787,0],"t":11,"i":{"x":1,"y":1},"o":{"x":0,"y":0}},{"s":[542.94,1201.614,0],"t":12,"i":{"x":1,"y":1},"o":{"x":0,"y":0}},{"s":[542.866,1195.817,0],"t":13,"i":{"x":1,"y":1},"o":{"x":0,"y":0}},{"s":[542.763,1190.382,0],"t":14,"i":{"x":1,"y":1},"o":{"x":0,"y":0}},{"s":[542.633,1185.293,0],"t":15,"i":{"x":1,"y":1},"o":{"x":0,"y":0}},{"s":[542.476,1180.536,0],"t":16,"i":{"x":1,"y":1},"o":{"x":0,"y":0}},{"s":[542.295,1176.098,0],"t":17,"i":{"x":1,"y":1},"o":{"x":0,"y":0}},{"s":[542.09,1171.963,0],"t":18,"i":{"x":1,"y":1},"o":{"x":0,"y":0}},{"s":[541.865,1168.119,0],"t":19,"i":{"x":1,"y":1},"o":{"x":0,"y":0}},{"s":[541.621,1164.552,0],"t":20,"i":{"x":1,"y":1},"o":{"x":0,"y":0}},{"s":[541.361,1161.249,0],"t":21,"i":{"x":1,"y":1},"o":{"x":0,"y":0}},{"s":[541.087,1158.197,0],"t":22,"i":{"x":1,"y":1},"o":{"x":0,"y":0}},{"s":[540.802,1155.384,0],"t":23,"i":{"x":1,"y":1},"o":{"x":0,"y":0}},{"s":[540.51,1152.796,0],"t":24,"i":{"x":1,"y":1},"o":{"x":0,"y":0}},{"s":[540.212,1150.423,0],"t":25,"i":{"x":1,"y":1},"o":{"x":0,"y":0}},{"s":[539.912,1148.252,0],"t":26,"i":{"x":1,"y":1},"o":{"x":0,"y":0}},{"s":[539.613,1146.272,0],"t":27,"i":{"x":1,"y":1},"o":{"x":0,"y":0}},{"s":[539.318,1144.473,0],"t":28,"i":{"x":1,"y":1},"o":{"x":0,"y":0}},{"s":[539.03,1142.842,0],"t":29,"i":{"x":1,"y":1},"o":{"x":0,"y":0}},{"s":[538.752,1141.37,0],"t":30,"i":{"x":1,"y":1},"o":{"x":0,"y":0}},{"s":[538.485,1140.047,0],"t":31,"i":{"x":1,"y":1},"o":{"x":0,"y":0}},{"s":[538.234,1138.861,0],"t":32,"i":{"x":1,"y":1},"o":{"x":0,"y":0}},{"s":[538.001,1137.804,0],"t":33,"i":{"x":1,"y":1},"o":{"x":0,"y":0}},{"s":[537.788,1136.865,0],"t":34,"i":{"x":1,"y":1},"o":{"x":0,"y":0}},{"s":[537.597,1136.036,0],"t":35,"i":{"x":1,"y":1},"o":{"x":0,"y":0}},{"s":[537.429,1135.306,0],"t":36,"i":{"x":1,"y":1},"o":{"x":0,"y":0}},{"s":[537.288,1134.666,0],"t":37,"i":{"x":1,"y":1},"o":{"x":0,"y":0}},{"s":[537.087,1133.621,0],"t":39,"i":{"x":1,"y":1},"o":{"x":0,"y":0}},{"s":[537.005,1132.5,0],"t":42,"i":{"x":1,"y":1},"o":{"x":0,"y":0}},{"s":[537.31,1131.464,0],"t":46,"i":{"x":1,"y":1},"o":{"x":0,"y":0}},{"s":[537.822,1130.904,0],"t":49,"i":{"x":1,"y":1},"o":{"x":0,"y":0}},{"s":[538.276,1130.657,0],"t":51,"i":{"x":1,"y":1},"o":{"x":0,"y":0}},{"s":[538.798,1130.523,0],"t":53,"i":{"x":1,"y":1},"o":{"x":0,"y":0}},{"s":[539.078,1130.501,0],"t":54,"i":{"x":1,"y":1},"o":{"x":0,"y":0}},{"s":[539.368,1130.508,0],"t":55,"i":{"x":1,"y":1},"o":{"x":0,"y":0}},{"s":[539.664,1130.546,0],"t":56,"i":{"x":1,"y":1},"o":{"x":0,"y":0}},{"s":[539.963,1130.613,0],"t":57,"i":{"x":1,"y":1},"o":{"x":0,"y":0}},{"s":[540.262,1130.709,0],"t":58,"i":{"x":1,"y":1},"o":{"x":0,"y":0}},{"s":[540.56,1130.832,0],"t":59,"i":{"x":1,"y":1},"o":{"x":0,"y":0}},{"s":[540.851,1130.983,0],"t":60,"i":{"x":1,"y":1},"o":{"x":0,"y":0}},{"s":[541.134,1131.158,0],"t":61,"i":{"x":1,"y":1},"o":{"x":0,"y":0}},{"s":[541.663,1131.578,0],"t":63,"i":{"x":1,"y":1},"o":{"x":0,"y":0}},{"s":[542.126,1132.073,0],"t":65,"i":{"x":1,"y":1},"o":{"x":0,"y":0}},{"s":[542.657,1132.917,0],"t":68,"i":{"x":1,"y":1},"o":{"x":0,"y":0}},{"s":[542.95,1133.813,0],"t":71,"i":{"x":1,"y":1},"o":{"x":0,"y":0}},{"s":[542.98,1134.68,0],"t":74,"i":{"x":1,"y":1},"o":{"x":0,"y":0}},{"s":[542.608,1135.661,0],"t":78,"i":{"x":1,"y":1},"o":{"x":0,"y":0}},{"s":[542.262,1136.032,0],"t":80,"i":{"x":1,"y":1},"o":{"x":0,"y":0}},{"s":[541.825,1136.301,0],"t":82,"i":{"x":1,"y":1},"o":{"x":0,"y":0}},{"s":[541.316,1136.459,0],"t":84,"i":{"x":1,"y":1},"o":{"x":0,"y":0}},{"s":[541.04,1136.493,0],"t":85,"i":{"x":1,"y":1},"o":{"x":0,"y":0}},{"s":[540.754,1136.498,0],"t":86,"i":{"x":1,"y":1},"o":{"x":0,"y":0}},{"s":[540.46,1136.473,0],"t":87,"i":{"x":1,"y":1},"o":{"x":0,"y":0}},{"s":[540.162,1136.418,0],"t":88,"i":{"x":1,"y":1},"o":{"x":0,"y":0}},{"s":[539.862,1136.335,0],"t":89,"i":{"x":1,"y":1},"o":{"x":0,"y":0}},{"s":[539.563,1136.222,0],"t":90,"i":{"x":1,"y":1},"o":{"x":0,"y":0}},{"s":[539.269,1136.083,0],"t":91,"i":{"x":1,"y":1},"o":{"x":0,"y":0}},{"s":[538.983,1135.918,0],"t":92,"i":{"x":1,"y":1},"o":{"x":0,"y":0}},{"s":[538.706,1135.728,0],"t":93,"i":{"x":1,"y":1},"o":{"x":0,"y":0}},{"s":[538.194,1135.285,0],"t":95,"i":{"x":1,"y":1},"o":{"x":0,"y":0}},{"s":[537.754,1134.77,0],"t":97,"i":{"x":1,"y":1},"o":{"x":0,"y":0}},{"s":[537.267,1133.91,0],"t":100,"i":{"x":1,"y":1},"o":{"x":0,"y":0}},{"s":[537.023,1133.014,0],"t":103,"i":{"x":1,"y":1},"o":{"x":0,"y":0}},{"s":[537.113,1131.899,0],"t":107,"i":{"x":1,"y":1},"o":{"x":0,"y":0}},{"s":[537.483,1131.221,0],"t":110,"i":{"x":1,"y":1},"o":{"x":0,"y":0}},{"s":[537.857,1130.879,0],"t":112,"i":{"x":1,"y":1},"o":{"x":0,"y":0}},{"s":[538.317,1130.641,0],"t":114,"i":{"x":1,"y":1},"o":{"x":0,"y":0}},{"s":[538.844,1130.517,0],"t":116,"i":{"x":1,"y":1},"o":{"x":0,"y":0}},{"s":[539.126,1130.5,0],"t":117,"i":{"x":1,"y":1},"o":{"x":0,"y":0}},{"s":[539.417,1130.513,0],"t":118,"i":{"x":1,"y":1},"o":{"x":0,"y":0}},{"s":[539.714,1130.555,0],"t":119,"i":{"x":1,"y":1},"o":{"x":0,"y":0}},{"s":[540.013,1130.627,0],"t":120,"i":{"x":1,"y":1},"o":{"x":0,"y":0}},{"s":[540.313,1130.728,0],"t":121,"i":{"x":1,"y":1},"o":{"x":0,"y":0}},{"s":[540.609,1130.856,0],"t":122,"i":{"x":1,"y":1},"o":{"x":0,"y":0}},{"s":[540.899,1131.011,0],"t":123,"i":{"x":1,"y":1},"o":{"x":0,"y":0}},{"s":[541.18,1131.19,0],"t":124,"i":{"x":1,"y":1},"o":{"x":0,"y":0}},{"s":[541.705,1131.617,0],"t":126,"i":{"x":1,"y":1},"o":{"x":0,"y":0}},{"s":[542.161,1132.118,0],"t":128,"i":{"x":1,"y":1},"o":{"x":0,"y":0}},{"s":[542.68,1132.967,0],"t":131,"i":{"x":1,"y":1},"o":{"x":0,"y":0}},{"s":[542.959,1133.863,0],"t":134,"i":{"x":1,"y":1},"o":{"x":0,"y":0}},{"s":[542.918,1134.994,0],"t":138,"i":{"x":1,"y":1},"o":{"x":0,"y":0}},{"s":[542.418,1135.889,0],"t":142,"i":{"x":1,"y":1},"o":{"x":0,"y":0}},{"s":[542.017,1136.202,0],"t":144,"i":{"x":1,"y":1},"o":{"x":0,"y":0}},{"s":[541.535,1136.407,0],"t":146,"i":{"x":1,"y":1},"o":{"x":0,"y":0}},{"s":[541.27,1136.467,0],"t":147,"i":{"x":1,"y":1},"o":{"x":0,"y":0}},{"s":[540.992,1136.496,0],"t":148,"i":{"x":1,"y":1},"o":{"x":0,"y":0}},{"s":[540.705,1136.496,0],"t":149,"i":{"x":1,"y":1},"o":{"x":0,"y":0}},{"s":[540.41,1136.466,0],"t":150,"i":{"x":1,"y":1},"o":{"x":0,"y":0}},{"s":[540.111,1136.406,0],"t":151,"i":{"x":1,"y":1},"o":{"x":0,"y":0}},{"s":[539.812,1136.318,0],"t":152,"i":{"x":1,"y":1},"o":{"x":0,"y":0}},{"s":[539.514,1136.201,0],"t":153,"i":{"x":1,"y":1},"o":{"x":0,"y":0}},{"s":[539.221,1136.057,0],"t":154,"i":{"x":1,"y":1},"o":{"x":0,"y":0}},{"s":[538.935,1135.887,0],"t":155,"i":{"x":1,"y":1},"o":{"x":0,"y":0}},{"s":[538.399,1135.479,0],"t":157,"i":{"x":1,"y":1},"o":{"x":0,"y":0}},{"s":[537.927,1134.992,0],"t":159,"i":{"x":1,"y":1},"o":{"x":0,"y":0}},{"s":[537.538,1134.445,0],"t":161,"i":{"x":1,"y":1},"o":{"x":0,"y":0}},{"s":[537.141,1133.561,0],"t":164,"i":{"x":1,"y":1},"o":{"x":0,"y":0}},{"s":[537,1132.672,0],"t":167,"i":{"x":1,"y":1},"o":{"x":0,"y":0}},{"s":[537.228,1131.614,0],"t":171,"i":{"x":1,"y":1},"o":{"x":0,"y":0}},{"s":[537.69,1131.009,0],"t":174,"i":{"x":1,"y":1},"o":{"x":0,"y":0}},{"s":[538.117,1130.727,0],"t":176,"i":{"x":1,"y":1},"o":{"x":0,"y":0}},{"s":[538.618,1130.555,0],"t":178,"i":{"x":1,"y":1},"o":{"x":0,"y":0}},{"s":[538.891,1130.512,0],"t":179,"i":{"x":1,"y":1},"o":{"x":0,"y":0}},{"s":[539.175,1130.5,0],"t":180,"i":{"x":1,"y":1},"o":{"x":0,"y":0}},{"s":[539.467,1130.518,0],"t":181,"i":{"x":1,"y":1},"o":{"x":0,"y":0}},{"s":[539.764,1130.565,0],"t":182,"i":{"x":1,"y":1},"o":{"x":0,"y":0}},{"s":[540.064,1130.642,0],"t":183,"i":{"x":1,"y":1},"o":{"x":0,"y":0}},{"s":[540.363,1130.747,0],"t":184,"i":{"x":1,"y":1},"o":{"x":0,"y":0}},{"s":[540.658,1130.88,0],"t":185,"i":{"x":1,"y":1},"o":{"x":0,"y":0}},{"s":[540.947,1131.039,0],"t":186,"i":{"x":1,"y":1},"o":{"x":0,"y":0}},{"s":[541.227,1131.223,0],"t":187,"i":{"x":1,"y":1},"o":{"x":0,"y":0}},{"s":[541.746,1131.656,0],"t":189,"i":{"x":1,"y":1},"o":{"x":0,"y":0}},{"s":[542.196,1132.163,0],"t":191,"i":{"x":1,"y":1},"o":{"x":0,"y":0}},{"s":[542.702,1133.016,0],"t":194,"i":{"x":1,"y":1},"o":{"x":0,"y":0}},{"s":[542.967,1133.913,0],"t":197,"i":{"x":1,"y":1},"o":{"x":0,"y":0}},{"s":[542.906,1135.037,0],"t":201,"i":{"x":1,"y":1},"o":{"x":0,"y":0}},{"s":[542.387,1135.919,0],"t":205,"i":{"x":1,"y":1},"o":{"x":0,"y":0}},{"s":[541.979,1136.223,0],"t":207,"i":{"x":1,"y":1},"o":{"x":0,"y":0}},{"s":[541.492,1136.419,0],"t":209,"i":{"x":1,"y":1},"o":{"x":0,"y":0}},{"s":[541.224,1136.474,0],"t":210,"i":{"x":1,"y":1},"o":{"x":0,"y":0}},{"s":[540.945,1136.498,0],"t":211,"i":{"x":1,"y":1},"o":{"x":0,"y":0}},{"s":[540.656,1136.493,0],"t":212,"i":{"x":1,"y":1},"o":{"x":0,"y":0}},{"s":[540.36,1136.458,0],"t":213,"i":{"x":1,"y":1},"o":{"x":0,"y":0}},{"s":[540.061,1136.393,0],"t":214,"i":{"x":1,"y":1},"o":{"x":0,"y":0}},{"s":[539.761,1136.3,0],"t":215,"i":{"x":1,"y":1},"o":{"x":0,"y":0}},{"s":[539.464,1136.178,0],"t":216,"i":{"x":1,"y":1},"o":{"x":0,"y":0}},{"s":[539.172,1136.03,0],"t":217,"i":{"x":1,"y":1},"o":{"x":0,"y":0}},{"s":[538.888,1135.857,0],"t":218,"i":{"x":1,"y":1},"o":{"x":0,"y":0}},{"s":[538.357,1135.441,0],"t":220,"i":{"x":1,"y":1},"o":{"x":0,"y":0}},{"s":[537.891,1134.948,0],"t":222,"i":{"x":1,"y":1},"o":{"x":0,"y":0}},{"s":[537.355,1134.106,0],"t":225,"i":{"x":1,"y":1},"o":{"x":0,"y":0}},{"s":[537.055,1133.211,0],"t":228,"i":{"x":1,"y":1},"o":{"x":0,"y":0}},{"s":[537.018,1132.342,0],"t":231,"i":{"x":1,"y":1},"o":{"x":0,"y":0}},{"s":[537.38,1131.355,0],"t":235,"i":{"x":1,"y":1},"o":{"x":0,"y":0}},{"s":[537.723,1130.981,0],"t":237,"i":{"x":1,"y":1},"o":{"x":0,"y":0}},{"s":[538.156,1130.708,0],"t":239,"i":{"x":1,"y":1},"o":{"x":0,"y":0}},{"s":[538.663,1130.545,0],"t":241,"i":{"x":1,"y":1},"o":{"x":0,"y":0}},{"s":[538.938,1130.508,0],"t":242,"i":{"x":1,"y":1},"o":{"x":0,"y":0}},{"s":[539.223,1130.501,0],"t":243,"i":{"x":1,"y":1},"o":{"x":0,"y":0}},{"s":[539.516,1130.524,0],"t":244,"i":{"x":1,"y":1},"o":{"x":0,"y":0}},{"s":[539.814,1130.576,0],"t":245,"i":{"x":1,"y":1},"o":{"x":0,"y":0}},{"s":[540.114,1130.658,0],"t":246,"i":{"x":1,"y":1},"o":{"x":0,"y":0}},{"s":[540.413,1130.768,0],"t":247,"i":{"x":1,"y":1},"o":{"x":0,"y":0}},{"s":[540.707,1130.905,0],"t":248,"i":{"x":1,"y":1},"o":{"x":0,"y":0}},{"s":[540.995,1131.068,0],"t":249,"i":{"x":1,"y":1},"o":{"x":0,"y":0}},{"s":[541.273,1131.256,0],"t":250,"i":{"x":1,"y":1},"o":{"x":0,"y":0}},{"s":[541.787,1131.696,0],"t":252,"i":{"x":1,"y":1},"o":{"x":0,"y":0}},{"s":[542.23,1132.208,0],"t":254,"i":{"x":1,"y":1},"o":{"x":0,"y":0}},{"s":[542.723,1133.066,0],"t":257,"i":{"x":1,"y":1},"o":{"x":0,"y":0}},{"s":[542.974,1133.963,0],"t":260,"i":{"x":1,"y":1},"o":{"x":0,"y":0}},{"s":[542.893,1135.08,0],"t":264,"i":{"x":1,"y":1},"o":{"x":0,"y":0}},{"s":[542.357,1135.949,0],"t":268,"i":{"x":1,"y":1},"o":{"x":0,"y":0}},{"s":[541.941,1136.244,0],"t":270,"i":{"x":1,"y":1},"o":{"x":0,"y":0}},{"s":[541.448,1136.43,0],"t":272,"i":{"x":1,"y":1},"o":{"x":0,"y":0}},{"s":[541.178,1136.48,0],"t":273,"i":{"x":1,"y":1},"o":{"x":0,"y":0}},{"s":[540.897,1136.5,0],"t":274,"i":{"x":1,"y":1},"o":{"x":0,"y":0}},{"s":[540.606,1136.489,0],"t":275,"i":{"x":1,"y":1},"o":{"x":0,"y":0}},{"s":[540.31,1136.449,0],"t":276,"i":{"x":1,"y":1},"o":{"x":0,"y":0}},{"s":[540.011,1136.38,0],"t":277,"i":{"x":1,"y":1},"o":{"x":0,"y":0}},{"s":[539.711,1136.281,0],"t":278,"i":{"x":1,"y":1},"o":{"x":0,"y":0}},{"s":[539.414,1136.155,0],"t":279,"i":{"x":1,"y":1},"o":{"x":0,"y":0}},{"s":[539.124,1136.003,0],"t":280,"i":{"x":1,"y":1},"o":{"x":0,"y":0}},{"s":[538.842,1135.825,0],"t":281,"i":{"x":1,"y":1},"o":{"x":0,"y":0}},{"s":[538.315,1135.402,0],"t":283,"i":{"x":1,"y":1},"o":{"x":0,"y":0}},{"s":[537.855,1134.903,0],"t":285,"i":{"x":1,"y":1},"o":{"x":0,"y":0}},{"s":[537.331,1134.057,0],"t":288,"i":{"x":1,"y":1},"o":{"x":0,"y":0}},{"s":[537.045,1133.161,0],"t":291,"i":{"x":1,"y":1},"o":{"x":0,"y":0}},{"s":[537.024,1132.295,0],"t":294,"i":{"x":1,"y":1},"o":{"x":0,"y":0}},{"s":[537.405,1131.32,0],"t":298,"i":{"x":1,"y":1},"o":{"x":0,"y":0}},{"s":[537.756,1130.954,0],"t":300,"i":{"x":1,"y":1},"o":{"x":0,"y":0}},{"s":[538.196,1130.69,0],"t":302,"i":{"x":1,"y":1},"o":{"x":0,"y":0}},{"s":[538.708,1130.537,0],"t":304,"i":{"x":1,"y":1},"o":{"x":0,"y":0}},{"s":[538.985,1130.505,0],"t":305,"i":{"x":1,"y":1},"o":{"x":0,"y":0}},{"s":[539.272,1130.503,0],"t":306,"i":{"x":1,"y":1},"o":{"x":0,"y":0}},{"s":[539.566,1130.53,0],"t":307,"i":{"x":1,"y":1},"o":{"x":0,"y":0}},{"s":[539.865,1130.588,0],"t":308,"i":{"x":1,"y":1},"o":{"x":0,"y":0}},{"s":[540.165,1130.674,0],"t":309,"i":{"x":1,"y":1},"o":{"x":0,"y":0}},{"s":[540.463,1130.789,0],"t":310,"i":{"x":1,"y":1},"o":{"x":0,"y":0}},{"s":[540.756,1130.931,0],"t":311,"i":{"x":1,"y":1},"o":{"x":0,"y":0}},{"s":[541.042,1131.098,0],"t":312,"i":{"x":1,"y":1},"o":{"x":0,"y":0}},{"s":[541.58,1131.503,0],"t":314,"i":{"x":1,"y":1},"o":{"x":0,"y":0}},{"s":[542.056,1131.988,0],"t":316,"i":{"x":1,"y":1},"o":{"x":0,"y":0}},{"s":[542.449,1132.533,0],"t":318,"i":{"x":1,"y":1},"o":{"x":0,"y":0}},{"s":[542.852,1133.415,0],"t":321,"i":{"x":1,"y":1},"o":{"x":0,"y":0}},{"s":[543,1134.305,0],"t":324,"i":{"x":1,"y":1},"o":{"x":0,"y":0}},{"s":[542.781,1135.367,0],"t":328,"i":{"x":1,"y":1},"o":{"x":0,"y":0}},{"s":[542.325,1135.978,0],"t":331,"i":{"x":1,"y":1},"o":{"x":0,"y":0}},{"s":[541.902,1136.264,0],"t":333,"i":{"x":1,"y":1},"o":{"x":0,"y":0}},{"s":[541.403,1136.441,0],"t":335,"i":{"x":1,"y":1},"o":{"x":0,"y":0}},{"s":[541.131,1136.485,0],"t":336,"i":{"x":1,"y":1},"o":{"x":0,"y":0}},{"s":[540.848,1136.5,0],"t":337,"i":{"x":1,"y":1},"o":{"x":0,"y":0}},{"s":[540.557,1136.485,0],"t":338,"i":{"x":1,"y":1},"o":{"x":0,"y":0}},{"s":[540.26,1136.44,0],"t":339,"i":{"x":1,"y":1},"o":{"x":0,"y":0}},{"s":[539.96,1136.365,0],"t":340,"i":{"x":1,"y":1},"o":{"x":0,"y":0}},{"s":[539.661,1136.262,0],"t":341,"i":{"x":1,"y":1},"o":{"x":0,"y":0}},{"s":[539.365,1136.131,0],"t":342,"i":{"x":1,"y":1},"o":{"x":0,"y":0}},{"s":[539.075,1135.975,0],"t":343,"i":{"x":1,"y":1},"o":{"x":0,"y":0}},{"s":[538.795,1135.793,0],"t":344,"i":{"x":1,"y":1},"o":{"x":0,"y":0}},{"s":[538.273,1135.363,0],"t":346,"i":{"x":1,"y":1},"o":{"x":0,"y":0}},{"s":[537.82,1134.858,0],"t":348,"i":{"x":1,"y":1},"o":{"x":0,"y":0}},{"s":[537.309,1134.007,0],"t":351,"i":{"x":1,"y":1},"o":{"x":0,"y":0}},{"s":[537.037,1133.111,0],"t":354,"i":{"x":1,"y":1},"o":{"x":0,"y":0}},{"s":[537.088,1131.983,0],"t":358,"i":{"x":1,"y":1},"o":{"x":0,"y":0}},{"s":[537.598,1131.095,0],"t":362,"i":{"x":1,"y":1},"o":{"x":0,"y":0}},{"s":[538.003,1130.787,0],"t":364,"i":{"x":1,"y":1},"o":{"x":0,"y":0}},{"s":[538.488,1130.586,0],"t":366,"i":{"x":1,"y":1},"o":{"x":0,"y":0}},{"s":[538.754,1130.53,0],"t":367,"i":{"x":1,"y":1},"o":{"x":0,"y":0}},{"s":[539.033,1130.502,0],"t":368,"i":{"x":1,"y":1},"o":{"x":0,"y":0}},{"s":[539.321,1130.505,0],"t":369,"i":{"x":1,"y":1},"o":{"x":0,"y":0}},{"s":[539.616,1130.538,0],"t":370,"i":{"x":1,"y":1},"o":{"x":0,"y":0}},{"s":[539.915,1130.6,0],"t":371,"i":{"x":1,"y":1},"o":{"x":0,"y":0}},{"s":[540.215,1130.692,0],"t":372,"i":{"x":1,"y":1},"o":{"x":0,"y":0}},{"s":[540.513,1130.811,0],"t":373,"i":{"x":1,"y":1},"o":{"x":0,"y":0}},{"s":[540.805,1130.957,0],"t":374,"i":{"x":1,"y":1},"o":{"x":0,"y":0}},{"s":[541.09,1131.129,0],"t":375,"i":{"x":1,"y":1},"o":{"x":0,"y":0}},{"s":[541.623,1131.541,0],"t":377,"i":{"x":1,"y":1},"o":{"x":0,"y":0}},{"s":[542.092,1132.032,0],"t":379,"i":{"x":1,"y":1},"o":{"x":0,"y":0}},{"s":[542.634,1132.87,0],"t":382,"i":{"x":1,"y":1},"o":{"x":0,"y":0}},{"s":[542.941,1133.765,0],"t":385,"i":{"x":1,"y":1},"o":{"x":0,"y":0}},{"s":[542.985,1134.636,0],"t":388,"i":{"x":1,"y":1},"o":{"x":0,"y":0}},{"s":[542.631,1135.628,0],"t":392,"i":{"x":1,"y":1},"o":{"x":0,"y":0}},{"s":[542.293,1136.006,0],"t":394,"i":{"x":1,"y":1},"o":{"x":0,"y":0}},{"s":[541.863,1136.283,0],"t":396,"i":{"x":1,"y":1},"o":{"x":0,"y":0}},{"s":[541.358,1136.45,0],"t":398,"i":{"x":1,"y":1},"o":{"x":0,"y":0}},{"s":[541.085,1136.49,0],"t":399,"i":{"x":1,"y":1},"o":{"x":0,"y":0}},{"s":[540.8,1136.5,0],"t":400,"i":{"x":1,"y":1},"o":{"x":0,"y":0}},{"s":[540.507,1136.479,0],"t":401,"i":{"x":1,"y":1},"o":{"x":0,"y":0}},{"s":[540.21,1136.429,0],"t":402,"i":{"x":1,"y":1},"o":{"x":0,"y":0}},{"s":[539.91,1136.35,0],"t":403,"i":{"x":1,"y":1},"o":{"x":0,"y":0}},{"s":[539.611,1136.242,0],"t":404,"i":{"x":1,"y":1},"o":{"x":0,"y":0}},{"s":[539.316,1136.107,0],"t":405,"i":{"x":1,"y":1},"o":{"x":0,"y":0}},{"s":[539.028,1135.946,0],"t":406,"i":{"x":1,"y":1},"o":{"x":0,"y":0}},{"s":[538.749,1135.76,0],"t":407,"i":{"x":1,"y":1},"o":{"x":0,"y":0}},{"s":[538.232,1135.323,0],"t":409,"i":{"x":1,"y":1},"o":{"x":0,"y":0}},{"s":[537.786,1134.813,0],"t":411,"i":{"x":1,"y":1},"o":{"x":0,"y":0}},{"s":[537.287,1133.957,0],"t":414,"i":{"x":1,"y":1},"o":{"x":0,"y":0}},{"s":[537.03,1133.061,0],"t":417,"i":{"x":1,"y":1},"o":{"x":0,"y":0}},{"s":[537.1,1131.94,0],"t":421,"i":{"x":1,"y":1},"o":{"x":0,"y":0}},{"s":[537.629,1131.065,0],"t":425,"i":{"x":1,"y":1},"o":{"x":0,"y":0}},{"s":[538.041,1130.766,0],"t":427,"i":{"x":1,"y":1},"o":{"x":0,"y":0}},{"s":[538.532,1130.575,0],"t":429,"i":{"x":1,"y":1},"o":{"x":0,"y":0}},{"s":[538.8,1130.523,0],"t":430,"i":{"x":1,"y":1},"o":{"x":0,"y":0}},{"s":[539.081,1130.501,0],"t":431,"i":{"x":1,"y":1},"o":{"x":0,"y":0}},{"s":[539.37,1130.509,0],"t":432,"i":{"x":1,"y":1},"o":{"x":0,"y":0}},{"s":[539.666,1130.546,0],"t":433,"i":{"x":1,"y":1},"o":{"x":0,"y":0}},{"s":[539.965,1130.614,0],"t":434,"i":{"x":1,"y":1},"o":{"x":0,"y":0}},{"s":[540.265,1130.71,0],"t":435,"i":{"x":1,"y":1},"o":{"x":0,"y":0}},{"s":[540.562,1130.834,0],"t":436,"i":{"x":1,"y":1},"o":{"x":0,"y":0}},{"s":[540.854,1130.984,0],"t":437,"i":{"x":1,"y":1},"o":{"x":0,"y":0}},{"s":[541.136,1131.16,0],"t":438,"i":{"x":1,"y":1},"o":{"x":0,"y":0}},{"s":[541.665,1131.58,0],"t":440,"i":{"x":1,"y":1},"o":{"x":0,"y":0}},{"s":[542.128,1132.076,0],"t":442,"i":{"x":1,"y":1},"o":{"x":0,"y":0}},{"s":[542.658,1132.92,0],"t":445,"i":{"x":1,"y":1},"o":{"x":0,"y":0}},{"s":[542.95,1133.815,0],"t":448,"i":{"x":1,"y":1},"o":{"x":0,"y":0}},{"s":[542.979,1134.683,0],"t":451,"i":{"x":1,"y":1},"o":{"x":0,"y":0}},{"s":[542.607,1135.663,0],"t":455,"i":{"x":1,"y":1},"o":{"x":0,"y":0}},{"s":[542.26,1136.033,0],"t":457,"i":{"x":1,"y":1},"o":{"x":0,"y":0}},{"s":[541.823,1136.302,0],"t":459,"i":{"x":1,"y":1},"o":{"x":0,"y":0}},{"s":[541.313,1136.459,0],"t":461,"i":{"x":1,"y":1},"o":{"x":0,"y":0}},{"s":[541.037,1136.494,0],"t":462,"i":{"x":1,"y":1},"o":{"x":0,"y":0}},{"s":[540.751,1136.498,0],"t":463,"i":{"x":1,"y":1},"o":{"x":0,"y":0}},{"s":[540.457,1136.473,0],"t":464,"i":{"x":1,"y":1},"o":{"x":0,"y":0}},{"s":[540.159,1136.418,0],"t":465,"i":{"x":1,"y":1},"o":{"x":0,"y":0}},{"s":[539.859,1136.334,0],"t":466,"i":{"x":1,"y":1},"o":{"x":0,"y":0}},{"s":[539.561,1136.221,0],"t":467,"i":{"x":1,"y":1},"o":{"x":0,"y":0}},{"s":[539.267,1136.082,0],"t":468,"i":{"x":1,"y":1},"o":{"x":0,"y":0}},{"s":[538.98,1135.916,0],"t":469,"i":{"x":1,"y":1},"o":{"x":0,"y":0}},{"s":[538.703,1135.726,0],"t":470,"i":{"x":1,"y":1},"o":{"x":0,"y":0}},{"s":[538.192,1135.283,0],"t":472,"i":{"x":1,"y":1},"o":{"x":0,"y":0}},{"s":[537.752,1134.768,0],"t":474,"i":{"x":1,"y":1},"o":{"x":0,"y":0}},{"s":[537.266,1133.908,0],"t":477,"i":{"x":1,"y":1},"o":{"x":0,"y":0}},{"s":[537.023,1133.011,0],"t":480,"i":{"x":1,"y":1},"o":{"x":0,"y":0}},{"s":[537.114,1131.897,0],"t":484,"i":{"x":1,"y":1},"o":{"x":0,"y":0}},{"s":[537.484,1131.219,0],"t":487,"i":{"x":1,"y":1},"o":{"x":0,"y":0}},{"s":[537.859,1130.877,0],"t":489,"i":{"x":1,"y":1},"o":{"x":0,"y":0}},{"s":[538.319,1130.64,0],"t":491,"i":{"x":1,"y":1},"o":{"x":0,"y":0}},{"s":[538.846,1130.517,0],"t":493,"i":{"x":1,"y":1},"o":{"x":0,"y":0}},{"s":[539.129,1130.5,0],"t":494,"i":{"x":1,"y":1},"o":{"x":0,"y":0}},{"s":[539.42,1130.513,0],"t":495,"i":{"x":1,"y":1},"o":{"x":0,"y":0}},{"s":[539.716,1130.556,0],"t":496,"i":{"x":1,"y":1},"o":{"x":0,"y":0}},{"s":[540.016,1130.628,0],"t":497,"i":{"x":1,"y":1},"o":{"x":0,"y":0}},{"s":[540.315,1130.729,0],"t":498,"i":{"x":1,"y":1},"o":{"x":0,"y":0}},{"s":[540.612,1130.857,0],"t":499,"i":{"x":1,"y":1},"o":{"x":0,"y":0}},{"s":[540.902,1131.012,0],"t":500,"i":{"x":1,"y":1},"o":{"x":0,"y":0}},{"s":[541.183,1131.192,0],"t":501,"i":{"x":1,"y":1},"o":{"x":0,"y":0}},{"s":[541.707,1131.619,0],"t":503,"i":{"x":1,"y":1},"o":{"x":0,"y":0}},{"s":[542.163,1132.12,0],"t":505,"i":{"x":1,"y":1},"o":{"x":0,"y":0}},{"s":[542.681,1132.969,0],"t":508,"i":{"x":1,"y":1},"o":{"x":0,"y":0}},{"s":[542.959,1133.865,0],"t":511,"i":{"x":1,"y":1},"o":{"x":0,"y":0}},{"s":[542.918,1134.996,0],"t":515,"i":{"x":1,"y":1},"o":{"x":0,"y":0}},{"s":[542.416,1135.891,0],"t":519,"i":{"x":1,"y":1},"o":{"x":0,"y":0}},{"s":[542.015,1136.203,0],"t":521,"i":{"x":1,"y":1},"o":{"x":0,"y":0}},{"s":[541.533,1136.408,0],"t":523,"i":{"x":1,"y":1},"o":{"x":0,"y":0}},{"s":[541.268,1136.467,0],"t":524,"i":{"x":1,"y":1},"o":{"x":0,"y":0}},{"s":[540.99,1136.496,0],"t":525,"i":{"x":1,"y":1},"o":{"x":0,"y":0}},{"s":[540.702,1136.496,0],"t":526,"i":{"x":1,"y":1},"o":{"x":0,"y":0}},{"s":[540.408,1136.466,0],"t":527,"i":{"x":1,"y":1},"o":{"x":0,"y":0}},{"s":[540.109,1136.406,0],"t":528,"i":{"x":1,"y":1},"o":{"x":0,"y":0}},{"s":[539.809,1136.317,0],"t":529,"i":{"x":1,"y":1},"o":{"x":0,"y":0}},{"s":[539.511,1136.2,0],"t":530,"i":{"x":1,"y":1},"o":{"x":0,"y":0}},{"s":[539.218,1136.055,0],"t":531,"i":{"x":1,"y":1},"o":{"x":0,"y":0}},{"s":[538.933,1135.886,0],"t":532,"i":{"x":1,"y":1},"o":{"x":0,"y":0}},{"s":[538.397,1135.477,0],"t":534,"i":{"x":1,"y":1},"o":{"x":0,"y":0}},{"s":[537.925,1134.989,0],"t":536,"i":{"x":1,"y":1},"o":{"x":0,"y":0}},{"s":[537.536,1134.442,0],"t":538,"i":{"x":1,"y":1},"o":{"x":0,"y":0}},{"s":[537.14,1133.558,0],"t":541,"i":{"x":1,"y":1},"o":{"x":0,"y":0}},{"s":[537,1132.669,0],"t":544,"i":{"x":1,"y":1},"o":{"x":0,"y":0}},{"s":[537.229,1131.612,0],"t":548,"i":{"x":1,"y":1},"o":{"x":0,"y":0}},{"s":[537.692,1131.008,0],"t":551,"i":{"x":1,"y":1},"o":{"x":0,"y":0}},{"s":[538.119,1130.726,0],"t":553,"i":{"x":1,"y":1},"o":{"x":0,"y":0}},{"s":[538.62,1130.554,0],"t":555,"i":{"x":1,"y":1},"o":{"x":0,"y":0}},{"s":[538.893,1130.512,0],"t":556,"i":{"x":1,"y":1},"o":{"x":0,"y":0}},{"s":[539.177,1130.5,0],"t":557,"i":{"x":1,"y":1},"o":{"x":0,"y":0}},{"s":[539.469,1130.518,0],"t":558,"i":{"x":1,"y":1},"o":{"x":0,"y":0}},{"s":[539.767,1130.566,0],"t":559,"i":{"x":1,"y":1},"o":{"x":0,"y":0}},{"s":[540.066,1130.643,0],"t":560,"i":{"x":1,"y":1},"o":{"x":0,"y":0}},{"s":[540.365,1130.748,0],"t":561,"i":{"x":1,"y":1},"o":{"x":0,"y":0}},{"s":[540.661,1130.881,0],"t":562,"i":{"x":1,"y":1},"o":{"x":0,"y":0}},{"s":[540.95,1131.041,0],"t":563,"i":{"x":1,"y":1},"o":{"x":0,"y":0}},{"s":[541.229,1131.224,0],"t":564,"i":{"x":1,"y":1},"o":{"x":0,"y":0}},{"s":[541.748,1131.658,0],"t":566,"i":{"x":1,"y":1},"o":{"x":0,"y":0}},{"s":[542.198,1132.165,0],"t":568,"i":{"x":1,"y":1},"o":{"x":0,"y":0}},{"s":[542.703,1133.019,0],"t":571,"i":{"x":1,"y":1},"o":{"x":0,"y":0}},{"s":[542.967,1133.915,0],"t":574,"i":{"x":1,"y":1},"o":{"x":0,"y":0}},{"s":[542.906,1135.04,0],"t":578,"i":{"x":1,"y":1},"o":{"x":0,"y":0}},{"s":[542.386,1135.921,0],"t":582,"i":{"x":1,"y":1},"o":{"x":0,"y":0}},{"s":[541.977,1136.225,0],"t":584,"i":{"x":1,"y":1},"o":{"x":0,"y":0}},{"s":[541.489,1136.42,0],"t":586,"i":{"x":1,"y":1},"o":{"x":0,"y":0}},{"s":[541.222,1136.474,0],"t":587,"i":{"x":1,"y":1},"o":{"x":0,"y":0}},{"s":[540.942,1136.498,0],"t":588,"i":{"x":1,"y":1},"o":{"x":0,"y":0}},{"s":[540.653,1136.493,0],"t":589,"i":{"x":1,"y":1},"o":{"x":0,"y":0}},{"s":[540.358,1136.458,0],"t":590,"i":{"x":1,"y":1},"o":{"x":0,"y":0}},{"s":[540.058,1136.393,0],"t":591,"i":{"x":1,"y":1},"o":{"x":0,"y":0}},{"s":[539.759,1136.299,0],"t":592,"i":{"x":1,"y":1},"o":{"x":0,"y":0}},{"s":[539.461,1136.177,0],"t":593,"i":{"x":1,"y":1},"o":{"x":0,"y":0}},{"s":[539.169,1136.029,0],"t":594,"i":{"x":1,"y":1},"o":{"x":0,"y":0}},{"s":[538.886,1135.855,0],"t":595,"i":{"x":1,"y":1},"o":{"x":0,"y":0}},{"s":[538.355,1135.439,0],"t":597,"i":{"x":1,"y":1},"o":{"x":0,"y":0}}],"l":2},"a":{"a":0,"k":[0.84,-34.93,0],"ix":1,"l":2},"s":{"a":0,"k":[100,100,100],"ix":6,"l":2}},"ao":0,"ef":[{"ty":25,"nm":"Drop Shadow","np":8,"mn":"ADBE Drop Shadow","ix":1,"en":1,"ef":[{"ty":2,"nm":"Shadow Color","mn":"ADBE Drop Shadow-0001","ix":1,"v":{"a":0,"k":[0,0,0,1],"ix":1}},{"ty":0,"nm":"Opacity","mn":"ADBE Drop Shadow-0002","ix":2,"v":{"a":0,"k":255,"ix":2}},{"ty":0,"nm":"Direction","mn":"ADBE Drop Shadow-0003","ix":3,"v":{"a":0,"k":180,"ix":3}},{"ty":0,"nm":"Distance","mn":"ADBE Drop Shadow-0004","ix":4,"v":{"a":0,"k":4,"ix":4}},{"ty":0,"nm":"Softness","mn":"ADBE Drop Shadow-0005","ix":5,"v":{"a":0,"k":200,"ix":5}},{"ty":7,"nm":"Shadow Only","mn":"ADBE Drop Shadow-0006","ix":6,"v":{"a":0,"k":0,"ix":6}}]},{"ty":5,"nm":"AC IN [XUT] Controls","np":3,"mn":"Pseudo/MHAC PrCtrl XUT 7","ix":2,"en":1,"ef":[{"ty":3,"nm":"Position","mn":"Pseudo/MHAC PrCtrl XUT 7-0001","ix":1,"v":{"a":0,"k":[0,80],"ix":1}}]},{"ty":5,"nm":"AC FX [QJF] Controls","np":8,"mn":"Pseudo/MHAC PrCtrl QJF 9","ix":3,"en":1,"ef":[{"ty":0,"nm":"Intensity","mn":"Pseudo/MHAC PrCtrl QJF 9-0001","ix":1,"v":{"a":0,"k":2,"ix":1}},{"ty":3,"nm":"XY Motion Range","mn":"Pseudo/MHAC PrCtrl QJF 9-0002","ix":2,"v":{"a":0,"k":[150,150],"ix":2}},{"ty":0,"nm":"X Frequency","mn":"Pseudo/MHAC PrCtrl QJF 9-0003","ix":3,"v":{"a":0,"k":6,"ix":3}},{"ty":0,"nm":"Y Frequency","mn":"Pseudo/MHAC PrCtrl QJF 9-0004","ix":4,"v":{"a":0,"k":6,"ix":4}},{"ty":0,"nm":"X Time Offset","mn":"Pseudo/MHAC PrCtrl QJF 9-0005","ix":5,"v":{"a":0,"k":0,"ix":5}},{"ty":0,"nm":"Y Time Offset","mn":"Pseudo/MHAC PrCtrl QJF 9-0006","ix":6,"v":{"a":0,"k":5,"ix":6}}]}],"t":{"d":{"k":[{"s":{"s":140,"f":"Alegreya-Bold","t":"$25,456","ca":0,"j":2,"tr":0,"lh":182,"ls":0,"fc":[1,1,1]},"t":0}]},"p":{},"m":{"g":1,"a":{"a":0,"k":[0,0],"ix":2}},"a":[]},"ip":10,"op":610,"st":10,"ct":1,"bm":0},{"ddd":0,"ind":5,"ty":5,"nm":"title_line_1","sr":1,"ks":{"o":{"k":[{"s":[0],"t":10,"i":{"x":[1],"y":[1]},"o":{"x":[0],"y":[0]}},{"s":[13.853],"t":11,"i":{"x":[1],"y":[1]},"o":{"x":[0],"y":[0]}},{"s":[26.127],"t":12,"i":{"x":[1],"y":[1]},"o":{"x":[0],"y":[0]}},{"s":[36.96],"t":13,"i":{"x":[1],"y":[1]},"o":{"x":[0],"y":[0]}},{"s":[46.483],"t":14,"i":{"x":[1],"y":[1]},"o":{"x":[0],"y":[0]}},{"s":[54.819],"t":15,"i":{"x":[1],"y":[1]},"o":{"x":[0],"y":[0]}},{"s":[62.082],"t":16,"i":{"x":[1],"y":[1]},"o":{"x":[0],"y":[0]}},{"s":[68.379],"t":17,"i":{"x":[1],"y":[1]},"o":{"x":[0],"y":[0]}},{"s":[73.811],"t":18,"i":{"x":[1],"y":[1]},"o":{"x":[0],"y":[0]}},{"s":[78.469],"t":19,"i":{"x":[1],"y":[1]},"o":{"x":[0],"y":[0]}},{"s":[82.439],"t":20,"i":{"x":[1],"y":[1]},"o":{"x":[0],"y":[0]}},{"s":[85.801],"t":21,"i":{"x":[1],"y":[1]},"o":{"x":[0],"y":[0]}},{"s":[88.627],"t":22,"i":{"x":[1],"y":[1]},"o":{"x":[0],"y":[0]}},{"s":[90.984],"t":23,"i":{"x":[1],"y":[1]},"o":{"x":[0],"y":[0]}},{"s":[92.933],"t":24,"i":{"x":[1],"y":[1]},"o":{"x":[0],"y":[0]}},{"s":[94.529],"t":25,"i":{"x":[1],"y":[1]},"o":{"x":[0],"y":[0]}},{"s":[95.823],"t":26,"i":{"x":[1],"y":[1]},"o":{"x":[0],"y":[0]}},{"s":[96.86],"t":27,"i":{"x":[1],"y":[1]},"o":{"x":[0],"y":[0]}},{"s":[97.679],"t":28,"i":{"x":[1],"y":[1]},"o":{"x":[0],"y":[0]}},{"s":[98.318],"t":29,"i":{"x":[1],"y":[1]},"o":{"x":[0],"y":[0]}},{"s":[98.808],"t":30,"i":{"x":[1],"y":[1]},"o":{"x":[0],"y":[0]}},{"s":[99.176],"t":31,"i":{"x":[1],"y":[1]},"o":{"x":[0],"y":[0]}},{"s":[99.447],"t":32,"i":{"x":[1],"y":[1]},"o":{"x":[0],"y":[0]}},{"s":[99.642],"t":33,"i":{"x":[1],"y":[1]},"o":{"x":[0],"y":[0]}},{"s":[99.777],"t":34,"i":{"x":[1],"y":[1]},"o":{"x":[0],"y":[0]}},{"s":[99.868],"t":35,"i":{"x":[1],"y":[1]},"o":{"x":[0],"y":[0]}},{"s":[99.962],"t":37,"i":{"x":[1],"y":[1]},"o":{"x":[0],"y":[0]}}]},"r":{"a":0,"k":0,"ix":10},"p":{"k":[{"s":[539.5,1069.351,0],"t":10,"i":{"x":1,"y":1},"o":{"x":0,"y":0}},{"s":[539.485,1062.787,0],"t":11,"i":{"x":1,"y":1},"o":{"x":0,"y":0}},{"s":[539.44,1056.614,0],"t":12,"i":{"x":1,"y":1},"o":{"x":0,"y":0}},{"s":[539.366,1050.817,0],"t":13,"i":{"x":1,"y":1},"o":{"x":0,"y":0}},{"s":[539.263,1045.382,0],"t":14,"i":{"x":1,"y":1},"o":{"x":0,"y":0}},{"s":[539.133,1040.293,0],"t":15,"i":{"x":1,"y":1},"o":{"x":0,"y":0}},{"s":[538.976,1035.536,0],"t":16,"i":{"x":1,"y":1},"o":{"x":0,"y":0}},{"s":[538.795,1031.098,0],"t":17,"i":{"x":1,"y":1},"o":{"x":0,"y":0}},{"s":[538.59,1026.963,0],"t":18,"i":{"x":1,"y":1},"o":{"x":0,"y":0}},{"s":[538.365,1023.119,0],"t":19,"i":{"x":1,"y":1},"o":{"x":0,"y":0}},{"s":[538.121,1019.552,0],"t":20,"i":{"x":1,"y":1},"o":{"x":0,"y":0}},{"s":[537.861,1016.249,0],"t":21,"i":{"x":1,"y":1},"o":{"x":0,"y":0}},{"s":[537.587,1013.197,0],"t":22,"i":{"x":1,"y":1},"o":{"x":0,"y":0}},{"s":[537.302,1010.384,0],"t":23,"i":{"x":1,"y":1},"o":{"x":0,"y":0}},{"s":[537.01,1007.796,0],"t":24,"i":{"x":1,"y":1},"o":{"x":0,"y":0}},{"s":[536.712,1005.423,0],"t":25,"i":{"x":1,"y":1},"o":{"x":0,"y":0}},{"s":[536.412,1003.252,0],"t":26,"i":{"x":1,"y":1},"o":{"x":0,"y":0}},{"s":[536.113,1001.272,0],"t":27,"i":{"x":1,"y":1},"o":{"x":0,"y":0}},{"s":[535.818,999.473,0],"t":28,"i":{"x":1,"y":1},"o":{"x":0,"y":0}},{"s":[535.53,997.842,0],"t":29,"i":{"x":1,"y":1},"o":{"x":0,"y":0}},{"s":[535.252,996.37,0],"t":30,"i":{"x":1,"y":1},"o":{"x":0,"y":0}},{"s":[534.985,995.047,0],"t":31,"i":{"x":1,"y":1},"o":{"x":0,"y":0}},{"s":[534.734,993.861,0],"t":32,"i":{"x":1,"y":1},"o":{"x":0,"y":0}},{"s":[534.501,992.804,0],"t":33,"i":{"x":1,"y":1},"o":{"x":0,"y":0}},{"s":[534.288,991.865,0],"t":34,"i":{"x":1,"y":1},"o":{"x":0,"y":0}},{"s":[534.097,991.036,0],"t":35,"i":{"x":1,"y":1},"o":{"x":0,"y":0}},{"s":[533.929,990.306,0],"t":36,"i":{"x":1,"y":1},"o":{"x":0,"y":0}},{"s":[533.788,989.666,0],"t":37,"i":{"x":1,"y":1},"o":{"x":0,"y":0}},{"s":[533.673,989.108,0],"t":38,"i":{"x":1,"y":1},"o":{"x":0,"y":0}},{"s":[533.53,988.197,0],"t":40,"i":{"x":1,"y":1},"o":{"x":0,"y":0}},{"s":[533.505,987.5,0],"t":42,"i":{"x":1,"y":1},"o":{"x":0,"y":0}},{"s":[533.691,986.694,0],"t":45,"i":{"x":1,"y":1},"o":{"x":0,"y":0}},{"s":[534.127,986.067,0],"t":48,"i":{"x":1,"y":1},"o":{"x":0,"y":0}},{"s":[534.539,985.767,0],"t":50,"i":{"x":1,"y":1},"o":{"x":0,"y":0}},{"s":[535.029,985.575,0],"t":52,"i":{"x":1,"y":1},"o":{"x":0,"y":0}},{"s":[535.298,985.523,0],"t":53,"i":{"x":1,"y":1},"o":{"x":0,"y":0}},{"s":[535.578,985.501,0],"t":54,"i":{"x":1,"y":1},"o":{"x":0,"y":0}},{"s":[535.868,985.508,0],"t":55,"i":{"x":1,"y":1},"o":{"x":0,"y":0}},{"s":[536.164,985.546,0],"t":56,"i":{"x":1,"y":1},"o":{"x":0,"y":0}},{"s":[536.463,985.613,0],"t":57,"i":{"x":1,"y":1},"o":{"x":0,"y":0}},{"s":[536.762,985.709,0],"t":58,"i":{"x":1,"y":1},"o":{"x":0,"y":0}},{"s":[537.06,985.832,0],"t":59,"i":{"x":1,"y":1},"o":{"x":0,"y":0}},{"s":[537.351,985.983,0],"t":60,"i":{"x":1,"y":1},"o":{"x":0,"y":0}},{"s":[537.634,986.158,0],"t":61,"i":{"x":1,"y":1},"o":{"x":0,"y":0}},{"s":[538.163,986.578,0],"t":63,"i":{"x":1,"y":1},"o":{"x":0,"y":0}},{"s":[538.626,987.073,0],"t":65,"i":{"x":1,"y":1},"o":{"x":0,"y":0}},{"s":[539.157,987.917,0],"t":68,"i":{"x":1,"y":1},"o":{"x":0,"y":0}},{"s":[539.45,988.813,0],"t":71,"i":{"x":1,"y":1},"o":{"x":0,"y":0}},{"s":[539.48,989.68,0],"t":74,"i":{"x":1,"y":1},"o":{"x":0,"y":0}},{"s":[539.108,990.661,0],"t":78,"i":{"x":1,"y":1},"o":{"x":0,"y":0}},{"s":[538.762,991.032,0],"t":80,"i":{"x":1,"y":1},"o":{"x":0,"y":0}},{"s":[538.325,991.301,0],"t":82,"i":{"x":1,"y":1},"o":{"x":0,"y":0}},{"s":[537.816,991.459,0],"t":84,"i":{"x":1,"y":1},"o":{"x":0,"y":0}},{"s":[537.54,991.493,0],"t":85,"i":{"x":1,"y":1},"o":{"x":0,"y":0}},{"s":[537.254,991.498,0],"t":86,"i":{"x":1,"y":1},"o":{"x":0,"y":0}},{"s":[536.96,991.473,0],"t":87,"i":{"x":1,"y":1},"o":{"x":0,"y":0}},{"s":[536.662,991.418,0],"t":88,"i":{"x":1,"y":1},"o":{"x":0,"y":0}},{"s":[536.362,991.335,0],"t":89,"i":{"x":1,"y":1},"o":{"x":0,"y":0}},{"s":[536.063,991.222,0],"t":90,"i":{"x":1,"y":1},"o":{"x":0,"y":0}},{"s":[535.769,991.083,0],"t":91,"i":{"x":1,"y":1},"o":{"x":0,"y":0}},{"s":[535.483,990.918,0],"t":92,"i":{"x":1,"y":1},"o":{"x":0,"y":0}},{"s":[535.206,990.728,0],"t":93,"i":{"x":1,"y":1},"o":{"x":0,"y":0}},{"s":[534.694,990.285,0],"t":95,"i":{"x":1,"y":1},"o":{"x":0,"y":0}},{"s":[534.254,989.77,0],"t":97,"i":{"x":1,"y":1},"o":{"x":0,"y":0}},{"s":[533.767,988.91,0],"t":100,"i":{"x":1,"y":1},"o":{"x":0,"y":0}},{"s":[533.523,988.014,0],"t":103,"i":{"x":1,"y":1},"o":{"x":0,"y":0}},{"s":[533.546,987.161,0],"t":106,"i":{"x":1,"y":1},"o":{"x":0,"y":0}},{"s":[533.983,986.221,0],"t":110,"i":{"x":1,"y":1},"o":{"x":0,"y":0}},{"s":[534.357,985.879,0],"t":112,"i":{"x":1,"y":1},"o":{"x":0,"y":0}},{"s":[534.817,985.641,0],"t":114,"i":{"x":1,"y":1},"o":{"x":0,"y":0}},{"s":[535.344,985.517,0],"t":116,"i":{"x":1,"y":1},"o":{"x":0,"y":0}},{"s":[535.626,985.5,0],"t":117,"i":{"x":1,"y":1},"o":{"x":0,"y":0}},{"s":[535.917,985.513,0],"t":118,"i":{"x":1,"y":1},"o":{"x":0,"y":0}},{"s":[536.214,985.555,0],"t":119,"i":{"x":1,"y":1},"o":{"x":0,"y":0}},{"s":[536.513,985.627,0],"t":120,"i":{"x":1,"y":1},"o":{"x":0,"y":0}},{"s":[536.813,985.728,0],"t":121,"i":{"x":1,"y":1},"o":{"x":0,"y":0}},{"s":[537.109,985.856,0],"t":122,"i":{"x":1,"y":1},"o":{"x":0,"y":0}},{"s":[537.399,986.011,0],"t":123,"i":{"x":1,"y":1},"o":{"x":0,"y":0}},{"s":[537.68,986.19,0],"t":124,"i":{"x":1,"y":1},"o":{"x":0,"y":0}},{"s":[538.205,986.617,0],"t":126,"i":{"x":1,"y":1},"o":{"x":0,"y":0}},{"s":[538.661,987.118,0],"t":128,"i":{"x":1,"y":1},"o":{"x":0,"y":0}},{"s":[539.18,987.967,0],"t":131,"i":{"x":1,"y":1},"o":{"x":0,"y":0}},{"s":[539.459,988.863,0],"t":134,"i":{"x":1,"y":1},"o":{"x":0,"y":0}},{"s":[539.473,989.727,0],"t":137,"i":{"x":1,"y":1},"o":{"x":0,"y":0}},{"s":[539.083,990.696,0],"t":141,"i":{"x":1,"y":1},"o":{"x":0,"y":0}},{"s":[538.728,991.058,0],"t":143,"i":{"x":1,"y":1},"o":{"x":0,"y":0}},{"s":[538.285,991.319,0],"t":145,"i":{"x":1,"y":1},"o":{"x":0,"y":0}},{"s":[537.77,991.467,0],"t":147,"i":{"x":1,"y":1},"o":{"x":0,"y":0}},{"s":[537.492,991.496,0],"t":148,"i":{"x":1,"y":1},"o":{"x":0,"y":0}},{"s":[537.205,991.496,0],"t":149,"i":{"x":1,"y":1},"o":{"x":0,"y":0}},{"s":[536.91,991.466,0],"t":150,"i":{"x":1,"y":1},"o":{"x":0,"y":0}},{"s":[536.611,991.406,0],"t":151,"i":{"x":1,"y":1},"o":{"x":0,"y":0}},{"s":[536.312,991.318,0],"t":152,"i":{"x":1,"y":1},"o":{"x":0,"y":0}},{"s":[536.014,991.201,0],"t":153,"i":{"x":1,"y":1},"o":{"x":0,"y":0}},{"s":[535.721,991.057,0],"t":154,"i":{"x":1,"y":1},"o":{"x":0,"y":0}},{"s":[535.435,990.887,0],"t":155,"i":{"x":1,"y":1},"o":{"x":0,"y":0}},{"s":[535.161,990.694,0],"t":156,"i":{"x":1,"y":1},"o":{"x":0,"y":0}},{"s":[534.654,990.244,0],"t":158,"i":{"x":1,"y":1},"o":{"x":0,"y":0}},{"s":[534.221,989.724,0],"t":160,"i":{"x":1,"y":1},"o":{"x":0,"y":0}},{"s":[533.746,988.86,0],"t":163,"i":{"x":1,"y":1},"o":{"x":0,"y":0}},{"s":[533.517,987.964,0],"t":166,"i":{"x":1,"y":1},"o":{"x":0,"y":0}},{"s":[533.555,987.116,0],"t":169,"i":{"x":1,"y":1},"o":{"x":0,"y":0}},{"s":[534.011,986.188,0],"t":173,"i":{"x":1,"y":1},"o":{"x":0,"y":0}},{"s":[534.393,985.855,0],"t":175,"i":{"x":1,"y":1},"o":{"x":0,"y":0}},{"s":[534.859,985.626,0],"t":177,"i":{"x":1,"y":1},"o":{"x":0,"y":0}},{"s":[535.391,985.512,0],"t":179,"i":{"x":1,"y":1},"o":{"x":0,"y":0}},{"s":[535.675,985.5,0],"t":180,"i":{"x":1,"y":1},"o":{"x":0,"y":0}},{"s":[535.967,985.518,0],"t":181,"i":{"x":1,"y":1},"o":{"x":0,"y":0}},{"s":[536.264,985.565,0],"t":182,"i":{"x":1,"y":1},"o":{"x":0,"y":0}},{"s":[536.564,985.642,0],"t":183,"i":{"x":1,"y":1},"o":{"x":0,"y":0}},{"s":[536.863,985.747,0],"t":184,"i":{"x":1,"y":1},"o":{"x":0,"y":0}},{"s":[537.158,985.88,0],"t":185,"i":{"x":1,"y":1},"o":{"x":0,"y":0}},{"s":[537.447,986.039,0],"t":186,"i":{"x":1,"y":1},"o":{"x":0,"y":0}},{"s":[537.727,986.223,0],"t":187,"i":{"x":1,"y":1},"o":{"x":0,"y":0}},{"s":[538.246,986.656,0],"t":189,"i":{"x":1,"y":1},"o":{"x":0,"y":0}},{"s":[538.696,987.163,0],"t":191,"i":{"x":1,"y":1},"o":{"x":0,"y":0}},{"s":[539.202,988.016,0],"t":194,"i":{"x":1,"y":1},"o":{"x":0,"y":0}},{"s":[539.467,988.913,0],"t":197,"i":{"x":1,"y":1},"o":{"x":0,"y":0}},{"s":[539.466,989.773,0],"t":200,"i":{"x":1,"y":1},"o":{"x":0,"y":0}},{"s":[539.057,990.73,0],"t":204,"i":{"x":1,"y":1},"o":{"x":0,"y":0}},{"s":[538.694,991.084,0],"t":206,"i":{"x":1,"y":1},"o":{"x":0,"y":0}},{"s":[538.244,991.335,0],"t":208,"i":{"x":1,"y":1},"o":{"x":0,"y":0}},{"s":[537.724,991.474,0],"t":210,"i":{"x":1,"y":1},"o":{"x":0,"y":0}},{"s":[537.445,991.498,0],"t":211,"i":{"x":1,"y":1},"o":{"x":0,"y":0}},{"s":[537.156,991.493,0],"t":212,"i":{"x":1,"y":1},"o":{"x":0,"y":0}},{"s":[536.86,991.458,0],"t":213,"i":{"x":1,"y":1},"o":{"x":0,"y":0}},{"s":[536.561,991.393,0],"t":214,"i":{"x":1,"y":1},"o":{"x":0,"y":0}},{"s":[536.261,991.3,0],"t":215,"i":{"x":1,"y":1},"o":{"x":0,"y":0}},{"s":[535.964,991.178,0],"t":216,"i":{"x":1,"y":1},"o":{"x":0,"y":0}},{"s":[535.672,991.03,0],"t":217,"i":{"x":1,"y":1},"o":{"x":0,"y":0}},{"s":[535.388,990.857,0],"t":218,"i":{"x":1,"y":1},"o":{"x":0,"y":0}},{"s":[534.857,990.441,0],"t":220,"i":{"x":1,"y":1},"o":{"x":0,"y":0}},{"s":[534.391,989.948,0],"t":222,"i":{"x":1,"y":1},"o":{"x":0,"y":0}},{"s":[534.009,989.397,0],"t":224,"i":{"x":1,"y":1},"o":{"x":0,"y":0}},{"s":[533.626,988.511,0],"t":227,"i":{"x":1,"y":1},"o":{"x":0,"y":0}},{"s":[533.5,987.624,0],"t":230,"i":{"x":1,"y":1},"o":{"x":0,"y":0}},{"s":[533.642,986.815,0],"t":233,"i":{"x":1,"y":1},"o":{"x":0,"y":0}},{"s":[534.039,986.157,0],"t":236,"i":{"x":1,"y":1},"o":{"x":0,"y":0}},{"s":[534.429,985.831,0],"t":238,"i":{"x":1,"y":1},"o":{"x":0,"y":0}},{"s":[534.902,985.612,0],"t":240,"i":{"x":1,"y":1},"o":{"x":0,"y":0}},{"s":[535.163,985.545,0],"t":241,"i":{"x":1,"y":1},"o":{"x":0,"y":0}},{"s":[535.438,985.508,0],"t":242,"i":{"x":1,"y":1},"o":{"x":0,"y":0}},{"s":[535.723,985.501,0],"t":243,"i":{"x":1,"y":1},"o":{"x":0,"y":0}},{"s":[536.016,985.524,0],"t":244,"i":{"x":1,"y":1},"o":{"x":0,"y":0}},{"s":[536.314,985.576,0],"t":245,"i":{"x":1,"y":1},"o":{"x":0,"y":0}},{"s":[536.614,985.658,0],"t":246,"i":{"x":1,"y":1},"o":{"x":0,"y":0}},{"s":[536.913,985.768,0],"t":247,"i":{"x":1,"y":1},"o":{"x":0,"y":0}},{"s":[537.207,985.905,0],"t":248,"i":{"x":1,"y":1},"o":{"x":0,"y":0}},{"s":[537.495,986.068,0],"t":249,"i":{"x":1,"y":1},"o":{"x":0,"y":0}},{"s":[537.773,986.256,0],"t":250,"i":{"x":1,"y":1},"o":{"x":0,"y":0}},{"s":[538.287,986.696,0],"t":252,"i":{"x":1,"y":1},"o":{"x":0,"y":0}},{"s":[538.73,987.208,0],"t":254,"i":{"x":1,"y":1},"o":{"x":0,"y":0}},{"s":[539.223,988.066,0],"t":257,"i":{"x":1,"y":1},"o":{"x":0,"y":0}},{"s":[539.474,988.963,0],"t":260,"i":{"x":1,"y":1},"o":{"x":0,"y":0}},{"s":[539.458,989.818,0],"t":263,"i":{"x":1,"y":1},"o":{"x":0,"y":0}},{"s":[539.03,990.763,0],"t":267,"i":{"x":1,"y":1},"o":{"x":0,"y":0}},{"s":[538.659,991.11,0],"t":269,"i":{"x":1,"y":1},"o":{"x":0,"y":0}},{"s":[538.203,991.352,0],"t":271,"i":{"x":1,"y":1},"o":{"x":0,"y":0}},{"s":[537.678,991.48,0],"t":273,"i":{"x":1,"y":1},"o":{"x":0,"y":0}},{"s":[537.397,991.5,0],"t":274,"i":{"x":1,"y":1},"o":{"x":0,"y":0}},{"s":[537.106,991.489,0],"t":275,"i":{"x":1,"y":1},"o":{"x":0,"y":0}},{"s":[536.81,991.449,0],"t":276,"i":{"x":1,"y":1},"o":{"x":0,"y":0}},{"s":[536.511,991.38,0],"t":277,"i":{"x":1,"y":1},"o":{"x":0,"y":0}},{"s":[536.211,991.281,0],"t":278,"i":{"x":1,"y":1},"o":{"x":0,"y":0}},{"s":[535.914,991.155,0],"t":279,"i":{"x":1,"y":1},"o":{"x":0,"y":0}},{"s":[535.624,991.003,0],"t":280,"i":{"x":1,"y":1},"o":{"x":0,"y":0}},{"s":[535.342,990.825,0],"t":281,"i":{"x":1,"y":1},"o":{"x":0,"y":0}},{"s":[534.815,990.402,0],"t":283,"i":{"x":1,"y":1},"o":{"x":0,"y":0}},{"s":[534.355,989.903,0],"t":285,"i":{"x":1,"y":1},"o":{"x":0,"y":0}},{"s":[533.831,989.057,0],"t":288,"i":{"x":1,"y":1},"o":{"x":0,"y":0}},{"s":[533.545,988.161,0],"t":291,"i":{"x":1,"y":1},"o":{"x":0,"y":0}},{"s":[533.524,987.295,0],"t":294,"i":{"x":1,"y":1},"o":{"x":0,"y":0}},{"s":[533.905,986.32,0],"t":298,"i":{"x":1,"y":1},"o":{"x":0,"y":0}},{"s":[534.256,985.954,0],"t":300,"i":{"x":1,"y":1},"o":{"x":0,"y":0}},{"s":[534.696,985.69,0],"t":302,"i":{"x":1,"y":1},"o":{"x":0,"y":0}},{"s":[535.208,985.537,0],"t":304,"i":{"x":1,"y":1},"o":{"x":0,"y":0}},{"s":[535.485,985.505,0],"t":305,"i":{"x":1,"y":1},"o":{"x":0,"y":0}},{"s":[535.772,985.503,0],"t":306,"i":{"x":1,"y":1},"o":{"x":0,"y":0}},{"s":[536.066,985.53,0],"t":307,"i":{"x":1,"y":1},"o":{"x":0,"y":0}},{"s":[536.365,985.588,0],"t":308,"i":{"x":1,"y":1},"o":{"x":0,"y":0}},{"s":[536.665,985.674,0],"t":309,"i":{"x":1,"y":1},"o":{"x":0,"y":0}},{"s":[536.963,985.789,0],"t":310,"i":{"x":1,"y":1},"o":{"x":0,"y":0}},{"s":[537.256,985.931,0],"t":311,"i":{"x":1,"y":1},"o":{"x":0,"y":0}},{"s":[537.542,986.098,0],"t":312,"i":{"x":1,"y":1},"o":{"x":0,"y":0}},{"s":[537.818,986.29,0],"t":313,"i":{"x":1,"y":1},"o":{"x":0,"y":0}},{"s":[538.327,986.737,0],"t":315,"i":{"x":1,"y":1},"o":{"x":0,"y":0}},{"s":[538.763,987.254,0],"t":317,"i":{"x":1,"y":1},"o":{"x":0,"y":0}},{"s":[539.244,988.116,0],"t":320,"i":{"x":1,"y":1},"o":{"x":0,"y":0}},{"s":[539.48,989.013,0],"t":323,"i":{"x":1,"y":1},"o":{"x":0,"y":0}},{"s":[539.449,989.863,0],"t":326,"i":{"x":1,"y":1},"o":{"x":0,"y":0}},{"s":[539.003,990.796,0],"t":330,"i":{"x":1,"y":1},"o":{"x":0,"y":0}},{"s":[538.624,991.134,0],"t":332,"i":{"x":1,"y":1},"o":{"x":0,"y":0}},{"s":[538.161,991.367,0],"t":334,"i":{"x":1,"y":1},"o":{"x":0,"y":0}},{"s":[537.631,991.485,0],"t":336,"i":{"x":1,"y":1},"o":{"x":0,"y":0}},{"s":[537.348,991.5,0],"t":337,"i":{"x":1,"y":1},"o":{"x":0,"y":0}},{"s":[537.057,991.485,0],"t":338,"i":{"x":1,"y":1},"o":{"x":0,"y":0}},{"s":[536.76,991.44,0],"t":339,"i":{"x":1,"y":1},"o":{"x":0,"y":0}},{"s":[536.46,991.365,0],"t":340,"i":{"x":1,"y":1},"o":{"x":0,"y":0}},{"s":[536.161,991.262,0],"t":341,"i":{"x":1,"y":1},"o":{"x":0,"y":0}},{"s":[535.865,991.131,0],"t":342,"i":{"x":1,"y":1},"o":{"x":0,"y":0}},{"s":[535.575,990.975,0],"t":343,"i":{"x":1,"y":1},"o":{"x":0,"y":0}},{"s":[535.295,990.793,0],"t":344,"i":{"x":1,"y":1},"o":{"x":0,"y":0}},{"s":[534.773,990.363,0],"t":346,"i":{"x":1,"y":1},"o":{"x":0,"y":0}},{"s":[534.32,989.858,0],"t":348,"i":{"x":1,"y":1},"o":{"x":0,"y":0}},{"s":[533.809,989.007,0],"t":351,"i":{"x":1,"y":1},"o":{"x":0,"y":0}},{"s":[533.537,988.111,0],"t":354,"i":{"x":1,"y":1},"o":{"x":0,"y":0}},{"s":[533.53,987.249,0],"t":357,"i":{"x":1,"y":1},"o":{"x":0,"y":0}},{"s":[533.931,986.286,0],"t":361,"i":{"x":1,"y":1},"o":{"x":0,"y":0}},{"s":[534.29,985.928,0],"t":363,"i":{"x":1,"y":1},"o":{"x":0,"y":0}},{"s":[534.737,985.672,0],"t":365,"i":{"x":1,"y":1},"o":{"x":0,"y":0}},{"s":[535.254,985.53,0],"t":367,"i":{"x":1,"y":1},"o":{"x":0,"y":0}},{"s":[535.533,985.502,0],"t":368,"i":{"x":1,"y":1},"o":{"x":0,"y":0}},{"s":[535.821,985.505,0],"t":369,"i":{"x":1,"y":1},"o":{"x":0,"y":0}},{"s":[536.116,985.538,0],"t":370,"i":{"x":1,"y":1},"o":{"x":0,"y":0}},{"s":[536.415,985.6,0],"t":371,"i":{"x":1,"y":1},"o":{"x":0,"y":0}},{"s":[536.715,985.692,0],"t":372,"i":{"x":1,"y":1},"o":{"x":0,"y":0}},{"s":[537.013,985.811,0],"t":373,"i":{"x":1,"y":1},"o":{"x":0,"y":0}},{"s":[537.305,985.957,0],"t":374,"i":{"x":1,"y":1},"o":{"x":0,"y":0}},{"s":[537.59,986.129,0],"t":375,"i":{"x":1,"y":1},"o":{"x":0,"y":0}},{"s":[538.123,986.541,0],"t":377,"i":{"x":1,"y":1},"o":{"x":0,"y":0}},{"s":[538.592,987.032,0],"t":379,"i":{"x":1,"y":1},"o":{"x":0,"y":0}},{"s":[538.978,987.581,0],"t":381,"i":{"x":1,"y":1},"o":{"x":0,"y":0}},{"s":[539.367,988.465,0],"t":384,"i":{"x":1,"y":1},"o":{"x":0,"y":0}},{"s":[539.5,989.354,0],"t":387,"i":{"x":1,"y":1},"o":{"x":0,"y":0}},{"s":[539.365,990.165,0],"t":390,"i":{"x":1,"y":1},"o":{"x":0,"y":0}},{"s":[538.975,990.828,0],"t":393,"i":{"x":1,"y":1},"o":{"x":0,"y":0}},{"s":[538.588,991.158,0],"t":395,"i":{"x":1,"y":1},"o":{"x":0,"y":0}},{"s":[538.119,991.381,0],"t":397,"i":{"x":1,"y":1},"o":{"x":0,"y":0}},{"s":[537.585,991.49,0],"t":399,"i":{"x":1,"y":1},"o":{"x":0,"y":0}},{"s":[537.3,991.5,0],"t":400,"i":{"x":1,"y":1},"o":{"x":0,"y":0}},{"s":[537.007,991.479,0],"t":401,"i":{"x":1,"y":1},"o":{"x":0,"y":0}},{"s":[536.71,991.429,0],"t":402,"i":{"x":1,"y":1},"o":{"x":0,"y":0}},{"s":[536.41,991.35,0],"t":403,"i":{"x":1,"y":1},"o":{"x":0,"y":0}},{"s":[536.111,991.242,0],"t":404,"i":{"x":1,"y":1},"o":{"x":0,"y":0}},{"s":[535.816,991.107,0],"t":405,"i":{"x":1,"y":1},"o":{"x":0,"y":0}},{"s":[535.528,990.946,0],"t":406,"i":{"x":1,"y":1},"o":{"x":0,"y":0}},{"s":[535.249,990.76,0],"t":407,"i":{"x":1,"y":1},"o":{"x":0,"y":0}},{"s":[534.732,990.323,0],"t":409,"i":{"x":1,"y":1},"o":{"x":0,"y":0}},{"s":[534.286,989.813,0],"t":411,"i":{"x":1,"y":1},"o":{"x":0,"y":0}},{"s":[533.787,988.957,0],"t":414,"i":{"x":1,"y":1},"o":{"x":0,"y":0}},{"s":[533.53,988.061,0],"t":417,"i":{"x":1,"y":1},"o":{"x":0,"y":0}},{"s":[533.538,987.203,0],"t":420,"i":{"x":1,"y":1},"o":{"x":0,"y":0}},{"s":[533.957,986.252,0],"t":424,"i":{"x":1,"y":1},"o":{"x":0,"y":0}},{"s":[534.324,985.902,0],"t":426,"i":{"x":1,"y":1},"o":{"x":0,"y":0}},{"s":[534.778,985.656,0],"t":428,"i":{"x":1,"y":1},"o":{"x":0,"y":0}},{"s":[535.3,985.523,0],"t":430,"i":{"x":1,"y":1},"o":{"x":0,"y":0}},{"s":[535.581,985.501,0],"t":431,"i":{"x":1,"y":1},"o":{"x":0,"y":0}},{"s":[535.87,985.509,0],"t":432,"i":{"x":1,"y":1},"o":{"x":0,"y":0}},{"s":[536.166,985.546,0],"t":433,"i":{"x":1,"y":1},"o":{"x":0,"y":0}},{"s":[536.465,985.614,0],"t":434,"i":{"x":1,"y":1},"o":{"x":0,"y":0}},{"s":[536.765,985.71,0],"t":435,"i":{"x":1,"y":1},"o":{"x":0,"y":0}},{"s":[537.062,985.834,0],"t":436,"i":{"x":1,"y":1},"o":{"x":0,"y":0}},{"s":[537.354,985.984,0],"t":437,"i":{"x":1,"y":1},"o":{"x":0,"y":0}},{"s":[537.636,986.16,0],"t":438,"i":{"x":1,"y":1},"o":{"x":0,"y":0}},{"s":[538.165,986.58,0],"t":440,"i":{"x":1,"y":1},"o":{"x":0,"y":0}},{"s":[538.628,987.076,0],"t":442,"i":{"x":1,"y":1},"o":{"x":0,"y":0}},{"s":[539.158,987.92,0],"t":445,"i":{"x":1,"y":1},"o":{"x":0,"y":0}},{"s":[539.45,988.815,0],"t":448,"i":{"x":1,"y":1},"o":{"x":0,"y":0}},{"s":[539.479,989.683,0],"t":451,"i":{"x":1,"y":1},"o":{"x":0,"y":0}},{"s":[539.107,990.663,0],"t":455,"i":{"x":1,"y":1},"o":{"x":0,"y":0}},{"s":[538.76,991.033,0],"t":457,"i":{"x":1,"y":1},"o":{"x":0,"y":0}},{"s":[538.323,991.302,0],"t":459,"i":{"x":1,"y":1},"o":{"x":0,"y":0}},{"s":[537.813,991.459,0],"t":461,"i":{"x":1,"y":1},"o":{"x":0,"y":0}},{"s":[537.537,991.494,0],"t":462,"i":{"x":1,"y":1},"o":{"x":0,"y":0}},{"s":[537.251,991.498,0],"t":463,"i":{"x":1,"y":1},"o":{"x":0,"y":0}},{"s":[536.957,991.473,0],"t":464,"i":{"x":1,"y":1},"o":{"x":0,"y":0}},{"s":[536.659,991.418,0],"t":465,"i":{"x":1,"y":1},"o":{"x":0,"y":0}},{"s":[536.359,991.334,0],"t":466,"i":{"x":1,"y":1},"o":{"x":0,"y":0}},{"s":[536.061,991.221,0],"t":467,"i":{"x":1,"y":1},"o":{"x":0,"y":0}},{"s":[535.767,991.082,0],"t":468,"i":{"x":1,"y":1},"o":{"x":0,"y":0}},{"s":[535.48,990.916,0],"t":469,"i":{"x":1,"y":1},"o":{"x":0,"y":0}},{"s":[535.203,990.726,0],"t":470,"i":{"x":1,"y":1},"o":{"x":0,"y":0}},{"s":[534.692,990.283,0],"t":472,"i":{"x":1,"y":1},"o":{"x":0,"y":0}},{"s":[534.252,989.768,0],"t":474,"i":{"x":1,"y":1},"o":{"x":0,"y":0}},{"s":[533.766,988.908,0],"t":477,"i":{"x":1,"y":1},"o":{"x":0,"y":0}},{"s":[533.523,988.011,0],"t":480,"i":{"x":1,"y":1},"o":{"x":0,"y":0}},{"s":[533.546,987.158,0],"t":483,"i":{"x":1,"y":1},"o":{"x":0,"y":0}},{"s":[533.984,986.219,0],"t":487,"i":{"x":1,"y":1},"o":{"x":0,"y":0}},{"s":[534.359,985.877,0],"t":489,"i":{"x":1,"y":1},"o":{"x":0,"y":0}},{"s":[534.819,985.64,0],"t":491,"i":{"x":1,"y":1},"o":{"x":0,"y":0}},{"s":[535.346,985.517,0],"t":493,"i":{"x":1,"y":1},"o":{"x":0,"y":0}},{"s":[535.629,985.5,0],"t":494,"i":{"x":1,"y":1},"o":{"x":0,"y":0}},{"s":[535.92,985.513,0],"t":495,"i":{"x":1,"y":1},"o":{"x":0,"y":0}},{"s":[536.216,985.556,0],"t":496,"i":{"x":1,"y":1},"o":{"x":0,"y":0}},{"s":[536.516,985.628,0],"t":497,"i":{"x":1,"y":1},"o":{"x":0,"y":0}},{"s":[536.815,985.729,0],"t":498,"i":{"x":1,"y":1},"o":{"x":0,"y":0}},{"s":[537.112,985.857,0],"t":499,"i":{"x":1,"y":1},"o":{"x":0,"y":0}},{"s":[537.402,986.012,0],"t":500,"i":{"x":1,"y":1},"o":{"x":0,"y":0}},{"s":[537.683,986.192,0],"t":501,"i":{"x":1,"y":1},"o":{"x":0,"y":0}},{"s":[538.207,986.619,0],"t":503,"i":{"x":1,"y":1},"o":{"x":0,"y":0}},{"s":[538.663,987.12,0],"t":505,"i":{"x":1,"y":1},"o":{"x":0,"y":0}},{"s":[539.181,987.969,0],"t":508,"i":{"x":1,"y":1},"o":{"x":0,"y":0}},{"s":[539.459,988.865,0],"t":511,"i":{"x":1,"y":1},"o":{"x":0,"y":0}},{"s":[539.473,989.729,0],"t":514,"i":{"x":1,"y":1},"o":{"x":0,"y":0}},{"s":[539.082,990.698,0],"t":518,"i":{"x":1,"y":1},"o":{"x":0,"y":0}},{"s":[538.726,991.06,0],"t":520,"i":{"x":1,"y":1},"o":{"x":0,"y":0}},{"s":[538.283,991.319,0],"t":522,"i":{"x":1,"y":1},"o":{"x":0,"y":0}},{"s":[537.768,991.467,0],"t":524,"i":{"x":1,"y":1},"o":{"x":0,"y":0}},{"s":[537.49,991.496,0],"t":525,"i":{"x":1,"y":1},"o":{"x":0,"y":0}},{"s":[537.202,991.496,0],"t":526,"i":{"x":1,"y":1},"o":{"x":0,"y":0}},{"s":[536.908,991.466,0],"t":527,"i":{"x":1,"y":1},"o":{"x":0,"y":0}},{"s":[536.609,991.406,0],"t":528,"i":{"x":1,"y":1},"o":{"x":0,"y":0}},{"s":[536.309,991.317,0],"t":529,"i":{"x":1,"y":1},"o":{"x":0,"y":0}},{"s":[536.011,991.2,0],"t":530,"i":{"x":1,"y":1},"o":{"x":0,"y":0}},{"s":[535.718,991.055,0],"t":531,"i":{"x":1,"y":1},"o":{"x":0,"y":0}},{"s":[535.433,990.886,0],"t":532,"i":{"x":1,"y":1},"o":{"x":0,"y":0}},{"s":[535.158,990.692,0],"t":533,"i":{"x":1,"y":1},"o":{"x":0,"y":0}},{"s":[534.652,990.242,0],"t":535,"i":{"x":1,"y":1},"o":{"x":0,"y":0}},{"s":[534.219,989.722,0],"t":537,"i":{"x":1,"y":1},"o":{"x":0,"y":0}},{"s":[533.745,988.858,0],"t":540,"i":{"x":1,"y":1},"o":{"x":0,"y":0}},{"s":[533.517,987.961,0],"t":543,"i":{"x":1,"y":1},"o":{"x":0,"y":0}},{"s":[533.556,987.113,0],"t":546,"i":{"x":1,"y":1},"o":{"x":0,"y":0}},{"s":[534.012,986.187,0],"t":550,"i":{"x":1,"y":1},"o":{"x":0,"y":0}},{"s":[534.395,985.853,0],"t":552,"i":{"x":1,"y":1},"o":{"x":0,"y":0}},{"s":[534.861,985.625,0],"t":554,"i":{"x":1,"y":1},"o":{"x":0,"y":0}},{"s":[535.393,985.512,0],"t":556,"i":{"x":1,"y":1},"o":{"x":0,"y":0}},{"s":[535.677,985.5,0],"t":557,"i":{"x":1,"y":1},"o":{"x":0,"y":0}},{"s":[535.969,985.518,0],"t":558,"i":{"x":1,"y":1},"o":{"x":0,"y":0}},{"s":[536.267,985.566,0],"t":559,"i":{"x":1,"y":1},"o":{"x":0,"y":0}},{"s":[536.566,985.643,0],"t":560,"i":{"x":1,"y":1},"o":{"x":0,"y":0}},{"s":[536.865,985.748,0],"t":561,"i":{"x":1,"y":1},"o":{"x":0,"y":0}},{"s":[537.161,985.881,0],"t":562,"i":{"x":1,"y":1},"o":{"x":0,"y":0}},{"s":[537.45,986.041,0],"t":563,"i":{"x":1,"y":1},"o":{"x":0,"y":0}},{"s":[537.729,986.224,0],"t":564,"i":{"x":1,"y":1},"o":{"x":0,"y":0}},{"s":[538.248,986.658,0],"t":566,"i":{"x":1,"y":1},"o":{"x":0,"y":0}},{"s":[538.698,987.165,0],"t":568,"i":{"x":1,"y":1},"o":{"x":0,"y":0}},{"s":[539.203,988.019,0],"t":571,"i":{"x":1,"y":1},"o":{"x":0,"y":0}},{"s":[539.467,988.915,0],"t":574,"i":{"x":1,"y":1},"o":{"x":0,"y":0}},{"s":[539.466,989.775,0],"t":577,"i":{"x":1,"y":1},"o":{"x":0,"y":0}},{"s":[539.055,990.732,0],"t":581,"i":{"x":1,"y":1},"o":{"x":0,"y":0}},{"s":[538.692,991.086,0],"t":583,"i":{"x":1,"y":1},"o":{"x":0,"y":0}},{"s":[538.242,991.336,0],"t":585,"i":{"x":1,"y":1},"o":{"x":0,"y":0}},{"s":[537.722,991.474,0],"t":587,"i":{"x":1,"y":1},"o":{"x":0,"y":0}},{"s":[537.442,991.498,0],"t":588,"i":{"x":1,"y":1},"o":{"x":0,"y":0}},{"s":[537.153,991.493,0],"t":589,"i":{"x":1,"y":1},"o":{"x":0,"y":0}},{"s":[536.858,991.458,0],"t":590,"i":{"x":1,"y":1},"o":{"x":0,"y":0}},{"s":[536.558,991.393,0],"t":591,"i":{"x":1,"y":1},"o":{"x":0,"y":0}},{"s":[536.259,991.299,0],"t":592,"i":{"x":1,"y":1},"o":{"x":0,"y":0}},{"s":[535.961,991.177,0],"t":593,"i":{"x":1,"y":1},"o":{"x":0,"y":0}},{"s":[535.669,991.029,0],"t":594,"i":{"x":1,"y":1},"o":{"x":0,"y":0}},{"s":[535.386,990.855,0],"t":595,"i":{"x":1,"y":1},"o":{"x":0,"y":0}},{"s":[534.855,990.439,0],"t":597,"i":{"x":1,"y":1},"o":{"x":0,"y":0}}],"l":2},"a":{"a":0,"k":[1.04,-20.24,0],"ix":1,"l":2},"s":{"a":0,"k":[100,100,100],"ix":6,"l":2}},"ao":0,"ef":[{"ty":25,"nm":"Drop Shadow","np":8,"mn":"ADBE Drop Shadow","ix":1,"en":1,"ef":[{"ty":2,"nm":"Shadow Color","mn":"ADBE Drop Shadow-0001","ix":1,"v":{"a":0,"k":[0,0,0,1],"ix":1}},{"ty":0,"nm":"Opacity","mn":"ADBE Drop Shadow-0002","ix":2,"v":{"a":0,"k":255,"ix":2}},{"ty":0,"nm":"Direction","mn":"ADBE Drop Shadow-0003","ix":3,"v":{"a":0,"k":180,"ix":3}},{"ty":0,"nm":"Distance","mn":"ADBE Drop Shadow-0004","ix":4,"v":{"a":0,"k":4,"ix":4}},{"ty":0,"nm":"Softness","mn":"ADBE Drop Shadow-0005","ix":5,"v":{"a":0,"k":200,"ix":5}},{"ty":7,"nm":"Shadow Only","mn":"ADBE Drop Shadow-0006","ix":6,"v":{"a":0,"k":0,"ix":6}}]},{"ty":5,"nm":"AC IN [XUT] Controls","np":3,"mn":"Pseudo/MHAC PrCtrl XUT 7","ix":2,"en":1,"ef":[{"ty":3,"nm":"Position","mn":"Pseudo/MHAC PrCtrl XUT 7-0001","ix":1,"v":{"a":0,"k":[0,80],"ix":1}}]},{"ty":5,"nm":"AC FX [QJF] Controls","np":8,"mn":"Pseudo/MHAC PrCtrl QJF 9","ix":3,"en":1,"ef":[{"ty":0,"nm":"Intensity","mn":"Pseudo/MHAC PrCtrl QJF 9-0001","ix":1,"v":{"a":0,"k":2,"ix":1}},{"ty":3,"nm":"XY Motion Range","mn":"Pseudo/MHAC PrCtrl QJF 9-0002","ix":2,"v":{"a":0,"k":[150,150],"ix":2}},{"ty":0,"nm":"X Frequency","mn":"Pseudo/MHAC PrCtrl QJF 9-0003","ix":3,"v":{"a":0,"k":6,"ix":3}},{"ty":0,"nm":"Y Frequency","mn":"Pseudo/MHAC PrCtrl QJF 9-0004","ix":4,"v":{"a":0,"k":6,"ix":4}},{"ty":0,"nm":"X Time Offset","mn":"Pseudo/MHAC PrCtrl QJF 9-0005","ix":5,"v":{"a":0,"k":0,"ix":5}},{"ty":0,"nm":"Y Time Offset","mn":"Pseudo/MHAC PrCtrl QJF 9-0006","ix":6,"v":{"a":0,"k":5,"ix":6}}]}],"t":{"d":{"k":[{"s":{"s":80,"f":"Alegreya-Bold","t":"Sales Report","ca":0,"j":2,"tr":0,"lh":104,"ls":0,"fc":[1,1,1]},"t":0}]},"p":{},"m":{"g":1,"a":{"a":0,"k":[0,0],"ix":2}},"a":[]},"ip":10,"op":610,"st":10,"ct":1,"bm":0},{"ddd":0,"ind":6,"ty":4,"nm":"overlay","sr":1,"ks":{"o":{"a":1,"k":[{"i":{"x":[0.05],"y":[1]},"o":{"x":[0.5],"y":[0]},"t":0,"s":[0]},{"t":10,"s":[100]}],"ix":11},"r":{"a":0,"k":0,"ix":10},"p":{"a":0,"k":[540,960,0],"ix":2,"l":2},"a":{"a":0,"k":[0,0,0],"ix":1,"l":2},"s":{"a":0,"k":[100,100,100],"ix":6,"l":2}},"ao":0,"shapes":[{"ty":"gr","it":[{"ty":"rc","d":1,"s":{"a":0,"k":[1080,1920],"ix":2},"p":{"a":0,"k":[0,0],"ix":3},"r":{"a":0,"k":0,"ix":4},"nm":"Rectangle Path 1","mn":"ADBE Vector Shape - Rect","hd":false},{"ty":"fl","c":{"a":0,"k":[0,0,0,1],"ix":4},"o":{"a":0,"k":20,"ix":5},"r":1,"bm":0,"nm":"Fill 1","mn":"ADBE Vector Graphic - Fill","hd":false},{"ty":"tr","p":{"a":0,"k":[0,0],"ix":2},"a":{"a":0,"k":[0,0],"ix":1},"s":{"a":0,"k":[100,100],"ix":3},"r":{"a":0,"k":0,"ix":6},"o":{"a":0,"k":100,"ix":7},"sk":{"a":0,"k":0,"ix":4},"sa":{"a":0,"k":0,"ix":5},"nm":"Transform"}],"nm":"overlay","np":2,"cix":2,"bm":0,"ix":1,"mn":"ADBE Vector Group","hd":false}],"ip":0,"op":600,"st":0,"ct":1,"bm":0},{"ddd":0,"ind":7,"ty":3,"nm":"overlay_bgBlur","parent":6,"sr":1,"ks":{"o":{"a":1,"k":[{"i":{"x":[0.05],"y":[1]},"o":{"x":[0.5],"y":[0]},"t":0,"s":[0]},{"t":10,"s":[100]}],"ix":11},"r":{"a":0,"k":0,"ix":10},"p":{"a":0,"k":[0,0,0],"ix":2,"l":2},"a":{"a":0,"k":[0,0,0],"ix":1,"l":2},"s":{"a":0,"k":[100,100,100],"ix":6,"l":2}},"ao":0,"ef":[{"ty":29,"nm":"Gaussian Blur","np":5,"mn":"ADBE Gaussian Blur 2","ix":1,"en":1,"ef":[{"ty":0,"nm":"Blurriness","mn":"ADBE Gaussian Blur 2-0001","ix":1,"v":{"a":0,"k":60,"ix":1}},{"ty":7,"nm":"Blur Dimensions","mn":"ADBE Gaussian Blur 2-0002","ix":2,"v":{"a":0,"k":1,"ix":2}},{"ty":7,"nm":"Repeat Edge Pixels","mn":"ADBE Gaussian Blur 2-0003","ix":3,"v":{"a":0,"k":0,"ix":3}}]}],"ip":0,"op":600,"st":0,"ct":1,"bm":0},{"ddd":0,"ind":8,"ty":0,"nm":"full_image_slow_zoom_storytelling","refId":"comp_0","sr":1,"ks":{"o":{"a":0,"k":100,"ix":11},"r":{"a":0,"k":0,"ix":10},"p":{"a":0,"k":[540,960,0],"ix":2,"l":2},"a":{"a":0,"k":[540,960,0],"ix":1,"l":2},"s":{"a":0,"k":[100,100,100],"ix":6,"l":2}},"ao":0,"w":1080,"h":1920,"ip":0,"op":600,"st":0,"bm":0}],"markers":[],"props":{}}