{"v":"5.12.1","fr":60,"ip":0,"op":600,"w":1080,"h":1920,"nm":"one_people_one_title_left","ddd":0,"assets":[{"id":"a_1","w":1920,"h":1920,"u":"images/","p":"a_1.png","e":0},{"id":"audio_0","u":"images/","p":"Swoosh_03_05.wav","e":0,"t":2},{"id":"comp_0","nm":"a_1","fr":60,"layers":[{"ddd":0,"ind":2,"ty":2,"nm":"a_1","refId":"a_1","sr":1,"ks":{"o":{"a":0,"k":100,"ix":11},"r":{"a":0,"k":0,"ix":10},"p":{"a":0,"k":[750,750,0],"ix":2,"l":2},"a":{"a":0,"k":[960,960,0],"ix":1,"l":2},"s":{"a":0,"k":[78.125,78.125,100],"ix":6,"l":2}},"ao":0,"ip":0,"op":600,"st":0,"bm":0}]}],"fonts":{"list":[{"origin":0,"fPath":"","fClass":"","fFamily":"Dela Gothic One","fWeight":"","fStyle":"Regular","fName":"DelaGothicOne-Regular","ascent":81.8488648161292}]},"layers":[{"ddd":0,"ind":1,"ty":6,"nm":"Swoosh_03_05.wav","cl":"wav","refId":"audio_0","sr":1,"ip":5,"op":20,"st":5,"bm":0},{"ddd":0,"ind":2,"ty":0,"nm":"a_1","refId":"comp_0","sr":1,"ks":{"o":{"a":0,"k":100,"ix":11},"r":{"a":0,"k":0,"ix":10},"p":{"a":1,"k":[{"i":{"x":0.05,"y":1},"o":{"x":0.5,"y":0},"t":0,"s":[-774,1170,0],"to":[0,0,0],"ti":[0,0,0]},{"t":20,"s":[330,1170,0]}],"ix":2,"l":2},"a":{"a":0,"k":[750,750,0],"ix":1,"l":2},"s":{"a":0,"k":[100,100,100],"ix":6,"l":2}},"ao":0,"w":1500,"h":1500,"ip":0,"op":600,"st":0,"bm":0},{"ddd":0,"ind":3,"ty":5,"nm":"title_highlight","sr":1,"ks":{"o":{"k":[{"s":[0],"t":20,"i":{"x":[1],"y":[1]},"o":{"x":[0],"y":[0]}},{"s":[13.853],"t":21,"i":{"x":[1],"y":[1]},"o":{"x":[0],"y":[0]}},{"s":[26.127],"t":22,"i":{"x":[1],"y":[1]},"o":{"x":[0],"y":[0]}},{"s":[36.96],"t":23,"i":{"x":[1],"y":[1]},"o":{"x":[0],"y":[0]}},{"s":[46.483],"t":24,"i":{"x":[1],"y":[1]},"o":{"x":[0],"y":[0]}},{"s":[54.819],"t":25,"i":{"x":[1],"y":[1]},"o":{"x":[0],"y":[0]}},{"s":[62.082],"t":26,"i":{"x":[1],"y":[1]},"o":{"x":[0],"y":[0]}},{"s":[68.379],"t":27,"i":{"x":[1],"y":[1]},"o":{"x":[0],"y":[0]}},{"s":[73.811],"t":28,"i":{"x":[1],"y":[1]},"o":{"x":[0],"y":[0]}},{"s":[78.469],"t":29,"i":{"x":[1],"y":[1]},"o":{"x":[0],"y":[0]}},{"s":[82.439],"t":30,"i":{"x":[1],"y":[1]},"o":{"x":[0],"y":[0]}},{"s":[85.801],"t":31,"i":{"x":[1],"y":[1]},"o":{"x":[0],"y":[0]}},{"s":[88.627],"t":32,"i":{"x":[1],"y":[1]},"o":{"x":[0],"y":[0]}},{"s":[90.984],"t":33,"i":{"x":[1],"y":[1]},"o":{"x":[0],"y":[0]}},{"s":[92.933],"t":34,"i":{"x":[1],"y":[1]},"o":{"x":[0],"y":[0]}},{"s":[94.529],"t":35,"i":{"x":[1],"y":[1]},"o":{"x":[0],"y":[0]}},{"s":[95.823],"t":36,"i":{"x":[1],"y":[1]},"o":{"x":[0],"y":[0]}},{"s":[96.86],"t":37,"i":{"x":[1],"y":[1]},"o":{"x":[0],"y":[0]}},{"s":[97.679],"t":38,"i":{"x":[1],"y":[1]},"o":{"x":[0],"y":[0]}},{"s":[98.318],"t":39,"i":{"x":[1],"y":[1]},"o":{"x":[0],"y":[0]}},{"s":[98.808],"t":40,"i":{"x":[1],"y":[1]},"o":{"x":[0],"y":[0]}},{"s":[99.176],"t":41,"i":{"x":[1],"y":[1]},"o":{"x":[0],"y":[0]}},{"s":[99.447],"t":42,"i":{"x":[1],"y":[1]},"o":{"x":[0],"y":[0]}},{"s":[99.642],"t":43,"i":{"x":[1],"y":[1]},"o":{"x":[0],"y":[0]}},{"s":[99.777],"t":44,"i":{"x":[1],"y":[1]},"o":{"x":[0],"y":[0]}},{"s":[99.868],"t":45,"i":{"x":[1],"y":[1]},"o":{"x":[0],"y":[0]}},{"s":[99.962],"t":47,"i":{"x":[1],"y":[1]},"o":{"x":[0],"y":[0]}}]},"r":{"a":0,"k":0,"ix":10},"p":{"k":[{"s":[440,353.41,0],"t":20,"i":{"x":1,"y":1},"o":{"x":0,"y":0}},{"s":[448.558,353.41,0],"t":21,"i":{"x":1,"y":1},"o":{"x":0,"y":0}},{"s":[456.614,353.41,0],"t":22,"i":{"x":1,"y":1},"o":{"x":0,"y":0}},{"s":[464.182,353.41,0],"t":23,"i":{"x":1,"y":1},"o":{"x":0,"y":0}},{"s":[471.278,353.41,0],"t":24,"i":{"x":1,"y":1},"o":{"x":0,"y":0}},{"s":[477.916,353.41,0],"t":25,"i":{"x":1,"y":1},"o":{"x":0,"y":0}},{"s":[484.113,353.41,0],"t":26,"i":{"x":1,"y":1},"o":{"x":0,"y":0}},{"s":[489.883,353.41,0],"t":27,"i":{"x":1,"y":1},"o":{"x":0,"y":0}},{"s":[495.242,353.41,0],"t":28,"i":{"x":1,"y":1},"o":{"x":0,"y":0}},{"s":[500.204,353.41,0],"t":29,"i":{"x":1,"y":1},"o":{"x":0,"y":0}},{"s":[504.785,353.41,0],"t":30,"i":{"x":1,"y":1},"o":{"x":0,"y":0}},{"s":[509.001,353.41,0],"t":31,"i":{"x":1,"y":1},"o":{"x":0,"y":0}},{"s":[512.865,353.41,0],"t":32,"i":{"x":1,"y":1},"o":{"x":0,"y":0}},{"s":[516.395,353.41,0],"t":33,"i":{"x":1,"y":1},"o":{"x":0,"y":0}},{"s":[519.604,353.41,0],"t":34,"i":{"x":1,"y":1},"o":{"x":0,"y":0}},{"s":[522.508,353.41,0],"t":35,"i":{"x":1,"y":1},"o":{"x":0,"y":0}},{"s":[525.123,353.41,0],"t":36,"i":{"x":1,"y":1},"o":{"x":0,"y":0}},{"s":[527.463,353.41,0],"t":37,"i":{"x":1,"y":1},"o":{"x":0,"y":0}},{"s":[529.544,353.41,0],"t":38,"i":{"x":1,"y":1},"o":{"x":0,"y":0}},{"s":[531.381,353.41,0],"t":39,"i":{"x":1,"y":1},"o":{"x":0,"y":0}},{"s":[532.989,353.41,0],"t":40,"i":{"x":1,"y":1},"o":{"x":0,"y":0}},{"s":[534.384,353.41,0],"t":41,"i":{"x":1,"y":1},"o":{"x":0,"y":0}},{"s":[535.58,353.41,0],"t":42,"i":{"x":1,"y":1},"o":{"x":0,"y":0}},{"s":[536.593,353.41,0],"t":43,"i":{"x":1,"y":1},"o":{"x":0,"y":0}},{"s":[537.438,353.41,0],"t":44,"i":{"x":1,"y":1},"o":{"x":0,"y":0}},{"s":[538.13,353.41,0],"t":45,"i":{"x":1,"y":1},"o":{"x":0,"y":0}},{"s":[538.685,353.41,0],"t":46,"i":{"x":1,"y":1},"o":{"x":0,"y":0}},{"s":[539.117,353.41,0],"t":47,"i":{"x":1,"y":1},"o":{"x":0,"y":0}},{"s":[539.443,353.41,0],"t":48,"i":{"x":1,"y":1},"o":{"x":0,"y":0}},{"s":[539.979,353.41,0],"t":52,"i":{"x":1,"y":1},"o":{"x":0,"y":0}}],"l":2},"a":{"a":0,"k":[62,-130.257,0],"ix":1,"l":2},"s":{"a":0,"k":[100,100,100],"ix":6,"l":2}},"ao":0,"ef":[{"ty":25,"nm":"Drop Shadow","np":8,"mn":"ADBE Drop Shadow","ix":1,"en":1,"ef":[{"ty":2,"nm":"Shadow Color","mn":"ADBE Drop Shadow-0001","ix":1,"v":{"a":0,"k":[0,0,0,1],"ix":1}},{"ty":0,"nm":"Opacity","mn":"ADBE Drop Shadow-0002","ix":2,"v":{"a":0,"k":255,"ix":2}},{"ty":0,"nm":"Direction","mn":"ADBE Drop Shadow-0003","ix":3,"v":{"a":0,"k":180,"ix":3}},{"ty":0,"nm":"Distance","mn":"ADBE Drop Shadow-0004","ix":4,"v":{"a":0,"k":4,"ix":4}},{"ty":0,"nm":"Softness","mn":"ADBE Drop Shadow-0005","ix":5,"v":{"a":0,"k":200,"ix":5}},{"ty":7,"nm":"Shadow Only","mn":"ADBE Drop Shadow-0006","ix":6,"v":{"a":0,"k":0,"ix":6}}]},{"ty":5,"nm":"AC IN [4LB] Controls","np":3,"mn":"Pseudo/MHAC PrCtrl 4LB 7","ix":2,"en":1,"ef":[{"ty":3,"nm":"Position","mn":"Pseudo/MHAC PrCtrl 4LB 7-0001","ix":1,"v":{"a":0,"k":[-100,0],"ix":1}}]}],"t":{"d":{"k":[{"s":{"sz":[899.164306640625,695.174194335938],"ps":[-387.582122802734,-347.587097167969],"s":140,"f":"DelaGothicOne-Regular","t":"ELON MUSK JUNIOR","ca":0,"j":1,"tr":0,"lh":160,"ls":0,"sc":[1,1,1],"sw":6},"t":0}]},"p":{},"m":{"g":1,"a":{"a":0,"k":[0,0],"ix":2}},"a":[]},"ip":20,"op":620,"st":20,"ct":1,"bm":0}],"markers":[],"props":{}}