{"v":"5.12.1","fr":60,"ip":0,"op":600,"w":1080,"h":1920,"nm":"shutter-transition","ddd":0,"assets":[{"id":"a_3","w":1920,"h":1920,"u":"images/","p":"a_3.png","e":0},{"id":"a_2","w":1920,"h":1920,"u":"images/","p":"a_2.png","e":0},{"id":"a_1","w":1920,"h":1920,"u":"images/","p":"a_1.png","e":0},{"id":"audio_0","u":"images/","p":"Lighter_Double_Click_01.wav","e":0,"t":2},{"id":"audio_1","u":"images/","p":"Lighter_Double_Click_01_0.wav","e":0,"t":2},{"id":"audio_2","u":"images/","p":"Lighter_Double_Click_01_1.wav","e":0,"t":2},{"id":"comp_0","nm":"a_3","fr":60,"layers":[{"ddd":0,"ind":2,"ty":2,"nm":"a_3","refId":"a_3","sr":1,"ks":{"o":{"a":0,"k":100,"ix":11},"r":{"a":0,"k":0,"ix":10},"p":{"a":0,"k":[540,960,0],"ix":2,"l":2},"a":{"a":0,"k":[960,960,0],"ix":1,"l":2},"s":{"a":0,"k":[100,100,100],"ix":6,"l":2}},"ao":0,"ip":0,"op":600,"st":0,"bm":0}]},{"id":"comp_1","nm":"a_2","fr":60,"layers":[{"ddd":0,"ind":2,"ty":2,"nm":"a_2","refId":"a_2","sr":1,"ks":{"o":{"a":0,"k":100,"ix":11},"r":{"a":0,"k":0,"ix":10},"p":{"a":0,"k":[540,960,0],"ix":2,"l":2},"a":{"a":0,"k":[960,960,0],"ix":1,"l":2},"s":{"a":0,"k":[100,100,100],"ix":6,"l":2}},"ao":0,"ip":0,"op":600,"st":0,"bm":0}]},{"id":"comp_2","nm":"a_1","fr":60,"layers":[{"ddd":0,"ind":2,"ty":2,"nm":"a_1","refId":"a_1","sr":1,"ks":{"o":{"a":0,"k":100,"ix":11},"r":{"a":0,"k":0,"ix":10},"p":{"a":0,"k":[540,960,0],"ix":2,"l":2},"a":{"a":0,"k":[960,960,0],"ix":1,"l":2},"s":{"a":0,"k":[100,100,100],"ix":6,"l":2}},"ao":0,"ip":0,"op":600,"st":0,"bm":0}]}],"layers":[{"ddd":0,"ind":1,"ty":6,"nm":"Lighter_Double_Click_01.wav","cl":"wav","refId":"audio_0","sr":1,"ip":90,"op":106.134375,"st":90,"bm":0},{"ddd":0,"ind":2,"ty":6,"nm":"Lighter_Double_Click_01.wav","cl":"wav","refId":"audio_1","sr":1,"ip":45,"op":61.134375,"st":45,"bm":0},{"ddd":0,"ind":3,"ty":6,"nm":"Lighter_Double_Click_01.wav","cl":"wav","refId":"audio_2","sr":1,"ip":0,"op":16.134375,"st":0,"bm":0},{"ddd":0,"ind":4,"ty":0,"nm":"a_3","refId":"comp_0","sr":1,"ks":{"o":{"a":0,"k":100,"ix":11},"r":{"a":0,"k":0,"ix":10},"p":{"a":1,"k":[{"i":{"x":0.1,"y":1},"o":{"x":0.167,"y":0.167},"t":90,"s":[540,1060,0],"to":[0,0,0],"ti":[0,0,0]},{"t":105,"s":[540,960,0]}],"ix":2,"l":2},"a":{"a":0,"k":[540,960,0],"ix":1,"l":2},"s":{"a":0,"k":[112,112,100],"ix":6,"l":2}},"ao":0,"ef":[{"ty":29,"nm":"Gaussian Blur","np":5,"mn":"ADBE Gaussian Blur 2","ix":1,"en":1,"ef":[{"ty":0,"nm":"Blurriness","mn":"ADBE Gaussian Blur 2-0001","ix":1,"v":{"a":1,"k":[{"i":{"x":[0.1],"y":[1]},"o":{"x":[0.167],"y":[0.167]},"t":90,"s":[200]},{"t":105,"s":[0]}],"ix":1}},{"ty":7,"nm":"Blur Dimensions","mn":"ADBE Gaussian Blur 2-0002","ix":2,"v":{"a":0,"k":1,"ix":2}},{"ty":7,"nm":"Repeat Edge Pixels","mn":"ADBE Gaussian Blur 2-0003","ix":3,"v":{"a":0,"k":1,"ix":3}}]}],"w":1080,"h":1920,"ip":90,"op":690,"st":90,"bm":0},{"ddd":0,"ind":5,"ty":0,"nm":"a_2","refId":"comp_1","sr":1,"ks":{"o":{"a":0,"k":100,"ix":11},"r":{"a":0,"k":0,"ix":10},"p":{"a":1,"k":[{"i":{"x":0.1,"y":1},"o":{"x":0.167,"y":0.167},"t":45,"s":[540,1060,0],"to":[0,0,0],"ti":[0,0,0]},{"t":60,"s":[540,960,0]}],"ix":2,"l":2},"a":{"a":0,"k":[540,960,0],"ix":1,"l":2},"s":{"a":0,"k":[112,112,100],"ix":6,"l":2}},"ao":0,"ef":[{"ty":29,"nm":"Gaussian Blur","np":5,"mn":"ADBE Gaussian Blur 2","ix":1,"en":1,"ef":[{"ty":0,"nm":"Blurriness","mn":"ADBE Gaussian Blur 2-0001","ix":1,"v":{"a":1,"k":[{"i":{"x":[0.1],"y":[1]},"o":{"x":[0.167],"y":[0.167]},"t":45,"s":[200]},{"t":60,"s":[0]}],"ix":1}},{"ty":7,"nm":"Blur Dimensions","mn":"ADBE Gaussian Blur 2-0002","ix":2,"v":{"a":0,"k":1,"ix":2}},{"ty":7,"nm":"Repeat Edge Pixels","mn":"ADBE Gaussian Blur 2-0003","ix":3,"v":{"a":0,"k":1,"ix":3}}]}],"w":1080,"h":1920,"ip":45,"op":645,"st":45,"bm":0},{"ddd":0,"ind":6,"ty":0,"nm":"a_1","refId":"comp_2","sr":1,"ks":{"o":{"a":0,"k":100,"ix":11},"r":{"a":0,"k":0,"ix":10},"p":{"a":1,"k":[{"i":{"x":0.1,"y":1},"o":{"x":0.167,"y":0.167},"t":0,"s":[540,1060,0],"to":[0,0,0],"ti":[0,0,0]},{"t":15,"s":[540,960,0]}],"ix":2,"l":2},"a":{"a":0,"k":[540,960,0],"ix":1,"l":2},"s":{"a":0,"k":[112,112,100],"ix":6,"l":2}},"ao":0,"ef":[{"ty":29,"nm":"Gaussian Blur","np":5,"mn":"ADBE Gaussian Blur 2","ix":1,"en":1,"ef":[{"ty":0,"nm":"Blurriness","mn":"ADBE Gaussian Blur 2-0001","ix":1,"v":{"a":1,"k":[{"i":{"x":[0.1],"y":[1]},"o":{"x":[0.167],"y":[0.167]},"t":0,"s":[200]},{"t":15,"s":[0]}],"ix":1}},{"ty":7,"nm":"Blur Dimensions","mn":"ADBE Gaussian Blur 2-0002","ix":2,"v":{"a":0,"k":1,"ix":2}},{"ty":7,"nm":"Repeat Edge Pixels","mn":"ADBE Gaussian Blur 2-0003","ix":3,"v":{"a":0,"k":1,"ix":3}}]}],"w":1080,"h":1920,"ip":0,"op":600,"st":0,"bm":0}],"markers":[],"props":{}}