{"v":"5.12.1","fr":60,"ip":0,"op":600,"w":1080,"h":1920,"nm":"small_object_large_people_explain_a1","ddd":0,"assets":[{"id":"a_1","w":1920,"h":1920,"u":"images/","p":"a_1.png","e":0},{"id":"audio_0","u":"images/","p":"Hollow_Pop_01.wav","e":0,"t":2},{"id":"comp_0","nm":"a_1","fr":60,"layers":[{"ddd":0,"ind":1,"ty":2,"nm":"a_1","refId":"a_1","sr":1,"ks":{"o":{"a":0,"k":100,"ix":11},"r":{"a":0,"k":0,"ix":10},"p":{"a":0,"k":[280,280,0],"ix":2,"l":2},"a":{"a":0,"k":[960,960,0],"ix":1,"l":2},"s":{"a":0,"k":[29.167,29.167,100],"ix":6,"l":2}},"ao":0,"ip":0,"op":600,"st":0,"bm":0}]}],"layers":[{"ddd":0,"ind":1,"ty":6,"nm":"Hollow_Pop_01.wav","cl":"wav","refId":"audio_0","sr":1,"ip":0,"op":3,"st":0,"bm":0},{"ddd":0,"ind":2,"ty":0,"nm":"a_1","refId":"comp_0","sr":1,"ks":{"o":{"a":0,"k":100,"ix":11},"r":{"a":0,"k":0,"ix":10},"p":{"k":[{"s":[542.94,561.406,0],"t":2,"i":{"x":1,"y":1},"o":{"x":0,"y":0}},{"s":[542.763,561.904,0],"t":4,"i":{"x":1,"y":1},"o":{"x":0,"y":0}},{"s":[542.476,562.327,0],"t":6,"i":{"x":1,"y":1},"o":{"x":0,"y":0}},{"s":[542.09,562.657,0],"t":8,"i":{"x":1,"y":1},"o":{"x":0,"y":0}},{"s":[541.621,562.881,0],"t":10,"i":{"x":1,"y":1},"o":{"x":0,"y":0}},{"s":[541.087,562.99,0],"t":12,"i":{"x":1,"y":1},"o":{"x":0,"y":0}},{"s":[540.802,563,0],"t":13,"i":{"x":1,"y":1},"o":{"x":0,"y":0}},{"s":[540.51,562.98,0],"t":14,"i":{"x":1,"y":1},"o":{"x":0,"y":0}},{"s":[540.212,562.93,0],"t":15,"i":{"x":1,"y":1},"o":{"x":0,"y":0}},{"s":[539.912,562.851,0],"t":16,"i":{"x":1,"y":1},"o":{"x":0,"y":0}},{"s":[539.613,562.743,0],"t":17,"i":{"x":1,"y":1},"o":{"x":0,"y":0}},{"s":[539.318,562.608,0],"t":18,"i":{"x":1,"y":1},"o":{"x":0,"y":0}},{"s":[539.03,562.447,0],"t":19,"i":{"x":1,"y":1},"o":{"x":0,"y":0}},{"s":[538.752,562.262,0],"t":20,"i":{"x":1,"y":1},"o":{"x":0,"y":0}},{"s":[538.234,561.825,0],"t":22,"i":{"x":1,"y":1},"o":{"x":0,"y":0}},{"s":[537.788,561.316,0],"t":24,"i":{"x":1,"y":1},"o":{"x":0,"y":0}},{"s":[537.597,561.04,0],"t":25,"i":{"x":1,"y":1},"o":{"x":0,"y":0}},{"s":[537.429,560.754,0],"t":26,"i":{"x":1,"y":1},"o":{"x":0,"y":0}},{"s":[537.288,560.46,0],"t":27,"i":{"x":1,"y":1},"o":{"x":0,"y":0}},{"s":[537.173,560.162,0],"t":28,"i":{"x":1,"y":1},"o":{"x":0,"y":0}},{"s":[537.087,559.862,0],"t":29,"i":{"x":1,"y":1},"o":{"x":0,"y":0}},{"s":[537.03,559.563,0],"t":30,"i":{"x":1,"y":1},"o":{"x":0,"y":0}},{"s":[537.003,559.269,0],"t":31,"i":{"x":1,"y":1},"o":{"x":0,"y":0}},{"s":[537.005,558.983,0],"t":32,"i":{"x":1,"y":1},"o":{"x":0,"y":0}},{"s":[537.1,558.442,0],"t":34,"i":{"x":1,"y":1},"o":{"x":0,"y":0}},{"s":[537.31,557.964,0],"t":36,"i":{"x":1,"y":1},"o":{"x":0,"y":0}},{"s":[537.627,557.567,0],"t":38,"i":{"x":1,"y":1},"o":{"x":0,"y":0}},{"s":[538.039,557.267,0],"t":40,"i":{"x":1,"y":1},"o":{"x":0,"y":0}},{"s":[538.529,557.075,0],"t":42,"i":{"x":1,"y":1},"o":{"x":0,"y":0}},{"s":[538.798,557.023,0],"t":43,"i":{"x":1,"y":1},"o":{"x":0,"y":0}},{"s":[539.078,557.001,0],"t":44,"i":{"x":1,"y":1},"o":{"x":0,"y":0}},{"s":[539.368,557.008,0],"t":45,"i":{"x":1,"y":1},"o":{"x":0,"y":0}},{"s":[539.664,557.046,0],"t":46,"i":{"x":1,"y":1},"o":{"x":0,"y":0}},{"s":[539.963,557.113,0],"t":47,"i":{"x":1,"y":1},"o":{"x":0,"y":0}},{"s":[540.262,557.209,0],"t":48,"i":{"x":1,"y":1},"o":{"x":0,"y":0}},{"s":[540.56,557.332,0],"t":49,"i":{"x":1,"y":1},"o":{"x":0,"y":0}},{"s":[540.851,557.483,0],"t":50,"i":{"x":1,"y":1},"o":{"x":0,"y":0}},{"s":[541.134,557.658,0],"t":51,"i":{"x":1,"y":1},"o":{"x":0,"y":0}},{"s":[541.663,558.078,0],"t":53,"i":{"x":1,"y":1},"o":{"x":0,"y":0}},{"s":[542.126,558.573,0],"t":55,"i":{"x":1,"y":1},"o":{"x":0,"y":0}},{"s":[542.504,559.126,0],"t":57,"i":{"x":1,"y":1},"o":{"x":0,"y":0}},{"s":[542.657,559.417,0],"t":58,"i":{"x":1,"y":1},"o":{"x":0,"y":0}},{"s":[542.782,559.714,0],"t":59,"i":{"x":1,"y":1},"o":{"x":0,"y":0}},{"s":[542.881,560.013,0],"t":60,"i":{"x":1,"y":1},"o":{"x":0,"y":0}},{"s":[542.95,560.313,0],"t":61,"i":{"x":1,"y":1},"o":{"x":0,"y":0}},{"s":[542.99,560.609,0],"t":62,"i":{"x":1,"y":1},"o":{"x":0,"y":0}},{"s":[543,560.899,0],"t":63,"i":{"x":1,"y":1},"o":{"x":0,"y":0}},{"s":[542.93,561.45,0],"t":65,"i":{"x":1,"y":1},"o":{"x":0,"y":0}},{"s":[542.743,561.943,0],"t":67,"i":{"x":1,"y":1},"o":{"x":0,"y":0}},{"s":[542.447,562.358,0],"t":69,"i":{"x":1,"y":1},"o":{"x":0,"y":0}},{"s":[542.054,562.68,0],"t":71,"i":{"x":1,"y":1},"o":{"x":0,"y":0}},{"s":[541.578,562.894,0],"t":73,"i":{"x":1,"y":1},"o":{"x":0,"y":0}},{"s":[541.04,562.993,0],"t":75,"i":{"x":1,"y":1},"o":{"x":0,"y":0}},{"s":[540.754,562.998,0],"t":76,"i":{"x":1,"y":1},"o":{"x":0,"y":0}},{"s":[540.46,562.973,0],"t":77,"i":{"x":1,"y":1},"o":{"x":0,"y":0}},{"s":[540.162,562.918,0],"t":78,"i":{"x":1,"y":1},"o":{"x":0,"y":0}},{"s":[539.862,562.835,0],"t":79,"i":{"x":1,"y":1},"o":{"x":0,"y":0}},{"s":[539.563,562.722,0],"t":80,"i":{"x":1,"y":1},"o":{"x":0,"y":0}},{"s":[539.269,562.583,0],"t":81,"i":{"x":1,"y":1},"o":{"x":0,"y":0}},{"s":[538.983,562.418,0],"t":82,"i":{"x":1,"y":1},"o":{"x":0,"y":0}},{"s":[538.706,562.228,0],"t":83,"i":{"x":1,"y":1},"o":{"x":0,"y":0}},{"s":[538.194,561.785,0],"t":85,"i":{"x":1,"y":1},"o":{"x":0,"y":0}},{"s":[537.754,561.27,0],"t":87,"i":{"x":1,"y":1},"o":{"x":0,"y":0}},{"s":[537.567,560.992,0],"t":88,"i":{"x":1,"y":1},"o":{"x":0,"y":0}},{"s":[537.404,560.705,0],"t":89,"i":{"x":1,"y":1},"o":{"x":0,"y":0}},{"s":[537.267,560.41,0],"t":90,"i":{"x":1,"y":1},"o":{"x":0,"y":0}},{"s":[537.157,560.111,0],"t":91,"i":{"x":1,"y":1},"o":{"x":0,"y":0}},{"s":[537.075,559.812,0],"t":92,"i":{"x":1,"y":1},"o":{"x":0,"y":0}},{"s":[537.023,559.514,0],"t":93,"i":{"x":1,"y":1},"o":{"x":0,"y":0}},{"s":[537.001,559.221,0],"t":94,"i":{"x":1,"y":1},"o":{"x":0,"y":0}},{"s":[537.008,558.935,0],"t":95,"i":{"x":1,"y":1},"o":{"x":0,"y":0}},{"s":[537.113,558.399,0],"t":97,"i":{"x":1,"y":1},"o":{"x":0,"y":0}},{"s":[537.332,557.927,0],"t":99,"i":{"x":1,"y":1},"o":{"x":0,"y":0}},{"s":[537.857,557.379,0],"t":102,"i":{"x":1,"y":1},"o":{"x":0,"y":0}},{"s":[538.317,557.141,0],"t":104,"i":{"x":1,"y":1},"o":{"x":0,"y":0}},{"s":[538.844,557.017,0],"t":106,"i":{"x":1,"y":1},"o":{"x":0,"y":0}},{"s":[539.126,557,0],"t":107,"i":{"x":1,"y":1},"o":{"x":0,"y":0}},{"s":[539.417,557.013,0],"t":108,"i":{"x":1,"y":1},"o":{"x":0,"y":0}},{"s":[539.714,557.055,0],"t":109,"i":{"x":1,"y":1},"o":{"x":0,"y":0}},{"s":[540.013,557.127,0],"t":110,"i":{"x":1,"y":1},"o":{"x":0,"y":0}},{"s":[540.313,557.228,0],"t":111,"i":{"x":1,"y":1},"o":{"x":0,"y":0}},{"s":[540.609,557.356,0],"t":112,"i":{"x":1,"y":1},"o":{"x":0,"y":0}},{"s":[540.899,557.511,0],"t":113,"i":{"x":1,"y":1},"o":{"x":0,"y":0}},{"s":[541.18,557.69,0],"t":114,"i":{"x":1,"y":1},"o":{"x":0,"y":0}},{"s":[541.705,558.117,0],"t":116,"i":{"x":1,"y":1},"o":{"x":0,"y":0}},{"s":[542.161,558.618,0],"t":118,"i":{"x":1,"y":1},"o":{"x":0,"y":0}},{"s":[542.532,559.175,0],"t":120,"i":{"x":1,"y":1},"o":{"x":0,"y":0}},{"s":[542.68,559.467,0],"t":121,"i":{"x":1,"y":1},"o":{"x":0,"y":0}},{"s":[542.801,559.764,0],"t":122,"i":{"x":1,"y":1},"o":{"x":0,"y":0}},{"s":[542.894,560.064,0],"t":123,"i":{"x":1,"y":1},"o":{"x":0,"y":0}},{"s":[542.959,560.363,0],"t":124,"i":{"x":1,"y":1},"o":{"x":0,"y":0}},{"s":[542.993,560.658,0],"t":125,"i":{"x":1,"y":1},"o":{"x":0,"y":0}},{"s":[542.998,560.947,0],"t":126,"i":{"x":1,"y":1},"o":{"x":0,"y":0}},{"s":[542.918,561.494,0],"t":128,"i":{"x":1,"y":1},"o":{"x":0,"y":0}},{"s":[542.722,561.981,0],"t":130,"i":{"x":1,"y":1},"o":{"x":0,"y":0}},{"s":[542.418,562.389,0],"t":132,"i":{"x":1,"y":1},"o":{"x":0,"y":0}},{"s":[542.017,562.702,0],"t":134,"i":{"x":1,"y":1},"o":{"x":0,"y":0}},{"s":[541.535,562.907,0],"t":136,"i":{"x":1,"y":1},"o":{"x":0,"y":0}},{"s":[541.27,562.967,0],"t":137,"i":{"x":1,"y":1},"o":{"x":0,"y":0}},{"s":[540.992,562.996,0],"t":138,"i":{"x":1,"y":1},"o":{"x":0,"y":0}},{"s":[540.705,562.996,0],"t":139,"i":{"x":1,"y":1},"o":{"x":0,"y":0}},{"s":[540.41,562.966,0],"t":140,"i":{"x":1,"y":1},"o":{"x":0,"y":0}},{"s":[540.111,562.906,0],"t":141,"i":{"x":1,"y":1},"o":{"x":0,"y":0}},{"s":[539.812,562.818,0],"t":142,"i":{"x":1,"y":1},"o":{"x":0,"y":0}},{"s":[539.514,562.701,0],"t":143,"i":{"x":1,"y":1},"o":{"x":0,"y":0}},{"s":[539.221,562.557,0],"t":144,"i":{"x":1,"y":1},"o":{"x":0,"y":0}},{"s":[538.935,562.387,0],"t":145,"i":{"x":1,"y":1},"o":{"x":0,"y":0}},{"s":[538.399,561.979,0],"t":147,"i":{"x":1,"y":1},"o":{"x":0,"y":0}},{"s":[537.927,561.492,0],"t":149,"i":{"x":1,"y":1},"o":{"x":0,"y":0}},{"s":[537.538,560.945,0],"t":151,"i":{"x":1,"y":1},"o":{"x":0,"y":0}},{"s":[537.379,560.656,0],"t":152,"i":{"x":1,"y":1},"o":{"x":0,"y":0}},{"s":[537.246,560.36,0],"t":153,"i":{"x":1,"y":1},"o":{"x":0,"y":0}},{"s":[537.141,560.061,0],"t":154,"i":{"x":1,"y":1},"o":{"x":0,"y":0}},{"s":[537.065,559.761,0],"t":155,"i":{"x":1,"y":1},"o":{"x":0,"y":0}},{"s":[537.017,559.464,0],"t":156,"i":{"x":1,"y":1},"o":{"x":0,"y":0}},{"s":[537,559.172,0],"t":157,"i":{"x":1,"y":1},"o":{"x":0,"y":0}},{"s":[537.055,558.616,0],"t":159,"i":{"x":1,"y":1},"o":{"x":0,"y":0}},{"s":[537.228,558.114,0],"t":161,"i":{"x":1,"y":1},"o":{"x":0,"y":0}},{"s":[537.511,557.688,0],"t":163,"i":{"x":1,"y":1},"o":{"x":0,"y":0}},{"s":[537.893,557.355,0],"t":165,"i":{"x":1,"y":1},"o":{"x":0,"y":0}},{"s":[538.359,557.126,0],"t":167,"i":{"x":1,"y":1},"o":{"x":0,"y":0}},{"s":[538.891,557.012,0],"t":169,"i":{"x":1,"y":1},"o":{"x":0,"y":0}},{"s":[539.175,557,0],"t":170,"i":{"x":1,"y":1},"o":{"x":0,"y":0}},{"s":[539.467,557.018,0],"t":171,"i":{"x":1,"y":1},"o":{"x":0,"y":0}},{"s":[539.764,557.065,0],"t":172,"i":{"x":1,"y":1},"o":{"x":0,"y":0}},{"s":[540.064,557.142,0],"t":173,"i":{"x":1,"y":1},"o":{"x":0,"y":0}},{"s":[540.363,557.247,0],"t":174,"i":{"x":1,"y":1},"o":{"x":0,"y":0}},{"s":[540.658,557.38,0],"t":175,"i":{"x":1,"y":1},"o":{"x":0,"y":0}},{"s":[540.947,557.539,0],"t":176,"i":{"x":1,"y":1},"o":{"x":0,"y":0}},{"s":[541.227,557.723,0],"t":177,"i":{"x":1,"y":1},"o":{"x":0,"y":0}},{"s":[541.746,558.156,0],"t":179,"i":{"x":1,"y":1},"o":{"x":0,"y":0}},{"s":[542.196,558.663,0],"t":181,"i":{"x":1,"y":1},"o":{"x":0,"y":0}},{"s":[542.389,558.938,0],"t":182,"i":{"x":1,"y":1},"o":{"x":0,"y":0}},{"s":[542.558,559.223,0],"t":183,"i":{"x":1,"y":1},"o":{"x":0,"y":0}},{"s":[542.702,559.516,0],"t":184,"i":{"x":1,"y":1},"o":{"x":0,"y":0}},{"s":[542.819,559.814,0],"t":185,"i":{"x":1,"y":1},"o":{"x":0,"y":0}},{"s":[542.907,560.114,0],"t":186,"i":{"x":1,"y":1},"o":{"x":0,"y":0}},{"s":[542.967,560.413,0],"t":187,"i":{"x":1,"y":1},"o":{"x":0,"y":0}},{"s":[542.996,560.707,0],"t":188,"i":{"x":1,"y":1},"o":{"x":0,"y":0}},{"s":[542.996,560.995,0],"t":189,"i":{"x":1,"y":1},"o":{"x":0,"y":0}},{"s":[542.906,561.537,0],"t":191,"i":{"x":1,"y":1},"o":{"x":0,"y":0}},{"s":[542.701,562.019,0],"t":193,"i":{"x":1,"y":1},"o":{"x":0,"y":0}},{"s":[542.387,562.419,0],"t":195,"i":{"x":1,"y":1},"o":{"x":0,"y":0}},{"s":[541.979,562.723,0],"t":197,"i":{"x":1,"y":1},"o":{"x":0,"y":0}},{"s":[541.492,562.919,0],"t":199,"i":{"x":1,"y":1},"o":{"x":0,"y":0}},{"s":[541.224,562.974,0],"t":200,"i":{"x":1,"y":1},"o":{"x":0,"y":0}},{"s":[540.945,562.998,0],"t":201,"i":{"x":1,"y":1},"o":{"x":0,"y":0}},{"s":[540.656,562.993,0],"t":202,"i":{"x":1,"y":1},"o":{"x":0,"y":0}},{"s":[540.36,562.958,0],"t":203,"i":{"x":1,"y":1},"o":{"x":0,"y":0}},{"s":[540.061,562.893,0],"t":204,"i":{"x":1,"y":1},"o":{"x":0,"y":0}},{"s":[539.761,562.8,0],"t":205,"i":{"x":1,"y":1},"o":{"x":0,"y":0}},{"s":[539.464,562.678,0],"t":206,"i":{"x":1,"y":1},"o":{"x":0,"y":0}},{"s":[539.172,562.53,0],"t":207,"i":{"x":1,"y":1},"o":{"x":0,"y":0}},{"s":[538.888,562.357,0],"t":208,"i":{"x":1,"y":1},"o":{"x":0,"y":0}},{"s":[538.357,561.941,0],"t":210,"i":{"x":1,"y":1},"o":{"x":0,"y":0}},{"s":[537.891,561.448,0],"t":212,"i":{"x":1,"y":1},"o":{"x":0,"y":0}},{"s":[537.509,560.897,0],"t":214,"i":{"x":1,"y":1},"o":{"x":0,"y":0}},{"s":[537.355,560.606,0],"t":215,"i":{"x":1,"y":1},"o":{"x":0,"y":0}},{"s":[537.227,560.31,0],"t":216,"i":{"x":1,"y":1},"o":{"x":0,"y":0}},{"s":[537.126,560.011,0],"t":217,"i":{"x":1,"y":1},"o":{"x":0,"y":0}},{"s":[537.055,559.711,0],"t":218,"i":{"x":1,"y":1},"o":{"x":0,"y":0}},{"s":[537.012,559.414,0],"t":219,"i":{"x":1,"y":1},"o":{"x":0,"y":0}},{"s":[537,559.124,0],"t":220,"i":{"x":1,"y":1},"o":{"x":0,"y":0}},{"s":[537.065,558.571,0],"t":222,"i":{"x":1,"y":1},"o":{"x":0,"y":0}},{"s":[537.247,558.075,0],"t":224,"i":{"x":1,"y":1},"o":{"x":0,"y":0}},{"s":[537.539,557.657,0],"t":226,"i":{"x":1,"y":1},"o":{"x":0,"y":0}},{"s":[537.929,557.331,0],"t":228,"i":{"x":1,"y":1},"o":{"x":0,"y":0}},{"s":[538.402,557.112,0],"t":230,"i":{"x":1,"y":1},"o":{"x":0,"y":0}},{"s":[538.938,557.008,0],"t":232,"i":{"x":1,"y":1},"o":{"x":0,"y":0}},{"s":[539.223,557.001,0],"t":233,"i":{"x":1,"y":1},"o":{"x":0,"y":0}},{"s":[539.516,557.024,0],"t":234,"i":{"x":1,"y":1},"o":{"x":0,"y":0}},{"s":[539.814,557.076,0],"t":235,"i":{"x":1,"y":1},"o":{"x":0,"y":0}},{"s":[540.114,557.158,0],"t":236,"i":{"x":1,"y":1},"o":{"x":0,"y":0}},{"s":[540.413,557.268,0],"t":237,"i":{"x":1,"y":1},"o":{"x":0,"y":0}},{"s":[540.707,557.405,0],"t":238,"i":{"x":1,"y":1},"o":{"x":0,"y":0}},{"s":[540.995,557.568,0],"t":239,"i":{"x":1,"y":1},"o":{"x":0,"y":0}},{"s":[541.273,557.756,0],"t":240,"i":{"x":1,"y":1},"o":{"x":0,"y":0}},{"s":[541.787,558.196,0],"t":242,"i":{"x":1,"y":1},"o":{"x":0,"y":0}},{"s":[542.23,558.708,0],"t":244,"i":{"x":1,"y":1},"o":{"x":0,"y":0}},{"s":[542.419,558.985,0],"t":245,"i":{"x":1,"y":1},"o":{"x":0,"y":0}},{"s":[542.584,559.272,0],"t":246,"i":{"x":1,"y":1},"o":{"x":0,"y":0}},{"s":[542.723,559.566,0],"t":247,"i":{"x":1,"y":1},"o":{"x":0,"y":0}},{"s":[542.835,559.865,0],"t":248,"i":{"x":1,"y":1},"o":{"x":0,"y":0}},{"s":[542.919,560.165,0],"t":249,"i":{"x":1,"y":1},"o":{"x":0,"y":0}},{"s":[542.974,560.463,0],"t":250,"i":{"x":1,"y":1},"o":{"x":0,"y":0}},{"s":[542.998,560.756,0],"t":251,"i":{"x":1,"y":1},"o":{"x":0,"y":0}},{"s":[542.993,561.042,0],"t":252,"i":{"x":1,"y":1},"o":{"x":0,"y":0}},{"s":[542.893,561.58,0],"t":254,"i":{"x":1,"y":1},"o":{"x":0,"y":0}},{"s":[542.678,562.056,0],"t":256,"i":{"x":1,"y":1},"o":{"x":0,"y":0}},{"s":[542.159,562.61,0],"t":259,"i":{"x":1,"y":1},"o":{"x":0,"y":0}},{"s":[541.703,562.852,0],"t":261,"i":{"x":1,"y":1},"o":{"x":0,"y":0}},{"s":[541.178,562.98,0],"t":263,"i":{"x":1,"y":1},"o":{"x":0,"y":0}},{"s":[540.897,563,0],"t":264,"i":{"x":1,"y":1},"o":{"x":0,"y":0}},{"s":[540.606,562.989,0],"t":265,"i":{"x":1,"y":1},"o":{"x":0,"y":0}},{"s":[540.31,562.949,0],"t":266,"i":{"x":1,"y":1},"o":{"x":0,"y":0}},{"s":[540.011,562.88,0],"t":267,"i":{"x":1,"y":1},"o":{"x":0,"y":0}},{"s":[539.711,562.781,0],"t":268,"i":{"x":1,"y":1},"o":{"x":0,"y":0}},{"s":[539.414,562.655,0],"t":269,"i":{"x":1,"y":1},"o":{"x":0,"y":0}},{"s":[539.124,562.503,0],"t":270,"i":{"x":1,"y":1},"o":{"x":0,"y":0}},{"s":[538.842,562.325,0],"t":271,"i":{"x":1,"y":1},"o":{"x":0,"y":0}},{"s":[538.315,561.902,0],"t":273,"i":{"x":1,"y":1},"o":{"x":0,"y":0}},{"s":[537.855,561.403,0],"t":275,"i":{"x":1,"y":1},"o":{"x":0,"y":0}},{"s":[537.481,560.848,0],"t":277,"i":{"x":1,"y":1},"o":{"x":0,"y":0}},{"s":[537.331,560.557,0],"t":278,"i":{"x":1,"y":1},"o":{"x":0,"y":0}},{"s":[537.208,560.26,0],"t":279,"i":{"x":1,"y":1},"o":{"x":0,"y":0}},{"s":[537.112,559.96,0],"t":280,"i":{"x":1,"y":1},"o":{"x":0,"y":0}},{"s":[537.045,559.661,0],"t":281,"i":{"x":1,"y":1},"o":{"x":0,"y":0}},{"s":[537.008,559.365,0],"t":282,"i":{"x":1,"y":1},"o":{"x":0,"y":0}},{"s":[537.001,559.075,0],"t":283,"i":{"x":1,"y":1},"o":{"x":0,"y":0}},{"s":[537.076,558.527,0],"t":285,"i":{"x":1,"y":1},"o":{"x":0,"y":0}},{"s":[537.268,558.037,0],"t":287,"i":{"x":1,"y":1},"o":{"x":0,"y":0}},{"s":[537.568,557.625,0],"t":289,"i":{"x":1,"y":1},"o":{"x":0,"y":0}},{"s":[537.966,557.309,0],"t":291,"i":{"x":1,"y":1},"o":{"x":0,"y":0}},{"s":[538.444,557.099,0],"t":293,"i":{"x":1,"y":1},"o":{"x":0,"y":0}},{"s":[538.708,557.037,0],"t":294,"i":{"x":1,"y":1},"o":{"x":0,"y":0}},{"s":[538.985,557.005,0],"t":295,"i":{"x":1,"y":1},"o":{"x":0,"y":0}},{"s":[539.272,557.003,0],"t":296,"i":{"x":1,"y":1},"o":{"x":0,"y":0}},{"s":[539.566,557.03,0],"t":297,"i":{"x":1,"y":1},"o":{"x":0,"y":0}},{"s":[539.865,557.088,0],"t":298,"i":{"x":1,"y":1},"o":{"x":0,"y":0}},{"s":[540.165,557.174,0],"t":299,"i":{"x":1,"y":1},"o":{"x":0,"y":0}},{"s":[540.463,557.289,0],"t":300,"i":{"x":1,"y":1},"o":{"x":0,"y":0}},{"s":[540.756,557.431,0],"t":301,"i":{"x":1,"y":1},"o":{"x":0,"y":0}},{"s":[541.042,557.598,0],"t":302,"i":{"x":1,"y":1},"o":{"x":0,"y":0}},{"s":[541.58,558.003,0],"t":304,"i":{"x":1,"y":1},"o":{"x":0,"y":0}},{"s":[542.056,558.488,0],"t":306,"i":{"x":1,"y":1},"o":{"x":0,"y":0}},{"s":[542.449,559.033,0],"t":308,"i":{"x":1,"y":1},"o":{"x":0,"y":0}},{"s":[542.61,559.321,0],"t":309,"i":{"x":1,"y":1},"o":{"x":0,"y":0}},{"s":[542.744,559.616,0],"t":310,"i":{"x":1,"y":1},"o":{"x":0,"y":0}},{"s":[542.852,559.915,0],"t":311,"i":{"x":1,"y":1},"o":{"x":0,"y":0}},{"s":[542.93,560.215,0],"t":312,"i":{"x":1,"y":1},"o":{"x":0,"y":0}},{"s":[542.98,560.513,0],"t":313,"i":{"x":1,"y":1},"o":{"x":0,"y":0}},{"s":[543,560.805,0],"t":314,"i":{"x":1,"y":1},"o":{"x":0,"y":0}},{"s":[542.949,561.363,0],"t":316,"i":{"x":1,"y":1},"o":{"x":0,"y":0}},{"s":[542.781,561.867,0],"t":318,"i":{"x":1,"y":1},"o":{"x":0,"y":0}},{"s":[542.503,562.296,0],"t":320,"i":{"x":1,"y":1},"o":{"x":0,"y":0}},{"s":[542.124,562.634,0],"t":322,"i":{"x":1,"y":1},"o":{"x":0,"y":0}},{"s":[541.661,562.867,0],"t":324,"i":{"x":1,"y":1},"o":{"x":0,"y":0}},{"s":[541.131,562.985,0],"t":326,"i":{"x":1,"y":1},"o":{"x":0,"y":0}},{"s":[540.848,563,0],"t":327,"i":{"x":1,"y":1},"o":{"x":0,"y":0}},{"s":[540.557,562.985,0],"t":328,"i":{"x":1,"y":1},"o":{"x":0,"y":0}},{"s":[540.26,562.94,0],"t":329,"i":{"x":1,"y":1},"o":{"x":0,"y":0}},{"s":[539.96,562.865,0],"t":330,"i":{"x":1,"y":1},"o":{"x":0,"y":0}},{"s":[539.661,562.762,0],"t":331,"i":{"x":1,"y":1},"o":{"x":0,"y":0}},{"s":[539.365,562.631,0],"t":332,"i":{"x":1,"y":1},"o":{"x":0,"y":0}},{"s":[539.075,562.475,0],"t":333,"i":{"x":1,"y":1},"o":{"x":0,"y":0}},{"s":[538.795,562.293,0],"t":334,"i":{"x":1,"y":1},"o":{"x":0,"y":0}},{"s":[538.273,561.863,0],"t":336,"i":{"x":1,"y":1},"o":{"x":0,"y":0}},{"s":[537.82,561.358,0],"t":338,"i":{"x":1,"y":1},"o":{"x":0,"y":0}},{"s":[537.454,560.8,0],"t":340,"i":{"x":1,"y":1},"o":{"x":0,"y":0}},{"s":[537.309,560.507,0],"t":341,"i":{"x":1,"y":1},"o":{"x":0,"y":0}},{"s":[537.19,560.21,0],"t":342,"i":{"x":1,"y":1},"o":{"x":0,"y":0}},{"s":[537.099,559.91,0],"t":343,"i":{"x":1,"y":1},"o":{"x":0,"y":0}},{"s":[537.037,559.611,0],"t":344,"i":{"x":1,"y":1},"o":{"x":0,"y":0}},{"s":[537.005,559.316,0],"t":345,"i":{"x":1,"y":1},"o":{"x":0,"y":0}},{"s":[537.003,559.028,0],"t":346,"i":{"x":1,"y":1},"o":{"x":0,"y":0}},{"s":[537.088,558.483,0],"t":348,"i":{"x":1,"y":1},"o":{"x":0,"y":0}},{"s":[537.289,557.999,0],"t":350,"i":{"x":1,"y":1},"o":{"x":0,"y":0}},{"s":[537.598,557.595,0],"t":352,"i":{"x":1,"y":1},"o":{"x":0,"y":0}},{"s":[538.003,557.287,0],"t":354,"i":{"x":1,"y":1},"o":{"x":0,"y":0}},{"s":[538.488,557.086,0],"t":356,"i":{"x":1,"y":1},"o":{"x":0,"y":0}},{"s":[538.754,557.03,0],"t":357,"i":{"x":1,"y":1},"o":{"x":0,"y":0}},{"s":[539.033,557.002,0],"t":358,"i":{"x":1,"y":1},"o":{"x":0,"y":0}},{"s":[539.321,557.005,0],"t":359,"i":{"x":1,"y":1},"o":{"x":0,"y":0}},{"s":[539.616,557.038,0],"t":360,"i":{"x":1,"y":1},"o":{"x":0,"y":0}},{"s":[539.915,557.1,0],"t":361,"i":{"x":1,"y":1},"o":{"x":0,"y":0}},{"s":[540.215,557.192,0],"t":362,"i":{"x":1,"y":1},"o":{"x":0,"y":0}},{"s":[540.513,557.311,0],"t":363,"i":{"x":1,"y":1},"o":{"x":0,"y":0}},{"s":[540.805,557.457,0],"t":364,"i":{"x":1,"y":1},"o":{"x":0,"y":0}},{"s":[541.09,557.629,0],"t":365,"i":{"x":1,"y":1},"o":{"x":0,"y":0}},{"s":[541.623,558.041,0],"t":367,"i":{"x":1,"y":1},"o":{"x":0,"y":0}},{"s":[542.092,558.532,0],"t":369,"i":{"x":1,"y":1},"o":{"x":0,"y":0}},{"s":[542.478,559.081,0],"t":371,"i":{"x":1,"y":1},"o":{"x":0,"y":0}},{"s":[542.634,559.37,0],"t":372,"i":{"x":1,"y":1},"o":{"x":0,"y":0}},{"s":[542.764,559.666,0],"t":373,"i":{"x":1,"y":1},"o":{"x":0,"y":0}},{"s":[542.867,559.965,0],"t":374,"i":{"x":1,"y":1},"o":{"x":0,"y":0}},{"s":[542.941,560.265,0],"t":375,"i":{"x":1,"y":1},"o":{"x":0,"y":0}},{"s":[542.985,560.562,0],"t":376,"i":{"x":1,"y":1},"o":{"x":0,"y":0}},{"s":[543,560.854,0],"t":377,"i":{"x":1,"y":1},"o":{"x":0,"y":0}},{"s":[542.94,561.408,0],"t":379,"i":{"x":1,"y":1},"o":{"x":0,"y":0}},{"s":[542.762,561.906,0],"t":381,"i":{"x":1,"y":1},"o":{"x":0,"y":0}},{"s":[542.475,562.328,0],"t":383,"i":{"x":1,"y":1},"o":{"x":0,"y":0}},{"s":[542.088,562.658,0],"t":385,"i":{"x":1,"y":1},"o":{"x":0,"y":0}},{"s":[541.619,562.881,0],"t":387,"i":{"x":1,"y":1},"o":{"x":0,"y":0}},{"s":[541.085,562.99,0],"t":389,"i":{"x":1,"y":1},"o":{"x":0,"y":0}},{"s":[540.8,563,0],"t":390,"i":{"x":1,"y":1},"o":{"x":0,"y":0}},{"s":[540.507,562.979,0],"t":391,"i":{"x":1,"y":1},"o":{"x":0,"y":0}},{"s":[540.21,562.929,0],"t":392,"i":{"x":1,"y":1},"o":{"x":0,"y":0}},{"s":[539.91,562.85,0],"t":393,"i":{"x":1,"y":1},"o":{"x":0,"y":0}},{"s":[539.611,562.742,0],"t":394,"i":{"x":1,"y":1},"o":{"x":0,"y":0}},{"s":[539.316,562.607,0],"t":395,"i":{"x":1,"y":1},"o":{"x":0,"y":0}},{"s":[539.028,562.446,0],"t":396,"i":{"x":1,"y":1},"o":{"x":0,"y":0}},{"s":[538.749,562.26,0],"t":397,"i":{"x":1,"y":1},"o":{"x":0,"y":0}},{"s":[538.232,561.823,0],"t":399,"i":{"x":1,"y":1},"o":{"x":0,"y":0}},{"s":[537.786,561.313,0],"t":401,"i":{"x":1,"y":1},"o":{"x":0,"y":0}},{"s":[537.595,561.037,0],"t":402,"i":{"x":1,"y":1},"o":{"x":0,"y":0}},{"s":[537.428,560.751,0],"t":403,"i":{"x":1,"y":1},"o":{"x":0,"y":0}},{"s":[537.287,560.457,0],"t":404,"i":{"x":1,"y":1},"o":{"x":0,"y":0}},{"s":[537.172,560.159,0],"t":405,"i":{"x":1,"y":1},"o":{"x":0,"y":0}},{"s":[537.086,559.859,0],"t":406,"i":{"x":1,"y":1},"o":{"x":0,"y":0}},{"s":[537.03,559.561,0],"t":407,"i":{"x":1,"y":1},"o":{"x":0,"y":0}},{"s":[537.002,559.267,0],"t":408,"i":{"x":1,"y":1},"o":{"x":0,"y":0}},{"s":[537.005,558.98,0],"t":409,"i":{"x":1,"y":1},"o":{"x":0,"y":0}},{"s":[537.1,558.44,0],"t":411,"i":{"x":1,"y":1},"o":{"x":0,"y":0}},{"s":[537.311,557.962,0],"t":413,"i":{"x":1,"y":1},"o":{"x":0,"y":0}},{"s":[537.629,557.565,0],"t":415,"i":{"x":1,"y":1},"o":{"x":0,"y":0}},{"s":[538.041,557.266,0],"t":417,"i":{"x":1,"y":1},"o":{"x":0,"y":0}},{"s":[538.532,557.075,0],"t":419,"i":{"x":1,"y":1},"o":{"x":0,"y":0}},{"s":[538.8,557.023,0],"t":420,"i":{"x":1,"y":1},"o":{"x":0,"y":0}},{"s":[539.081,557.001,0],"t":421,"i":{"x":1,"y":1},"o":{"x":0,"y":0}},{"s":[539.37,557.009,0],"t":422,"i":{"x":1,"y":1},"o":{"x":0,"y":0}},{"s":[539.666,557.046,0],"t":423,"i":{"x":1,"y":1},"o":{"x":0,"y":0}},{"s":[539.965,557.114,0],"t":424,"i":{"x":1,"y":1},"o":{"x":0,"y":0}},{"s":[540.265,557.21,0],"t":425,"i":{"x":1,"y":1},"o":{"x":0,"y":0}},{"s":[540.562,557.334,0],"t":426,"i":{"x":1,"y":1},"o":{"x":0,"y":0}},{"s":[540.854,557.484,0],"t":427,"i":{"x":1,"y":1},"o":{"x":0,"y":0}},{"s":[541.136,557.66,0],"t":428,"i":{"x":1,"y":1},"o":{"x":0,"y":0}},{"s":[541.665,558.08,0],"t":430,"i":{"x":1,"y":1},"o":{"x":0,"y":0}},{"s":[542.128,558.576,0],"t":432,"i":{"x":1,"y":1},"o":{"x":0,"y":0}},{"s":[542.506,559.129,0],"t":434,"i":{"x":1,"y":1},"o":{"x":0,"y":0}},{"s":[542.658,559.42,0],"t":435,"i":{"x":1,"y":1},"o":{"x":0,"y":0}},{"s":[542.783,559.716,0],"t":436,"i":{"x":1,"y":1},"o":{"x":0,"y":0}},{"s":[542.881,560.016,0],"t":437,"i":{"x":1,"y":1},"o":{"x":0,"y":0}},{"s":[542.95,560.315,0],"t":438,"i":{"x":1,"y":1},"o":{"x":0,"y":0}},{"s":[542.99,560.612,0],"t":439,"i":{"x":1,"y":1},"o":{"x":0,"y":0}},{"s":[543,560.902,0],"t":440,"i":{"x":1,"y":1},"o":{"x":0,"y":0}},{"s":[542.929,561.452,0],"t":442,"i":{"x":1,"y":1},"o":{"x":0,"y":0}},{"s":[542.742,561.945,0],"t":444,"i":{"x":1,"y":1},"o":{"x":0,"y":0}},{"s":[542.446,562.36,0],"t":446,"i":{"x":1,"y":1},"o":{"x":0,"y":0}},{"s":[542.052,562.681,0],"t":448,"i":{"x":1,"y":1},"o":{"x":0,"y":0}},{"s":[541.576,562.895,0],"t":450,"i":{"x":1,"y":1},"o":{"x":0,"y":0}},{"s":[541.037,562.994,0],"t":452,"i":{"x":1,"y":1},"o":{"x":0,"y":0}},{"s":[540.751,562.998,0],"t":453,"i":{"x":1,"y":1},"o":{"x":0,"y":0}},{"s":[540.457,562.973,0],"t":454,"i":{"x":1,"y":1},"o":{"x":0,"y":0}},{"s":[540.159,562.918,0],"t":455,"i":{"x":1,"y":1},"o":{"x":0,"y":0}},{"s":[539.859,562.834,0],"t":456,"i":{"x":1,"y":1},"o":{"x":0,"y":0}},{"s":[539.561,562.721,0],"t":457,"i":{"x":1,"y":1},"o":{"x":0,"y":0}},{"s":[539.267,562.582,0],"t":458,"i":{"x":1,"y":1},"o":{"x":0,"y":0}},{"s":[538.98,562.416,0],"t":459,"i":{"x":1,"y":1},"o":{"x":0,"y":0}},{"s":[538.703,562.226,0],"t":460,"i":{"x":1,"y":1},"o":{"x":0,"y":0}},{"s":[538.192,561.783,0],"t":462,"i":{"x":1,"y":1},"o":{"x":0,"y":0}},{"s":[537.752,561.268,0],"t":464,"i":{"x":1,"y":1},"o":{"x":0,"y":0}},{"s":[537.565,560.99,0],"t":465,"i":{"x":1,"y":1},"o":{"x":0,"y":0}},{"s":[537.402,560.702,0],"t":466,"i":{"x":1,"y":1},"o":{"x":0,"y":0}},{"s":[537.266,560.408,0],"t":467,"i":{"x":1,"y":1},"o":{"x":0,"y":0}},{"s":[537.156,560.109,0],"t":468,"i":{"x":1,"y":1},"o":{"x":0,"y":0}},{"s":[537.075,559.809,0],"t":469,"i":{"x":1,"y":1},"o":{"x":0,"y":0}},{"s":[537.023,559.511,0],"t":470,"i":{"x":1,"y":1},"o":{"x":0,"y":0}},{"s":[537.001,559.218,0],"t":471,"i":{"x":1,"y":1},"o":{"x":0,"y":0}},{"s":[537.009,558.933,0],"t":472,"i":{"x":1,"y":1},"o":{"x":0,"y":0}},{"s":[537.114,558.397,0],"t":474,"i":{"x":1,"y":1},"o":{"x":0,"y":0}},{"s":[537.334,557.925,0],"t":476,"i":{"x":1,"y":1},"o":{"x":0,"y":0}},{"s":[537.859,557.377,0],"t":479,"i":{"x":1,"y":1},"o":{"x":0,"y":0}},{"s":[538.319,557.14,0],"t":481,"i":{"x":1,"y":1},"o":{"x":0,"y":0}},{"s":[538.846,557.017,0],"t":483,"i":{"x":1,"y":1},"o":{"x":0,"y":0}},{"s":[539.129,557,0],"t":484,"i":{"x":1,"y":1},"o":{"x":0,"y":0}},{"s":[539.42,557.013,0],"t":485,"i":{"x":1,"y":1},"o":{"x":0,"y":0}},{"s":[539.716,557.056,0],"t":486,"i":{"x":1,"y":1},"o":{"x":0,"y":0}},{"s":[540.016,557.128,0],"t":487,"i":{"x":1,"y":1},"o":{"x":0,"y":0}},{"s":[540.315,557.229,0],"t":488,"i":{"x":1,"y":1},"o":{"x":0,"y":0}},{"s":[540.612,557.357,0],"t":489,"i":{"x":1,"y":1},"o":{"x":0,"y":0}},{"s":[540.902,557.512,0],"t":490,"i":{"x":1,"y":1},"o":{"x":0,"y":0}},{"s":[541.183,557.692,0],"t":491,"i":{"x":1,"y":1},"o":{"x":0,"y":0}},{"s":[541.707,558.119,0],"t":493,"i":{"x":1,"y":1},"o":{"x":0,"y":0}},{"s":[542.163,558.62,0],"t":495,"i":{"x":1,"y":1},"o":{"x":0,"y":0}},{"s":[542.533,559.177,0],"t":497,"i":{"x":1,"y":1},"o":{"x":0,"y":0}},{"s":[542.681,559.469,0],"t":498,"i":{"x":1,"y":1},"o":{"x":0,"y":0}},{"s":[542.802,559.767,0],"t":499,"i":{"x":1,"y":1},"o":{"x":0,"y":0}},{"s":[542.895,560.066,0],"t":500,"i":{"x":1,"y":1},"o":{"x":0,"y":0}},{"s":[542.959,560.365,0],"t":501,"i":{"x":1,"y":1},"o":{"x":0,"y":0}},{"s":[542.994,560.661,0],"t":502,"i":{"x":1,"y":1},"o":{"x":0,"y":0}},{"s":[542.998,560.95,0],"t":503,"i":{"x":1,"y":1},"o":{"x":0,"y":0}},{"s":[542.918,561.496,0],"t":505,"i":{"x":1,"y":1},"o":{"x":0,"y":0}},{"s":[542.721,561.983,0],"t":507,"i":{"x":1,"y":1},"o":{"x":0,"y":0}},{"s":[542.416,562.391,0],"t":509,"i":{"x":1,"y":1},"o":{"x":0,"y":0}},{"s":[542.015,562.703,0],"t":511,"i":{"x":1,"y":1},"o":{"x":0,"y":0}},{"s":[541.533,562.908,0],"t":513,"i":{"x":1,"y":1},"o":{"x":0,"y":0}},{"s":[541.268,562.967,0],"t":514,"i":{"x":1,"y":1},"o":{"x":0,"y":0}},{"s":[540.99,562.996,0],"t":515,"i":{"x":1,"y":1},"o":{"x":0,"y":0}},{"s":[540.702,562.996,0],"t":516,"i":{"x":1,"y":1},"o":{"x":0,"y":0}},{"s":[540.408,562.966,0],"t":517,"i":{"x":1,"y":1},"o":{"x":0,"y":0}},{"s":[540.109,562.906,0],"t":518,"i":{"x":1,"y":1},"o":{"x":0,"y":0}},{"s":[539.809,562.817,0],"t":519,"i":{"x":1,"y":1},"o":{"x":0,"y":0}},{"s":[539.511,562.7,0],"t":520,"i":{"x":1,"y":1},"o":{"x":0,"y":0}},{"s":[539.218,562.555,0],"t":521,"i":{"x":1,"y":1},"o":{"x":0,"y":0}},{"s":[538.933,562.386,0],"t":522,"i":{"x":1,"y":1},"o":{"x":0,"y":0}},{"s":[538.397,561.977,0],"t":524,"i":{"x":1,"y":1},"o":{"x":0,"y":0}},{"s":[537.925,561.489,0],"t":526,"i":{"x":1,"y":1},"o":{"x":0,"y":0}},{"s":[537.536,560.942,0],"t":528,"i":{"x":1,"y":1},"o":{"x":0,"y":0}},{"s":[537.377,560.653,0],"t":529,"i":{"x":1,"y":1},"o":{"x":0,"y":0}},{"s":[537.245,560.358,0],"t":530,"i":{"x":1,"y":1},"o":{"x":0,"y":0}},{"s":[537.14,560.058,0],"t":531,"i":{"x":1,"y":1},"o":{"x":0,"y":0}},{"s":[537.064,559.759,0],"t":532,"i":{"x":1,"y":1},"o":{"x":0,"y":0}},{"s":[537.017,559.461,0],"t":533,"i":{"x":1,"y":1},"o":{"x":0,"y":0}},{"s":[537,559.169,0],"t":534,"i":{"x":1,"y":1},"o":{"x":0,"y":0}},{"s":[537.056,558.613,0],"t":536,"i":{"x":1,"y":1},"o":{"x":0,"y":0}},{"s":[537.229,558.112,0],"t":538,"i":{"x":1,"y":1},"o":{"x":0,"y":0}},{"s":[537.512,557.687,0],"t":540,"i":{"x":1,"y":1},"o":{"x":0,"y":0}},{"s":[537.895,557.353,0],"t":542,"i":{"x":1,"y":1},"o":{"x":0,"y":0}},{"s":[538.361,557.125,0],"t":544,"i":{"x":1,"y":1},"o":{"x":0,"y":0}},{"s":[538.893,557.012,0],"t":546,"i":{"x":1,"y":1},"o":{"x":0,"y":0}},{"s":[539.177,557,0],"t":547,"i":{"x":1,"y":1},"o":{"x":0,"y":0}},{"s":[539.469,557.018,0],"t":548,"i":{"x":1,"y":1},"o":{"x":0,"y":0}},{"s":[539.767,557.066,0],"t":549,"i":{"x":1,"y":1},"o":{"x":0,"y":0}},{"s":[540.066,557.143,0],"t":550,"i":{"x":1,"y":1},"o":{"x":0,"y":0}},{"s":[540.365,557.248,0],"t":551,"i":{"x":1,"y":1},"o":{"x":0,"y":0}},{"s":[540.661,557.381,0],"t":552,"i":{"x":1,"y":1},"o":{"x":0,"y":0}},{"s":[540.95,557.541,0],"t":553,"i":{"x":1,"y":1},"o":{"x":0,"y":0}},{"s":[541.229,557.724,0],"t":554,"i":{"x":1,"y":1},"o":{"x":0,"y":0}},{"s":[541.748,558.158,0],"t":556,"i":{"x":1,"y":1},"o":{"x":0,"y":0}},{"s":[542.198,558.665,0],"t":558,"i":{"x":1,"y":1},"o":{"x":0,"y":0}},{"s":[542.391,558.94,0],"t":559,"i":{"x":1,"y":1},"o":{"x":0,"y":0}},{"s":[542.56,559.226,0],"t":560,"i":{"x":1,"y":1},"o":{"x":0,"y":0}},{"s":[542.703,559.519,0],"t":561,"i":{"x":1,"y":1},"o":{"x":0,"y":0}},{"s":[542.819,559.817,0],"t":562,"i":{"x":1,"y":1},"o":{"x":0,"y":0}},{"s":[542.908,560.117,0],"t":563,"i":{"x":1,"y":1},"o":{"x":0,"y":0}},{"s":[542.967,560.415,0],"t":564,"i":{"x":1,"y":1},"o":{"x":0,"y":0}},{"s":[542.996,560.71,0],"t":565,"i":{"x":1,"y":1},"o":{"x":0,"y":0}},{"s":[542.996,560.997,0],"t":566,"i":{"x":1,"y":1},"o":{"x":0,"y":0}},{"s":[542.906,561.54,0],"t":568,"i":{"x":1,"y":1},"o":{"x":0,"y":0}},{"s":[542.7,562.021,0],"t":570,"i":{"x":1,"y":1},"o":{"x":0,"y":0}},{"s":[542.386,562.421,0],"t":572,"i":{"x":1,"y":1},"o":{"x":0,"y":0}},{"s":[541.977,562.725,0],"t":574,"i":{"x":1,"y":1},"o":{"x":0,"y":0}},{"s":[541.489,562.92,0],"t":576,"i":{"x":1,"y":1},"o":{"x":0,"y":0}},{"s":[541.222,562.974,0],"t":577,"i":{"x":1,"y":1},"o":{"x":0,"y":0}},{"s":[540.942,562.998,0],"t":578,"i":{"x":1,"y":1},"o":{"x":0,"y":0}},{"s":[540.653,562.993,0],"t":579,"i":{"x":1,"y":1},"o":{"x":0,"y":0}},{"s":[540.358,562.958,0],"t":580,"i":{"x":1,"y":1},"o":{"x":0,"y":0}},{"s":[540.058,562.893,0],"t":581,"i":{"x":1,"y":1},"o":{"x":0,"y":0}},{"s":[539.759,562.799,0],"t":582,"i":{"x":1,"y":1},"o":{"x":0,"y":0}},{"s":[539.461,562.677,0],"t":583,"i":{"x":1,"y":1},"o":{"x":0,"y":0}},{"s":[539.169,562.529,0],"t":584,"i":{"x":1,"y":1},"o":{"x":0,"y":0}},{"s":[538.886,562.355,0],"t":585,"i":{"x":1,"y":1},"o":{"x":0,"y":0}},{"s":[538.355,561.939,0],"t":587,"i":{"x":1,"y":1},"o":{"x":0,"y":0}},{"s":[537.889,561.445,0],"t":589,"i":{"x":1,"y":1},"o":{"x":0,"y":0}},{"s":[537.508,560.894,0],"t":591,"i":{"x":1,"y":1},"o":{"x":0,"y":0}},{"s":[537.353,560.604,0],"t":592,"i":{"x":1,"y":1},"o":{"x":0,"y":0}},{"s":[537.226,560.307,0],"t":593,"i":{"x":1,"y":1},"o":{"x":0,"y":0}},{"s":[537.125,560.008,0],"t":594,"i":{"x":1,"y":1},"o":{"x":0,"y":0}},{"s":[537.054,559.708,0],"t":595,"i":{"x":1,"y":1},"o":{"x":0,"y":0}},{"s":[537.012,559.412,0],"t":596,"i":{"x":1,"y":1},"o":{"x":0,"y":0}},{"s":[537,559.121,0],"t":597,"i":{"x":1,"y":1},"o":{"x":0,"y":0}}],"l":2},"a":{"a":0,"k":[280,280,0],"ix":1,"l":2},"s":{"k":[{"s":[0,0,100],"t":0,"i":{"x":[1,1,1],"y":[1,1,1]},"o":{"x":[0,0,0],"y":[0,0,0]}},{"s":[19.091,19.091,100],"t":1,"i":{"x":[1,1,1],"y":[1,1,1]},"o":{"x":[0,0,0],"y":[0,0,0]}},{"s":[40.753,40.753,100],"t":2,"i":{"x":[1,1,1],"y":[1,1,1]},"o":{"x":[0,0,0],"y":[0,0,0]}},{"s":[62.121,62.121,100],"t":3,"i":{"x":[1,1,1],"y":[1,1,1]},"o":{"x":[0,0,0],"y":[0,0,0]}},{"s":[81.171,81.171,100],"t":4,"i":{"x":[1,1,1],"y":[1,1,1]},"o":{"x":[0,0,0],"y":[0,0,0]}},{"s":[96.683,96.683,100],"t":5,"i":{"x":[1,1,1],"y":[1,1,1]},"o":{"x":[0,0,0],"y":[0,0,0]}},{"s":[108.129,108.129,100],"t":6,"i":{"x":[1,1,1],"y":[1,1,1]},"o":{"x":[0,0,0],"y":[0,0,0]}},{"s":[115.531,115.531,100],"t":7,"i":{"x":[1,1,1],"y":[1,1,1]},"o":{"x":[0,0,0],"y":[0,0,0]}},{"s":[119.305,119.305,100],"t":8,"i":{"x":[1,1,1],"y":[1,1,1]},"o":{"x":[0,0,0],"y":[0,0,0]}},{"s":[120.107,120.107,100],"t":9,"i":{"x":[1,1,1],"y":[1,1,1]},"o":{"x":[0,0,0],"y":[0,0,0]}},{"s":[118.7,118.7,100],"t":10,"i":{"x":[1,1,1],"y":[1,1,1]},"o":{"x":[0,0,0],"y":[0,0,0]}},{"s":[115.847,115.847,100],"t":11,"i":{"x":[1,1,1],"y":[1,1,1]},"o":{"x":[0,0,0],"y":[0,0,0]}},{"s":[112.24,112.24,100],"t":12,"i":{"x":[1,1,1],"y":[1,1,1]},"o":{"x":[0,0,0],"y":[0,0,0]}},{"s":[108.447,108.447,100],"t":13,"i":{"x":[1,1,1],"y":[1,1,1]},"o":{"x":[0,0,0],"y":[0,0,0]}},{"s":[104.896,104.896,100],"t":14,"i":{"x":[1,1,1],"y":[1,1,1]},"o":{"x":[0,0,0],"y":[0,0,0]}},{"s":[101.868,101.868,100],"t":15,"i":{"x":[1,1,1],"y":[1,1,1]},"o":{"x":[0,0,0],"y":[0,0,0]}},{"s":[99.513,99.513,100],"t":16,"i":{"x":[1,1,1],"y":[1,1,1]},"o":{"x":[0,0,0],"y":[0,0,0]}},{"s":[97.874,97.874,100],"t":17,"i":{"x":[1,1,1],"y":[1,1,1]},"o":{"x":[0,0,0],"y":[0,0,0]}},{"s":[96.908,96.908,100],"t":18,"i":{"x":[1,1,1],"y":[1,1,1]},"o":{"x":[0,0,0],"y":[0,0,0]}},{"s":[96.521,96.521,100],"t":19,"i":{"x":[1,1,1],"y":[1,1,1]},"o":{"x":[0,0,0],"y":[0,0,0]}},{"s":[96.586,96.586,100],"t":20,"i":{"x":[1,1,1],"y":[1,1,1]},"o":{"x":[0,0,0],"y":[0,0,0]}},{"s":[96.97,96.97,100],"t":21,"i":{"x":[1,1,1],"y":[1,1,1]},"o":{"x":[0,0,0],"y":[0,0,0]}},{"s":[97.543,97.543,100],"t":22,"i":{"x":[1,1,1],"y":[1,1,1]},"o":{"x":[0,0,0],"y":[0,0,0]}},{"s":[98.197,98.197,100],"t":23,"i":{"x":[1,1,1],"y":[1,1,1]},"o":{"x":[0,0,0],"y":[0,0,0]}},{"s":[98.843,98.843,100],"t":24,"i":{"x":[1,1,1],"y":[1,1,1]},"o":{"x":[0,0,0],"y":[0,0,0]}},{"s":[99.42,99.42,100],"t":25,"i":{"x":[1,1,1],"y":[1,1,1]},"o":{"x":[0,0,0],"y":[0,0,0]}},{"s":[99.891,99.891,100],"t":26,"i":{"x":[1,1,1],"y":[1,1,1]},"o":{"x":[0,0,0],"y":[0,0,0]}},{"s":[100.239,100.239,100],"t":27,"i":{"x":[1,1,1],"y":[1,1,1]},"o":{"x":[0,0,0],"y":[0,0,0]}},{"s":[100.465,100.465,100],"t":28,"i":{"x":[1,1,1],"y":[1,1,1]},"o":{"x":[0,0,0],"y":[0,0,0]}},{"s":[100.582,100.582,100],"t":29,"i":{"x":[1,1,1],"y":[1,1,1]},"o":{"x":[0,0,0],"y":[0,0,0]}},{"s":[100.566,100.566,100],"t":31,"i":{"x":[1,1,1],"y":[1,1,1]},"o":{"x":[0,0,0],"y":[0,0,0]}},{"s":[100.481,100.481,100],"t":32,"i":{"x":[1,1,1],"y":[1,1,1]},"o":{"x":[0,0,0],"y":[0,0,0]}},{"s":[100.372,100.372,100],"t":33,"i":{"x":[1,1,1],"y":[1,1,1]},"o":{"x":[0,0,0],"y":[0,0,0]}},{"s":[100.246,100.246,100],"t":34,"i":{"x":[1,1,1],"y":[1,1,1]},"o":{"x":[0,0,0],"y":[0,0,0]}},{"s":[100.126,100.126,100],"t":35,"i":{"x":[1,1,1],"y":[1,1,1]},"o":{"x":[0,0,0],"y":[0,0,0]}},{"s":[100.042,100.042,100],"t":36,"i":{"x":[1,1,1],"y":[1,1,1]},"o":{"x":[0,0,0],"y":[0,0,0]}}],"l":2}},"ao":0,"ef":[{"ty":5,"nm":"AC IN [NWX] Controls","np":4,"mn":"Pseudo/MHAC PrCtrl NWX 10","ix":1,"en":1,"ef":[{"ty":0,"nm":"Number of bounces","mn":"Pseudo/MHAC PrCtrl NWX 10-0001","ix":1,"v":{"a":0,"k":2,"ix":1}},{"ty":0,"nm":"Scale","mn":"Pseudo/MHAC PrCtrl NWX 10-0002","ix":2,"v":{"a":0,"k":0,"ix":2}}]},{"ty":5,"nm":"AC FX [QJF] Controls","np":8,"mn":"Pseudo/MHAC PrCtrl QJF 9","ix":2,"en":1,"ef":[{"ty":0,"nm":"Intensity","mn":"Pseudo/MHAC PrCtrl QJF 9-0001","ix":1,"v":{"a":0,"k":2,"ix":1}},{"ty":3,"nm":"XY Motion Range","mn":"Pseudo/MHAC PrCtrl QJF 9-0002","ix":2,"v":{"a":0,"k":[150,150],"ix":2}},{"ty":0,"nm":"X Frequency","mn":"Pseudo/MHAC PrCtrl QJF 9-0003","ix":3,"v":{"a":0,"k":6,"ix":3}},{"ty":0,"nm":"Y Frequency","mn":"Pseudo/MHAC PrCtrl QJF 9-0004","ix":4,"v":{"a":0,"k":6,"ix":4}},{"ty":0,"nm":"X Time Offset","mn":"Pseudo/MHAC PrCtrl QJF 9-0005","ix":5,"v":{"a":0,"k":0,"ix":5}},{"ty":0,"nm":"Y Time Offset","mn":"Pseudo/MHAC PrCtrl QJF 9-0006","ix":6,"v":{"a":0,"k":5,"ix":6}}]}],"w":560,"h":560,"ip":0,"op":600,"st":0,"bm":0}],"markers":[],"props":{}}