{"v":"5.12.1","fr":60,"ip":0,"op":600,"w":1080,"h":1920,"nm":"vertical_two_assets","ddd":0,"assets":[{"id":"a_2","w":1920,"h":1920,"u":"images/","p":"a_2.png","e":0},{"id":"a_1","w":1920,"h":1920,"u":"images/","p":"a_1.png","e":0},{"id":"comp_0","nm":"a_2","fr":60,"layers":[{"ddd":0,"ind":1,"ty":2,"nm":"a_2","refId":"a_2","sr":1,"ks":{"o":{"a":0,"k":100,"ix":11},"r":{"a":0,"k":0,"ix":10},"p":{"a":0,"k":[540,480,0],"ix":2,"l":2},"a":{"a":0,"k":[960,960,0],"ix":1,"l":2},"s":{"a":0,"k":[56.25,56.25,100],"ix":6,"l":2}},"ao":0,"ip":0,"op":600,"st":0,"bm":0}]},{"id":"comp_1","nm":"a_1","fr":60,"layers":[{"ddd":0,"ind":1,"ty":2,"nm":"a_1","refId":"a_1","sr":1,"ks":{"o":{"a":0,"k":100,"ix":11},"r":{"a":0,"k":0,"ix":10},"p":{"a":0,"k":[1080,960,0],"ix":2,"l":2},"a":{"a":0,"k":[960,960,0],"ix":1,"l":2},"s":{"a":0,"k":[112.5,112.5,100],"ix":6,"l":2}},"ao":0,"ip":0,"op":600,"st":0,"bm":0}]}],"layers":[{"ddd":0,"ind":1,"ty":0,"nm":"a_2","refId":"comp_0","sr":1,"ks":{"o":{"a":0,"k":100,"ix":11},"r":{"a":0,"k":0,"ix":10},"p":{"a":1,"k":[{"i":{"x":0.7,"y":1},"o":{"x":0.9,"y":0},"t":0,"s":[540,-960,0],"to":[0,0,0],"ti":[0,0,0]},{"t":30,"s":[540,0,0]}],"ix":2,"l":2},"a":{"a":0,"k":[540,0,0],"ix":1,"l":2},"s":{"a":0,"k":[100,100,100],"ix":6,"l":2}},"ao":0,"w":1080,"h":960,"ip":0,"op":600,"st":0,"bm":0},{"ddd":0,"ind":2,"ty":0,"nm":"a_1","refId":"comp_1","sr":1,"ks":{"o":{"a":0,"k":100,"ix":11},"r":{"a":0,"k":0,"ix":10},"p":{"a":0,"k":[540,1920,0],"ix":2,"l":2},"a":{"a":0,"k":[1080,1920,0],"ix":1,"l":2},"s":{"a":1,"k":[{"i":{"x":[0.7,0.7,0.7],"y":[1,1,1]},"o":{"x":[0.9,0.9,0.9],"y":[0,0,0]},"t":0,"s":[100,100,100]},{"t":30,"s":[50,50,100]}],"ix":6,"l":2}},"ao":0,"w":2160,"h":1920,"ip":0,"op":600,"st":0,"bm":0}],"markers":[],"props":{}}