{"v":"5.12.1","fr":60,"ip":0,"op":600,"w":1080,"h":1920,"nm":"video-1-logo-1","ddd":0,"assets":[{"id":"a_2","w":1920,"h":1920,"u":"images/","p":"a_2.png","e":0},{"id":"a_1","w":1920,"h":1920,"u":"images/","p":"a_1.png","e":0},{"id":"comp_0","nm":"a-2","fr":60,"layers":[{"ddd":0,"ind":1,"ty":2,"nm":"a_2","refId":"a_2","sr":1,"ks":{"o":{"a":0,"k":100,"ix":11},"r":{"a":0,"k":0,"ix":10},"p":{"a":0,"k":[440,112.5,0],"ix":2,"l":2},"a":{"a":0,"k":[960,960,0],"ix":1,"l":2},"s":{"a":0,"k":[45.833,45.833,100],"ix":6,"l":2}},"ao":0,"ip":0,"op":600,"st":0,"bm":0}]},{"id":"comp_1","nm":"a-1","fr":60,"layers":[{"ddd":0,"ind":1,"ty":2,"nm":"a_1","refId":"a_1","sr":1,"ks":{"o":{"a":0,"k":100,"ix":11},"r":{"a":0,"k":0,"ix":10},"p":{"a":0,"k":[440,330,0],"ix":2,"l":2},"a":{"a":0,"k":[960,960,0],"ix":1,"l":2},"s":{"a":0,"k":[45.833,45.833,100],"ix":6,"l":2}},"ao":0,"ip":0,"op":600,"st":0,"bm":0}]}],"layers":[{"ddd":0,"ind":1,"ty":0,"nm":"a-2","refId":"comp_0","sr":1,"ks":{"o":{"a":1,"k":[{"i":{"x":[0.1],"y":[1]},"o":{"x":[0.167],"y":[0.167]},"t":15,"s":[0]},{"t":30,"s":[100]}],"ix":11},"r":{"a":0,"k":0,"ix":10},"p":{"a":0,"k":[540,1248.5,0],"ix":2,"l":2},"a":{"a":0,"k":[440,112.5,0],"ix":1,"l":2},"s":{"a":0,"k":[100,100,100],"ix":6,"l":2}},"ao":0,"w":880,"h":225,"ip":15,"op":615,"st":15,"bm":0},{"ddd":0,"ind":2,"ty":0,"nm":"a-1","refId":"comp_1","sr":1,"ks":{"o":{"a":1,"k":[{"i":{"x":[0.1],"y":[1]},"o":{"x":[0.167],"y":[0.167]},"t":0,"s":[0]},{"t":15,"s":[100]}],"ix":11},"r":{"a":0,"k":0,"ix":10},"p":{"a":0,"k":[540,716,0],"ix":2,"l":2},"a":{"a":0,"k":[440,330,0],"ix":1,"l":2},"s":{"a":0,"k":[100,100,100],"ix":6,"l":2}},"ao":0,"w":880,"h":660,"ip":0,"op":600,"st":0,"bm":0}],"markers":[],"props":{}}